prediction_row_index,fecha_hora_local,station_id,risk_class_1h,prediction,is_error,probability_0,probability_1,probability_2
112515,2022-11-12 01:00:00,243,2,2,False,0.3509283,0.0007745154,0.6482972
356855,2022-12-05 06:00:00,71,2,0,True,0.7205741,0.00084213633,0.27858374
352719,2022-12-13 04:00:00,64,0,0,False,0.9978492,0.0010445727,0.001106216
188200,2022-11-07 14:00:00,99,0,0,False,0.81957567,0.0014841248,0.1789402
276367,2022-12-16 06:00:00,208,0,0,False,0.99706227,0.002395847,0.0005418222
331911,2022-12-17 18:00:00,38,1,1,False,0.0028777153,0.99693286,0.0001894424
22853,2022-11-29 21:00:00,127,0,0,False,0.9939109,0.005039956,0.001049102
145761,2022-11-26 21:00:00,42,0,0,False,0.8687173,0.0023640285,0.12891868
65755,2022-11-29 23:00:00,181,2,0,True,0.58428675,0.0012601631,0.4144531
30670,2022-11-27 21:00:00,137,0,0,False,0.9457297,0.053947087,0.00032324105
50557,2022-11-22 08:00:00,162,2,0,True,0.8280628,0.010328687,0.16160858
62416,2022-11-10 00:00:00,178,0,0,False,0.99433845,0.0054007135,0.0002608927
77534,2022-11-14 07:00:00,197,1,0,True,0.9745787,0.024973802,0.00044747468
43122,2022-11-10 11:00:00,153,2,0,True,0.7059017,0.00102459,0.2930737
52535,2022-11-15 09:00:00,165,2,2,False,0.094999276,0.0012751952,0.9037255
154477,2022-11-02 13:00:00,54,1,0,True,0.61833084,0.3813377,0.00033145805
244498,2022-12-10 05:00:00,169,0,0,False,0.99607253,0.0026343048,0.0012932325
9323,2022-11-02 04:00:00,110,0,0,False,0.9922735,0.0076024616,0.00012395518
173659,2022-11-27 10:00:00,8,1,1,False,0.31710005,0.6825306,0.00036933247
302499,2022-12-24 12:00:00,243,0,0,False,0.9953572,0.002237247,0.0024055091
149493,2022-11-03 13:00:00,48,1,1,False,0.1806699,0.81877255,0.000557549
108972,2022-11-13 09:00:00,238,2,2,False,0.1831437,0.0005186046,0.81633765
186399,2022-11-22 00:00:00,96,1,1,False,0.05115694,0.94874406,9.9051686e-05
239916,2022-12-30 12:00:00,162,0,0,False,0.99537873,0.0042784093,0.0003428588
98682,2022-11-01 12:00:00,224,2,2,False,0.20383276,0.000755408,0.7954118
347353,2022-12-30 20:00:00,57,2,0,True,0.66306275,0.0013013008,0.3356359
300138,2022-12-15 08:00:00,240,0,0,False,0.96869284,0.030384725,0.0009223729
27315,2022-11-07 04:00:00,133,2,2,False,0.0597143,0.00036116102,0.9399246
3573,2022-11-30 22:00:00,102,1,0,True,0.8340229,0.16579702,0.00018013225
186294,2022-11-17 15:00:00,96,1,0,True,0.9610614,0.0386729,0.00026565758
47980,2022-11-04 06:00:00,16,1,1,False,0.0011517868,0.99877673,7.143512e-05
66447,2022-11-29 00:00:00,182,2,0,True,0.89355665,0.0004955632,0.1059478
106150,2022-11-14 23:00:00,234,2,2,False,0.18072712,0.00061424484,0.8186586
3638,2022-11-03 18:00:00,103,1,1,False,0.46671194,0.5329124,0.00037567763
331745,2022-12-10 11:00:00,38,1,1,False,0.0009835492,0.9989489,6.765559e-05
72305,2022-11-04 21:00:00,190,1,0,True,0.989301,0.009584649,0.0011143336
378071,2022-12-18 10:00:00,98,0,0,False,0.9408227,0.05895897,0.00021830101
177135,2022-11-23 07:00:00,84,2,0,True,0.67057115,0.001262255,0.32816663
328555,2022-12-28 16:00:00,33,2,0,True,0.99137783,0.0028913552,0.005730857
130644,2022-11-22 15:00:00,267,0,0,False,0.9979261,0.0012810037,0.0007928782
61632,2022-11-07 01:00:00,177,2,2,False,0.044222485,0.00031439227,0.9554631
259213,2022-12-23 10:00:00,187,0,2,True,0.3649811,0.00065880903,0.6343601
240613,2022-12-29 12:00:00,163,1,1,False,0.3368144,0.66290426,0.00028131853
101837,2022-11-14 00:00:00,228,2,2,False,0.035449583,0.00028855706,0.9642619
157396,2022-11-05 03:00:00,58,1,1,False,0.052288074,0.9475301,0.00018179818
331264,2022-12-21 09:00:00,37,1,1,False,0.09222208,0.9075424,0.00023544257
50226,2022-11-08 13:00:00,162,0,0,False,0.91693956,0.00076421426,0.08229623
104824,2022-11-19 07:00:00,232,2,2,False,0.36049896,0.0007790696,0.63872194
363544,2022-12-13 14:00:00,8,1,1,False,0.36754957,0.6321503,0.00030012618
274080,2022-12-11 02:00:00,205,0,0,False,0.99846625,0.0009398395,0.00059394335
57107,2022-11-27 03:00:00,170,1,1,False,0.15293495,0.8468549,0.00021011132
254735,2022-12-16 04:00:00,181,2,2,False,0.034292407,0.00030317754,0.9654044
96694,2022-11-08 04:00:00,221,2,2,False,0.028119188,0.000248687,0.97163206
329553,2022-12-09 06:00:00,35,1,1,False,0.0010990358,0.998833,6.800959e-05
151297,2022-11-19 05:00:00,5,1,1,False,0.035682265,0.96422225,9.55575e-05
69523,2022-11-08 03:00:00,187,2,2,False,0.13367434,0.0005881654,0.86573744
161592,2022-11-01 02:00:00,63,2,2,False,0.11797193,0.0005921968,0.88143593
218017,2022-12-19 05:00:00,135,2,2,False,0.08214448,0.00048109694,0.9173744
289727,2022-12-02 03:00:00,226,2,2,False,0.081583194,0.00039805137,0.9180187
92722,2022-11-21 12:00:00,215,1,1,False,0.41351795,0.5859904,0.000491603
258823,2022-12-06 06:00:00,187,0,0,False,0.9980051,0.00080571754,0.0011892543
294105,2022-12-04 07:00:00,232,2,2,False,0.06415893,0.00034822634,0.9354928
296842,2022-12-29 03:00:00,235,2,2,False,0.11085649,0.00057156873,0.888572
162340,2022-11-02 11:00:00,64,2,2,False,0.15114583,0.0006084147,0.8482457
173914,2022-11-08 04:00:00,80,2,2,False,0.036135536,0.00033312853,0.9635314
356841,2022-12-04 16:00:00,71,2,2,False,0.10490824,0.00049858436,0.8945931
55970,2022-11-09 13:00:00,17,1,1,False,0.23446378,0.7652241,0.00031208203
162548,2022-11-11 08:00:00,64,2,0,True,0.8420066,0.0090358155,0.14895761
373396,2022-12-03 12:00:00,92,2,2,False,0.39258972,0.0007512404,0.606659
319008,2022-12-21 10:00:00,265,2,2,False,0.35702226,0.00093473605,0.64204305
28868,2022-11-12 09:00:00,135,2,0,True,0.5778924,0.0008963043,0.42121127
321230,2022-12-23 21:00:00,268,1,1,False,0.061789263,0.9381022,0.0001085597
145995,2022-11-06 18:00:00,43,2,0,True,0.92502546,0.0055499696,0.06942454
45698,2022-11-28 10:00:00,156,1,1,False,0.0010649306,0.99886394,7.109371e-05
203064,2022-12-27 03:00:00,116,0,0,False,0.9554785,0.000586627,0.04393485
361060,2022-12-31 04:00:00,76,0,0,False,0.9973876,0.0007662788,0.0018461606
272498,2022-12-05 06:00:00,203,0,0,False,0.97378165,0.025999486,0.00021881395
290824,2022-12-18 04:00:00,227,2,2,False,0.044134866,0.00035744178,0.95550764
326250,2022-12-22 18:00:00,30,0,0,False,0.96714795,0.00254409,0.030307958
359081,2022-12-07 21:00:00,74,0,0,False,0.9976236,0.0013948132,0.0009815467
347995,2022-12-27 13:00:00,58,0,0,False,0.994693,0.00423682,0.0010701475
61634,2022-11-07 03:00:00,177,2,2,False,0.028190358,0.00026808164,0.97154164
305891,2022-12-14 17:00:00,248,1,1,False,0.1905736,0.8092432,0.00018316614
321795,2022-12-16 11:00:00,269,2,2,False,0.11181304,0.00049626967,0.8876907
337812,2022-12-23 20:00:00,45,2,2,False,0.30756333,0.0010200792,0.6914166
262527,2022-12-10 09:00:00,191,0,0,False,0.9962025,0.0035650877,0.0002324075
268055,2022-12-31 08:00:00,198,1,1,False,0.24406044,0.7556858,0.00025377865
104754,2022-11-16 09:00:00,232,1,0,True,0.67272973,0.32537952,0.0018907861
259205,2022-12-23 02:00:00,187,2,0,True,0.94847053,0.0006373437,0.050892115
275008,2022-12-20 15:00:00,206,2,0,True,0.9558706,0.0011794632,0.042949893
287468,2022-12-29 02:00:00,222,0,0,False,0.9781477,0.021740697,0.0001116399
186251,2022-11-15 20:00:00,96,1,1,False,0.09143702,0.90841013,0.000152876
216470,2022-12-14 00:00:00,133,0,0,False,0.8975547,0.000784933,0.10166037
25460,2022-11-19 08:00:00,130,0,0,False,0.99636793,0.0027499176,0.0008821931
72036,2022-11-23 13:00:00,19,0,1,True,0.41765934,0.5820883,0.00025237518
120381,2022-11-12 02:00:00,253,0,0,False,0.9951539,0.0027733033,0.0020727844
313858,2022-12-16 05:00:00,259,2,2,False,0.09066255,0.0004812766,0.90885615
129042,2022-11-15 11:00:00,265,2,2,False,0.3830473,0.0010030954,0.6159496
313857,2022-12-16 04:00:00,259,2,0,True,0.59417516,0.0007825647,0.4050423
368978,2022-12-30 15:00:00,86,0,1,True,0.27300972,0.7267786,0.000211652
118428,2022-11-20 02:00:00,250,1,1,False,0.0010170706,0.9989171,6.5819615e-05
41596,2022-11-06 09:00:00,151,0,0,False,0.9679739,0.031735394,0.00029073088
224177,2022-12-04 16:00:00,143,1,1,False,0.0010711463,0.9988611,6.783531e-05
29360,2022-11-03 00:00:00,136,2,2,False,0.21953931,0.0006844413,0.7797762
279257,2022-12-16 12:00:00,211,2,0,True,0.56493586,0.0008333467,0.43423083
267363,2022-12-01 14:00:00,198,0,0,False,0.9896151,0.009274669,0.0011102019
65690,2022-11-27 06:00:00,181,2,2,False,0.07044408,0.00035194732,0.9292039
224620,2022-12-24 01:00:00,143,1,1,False,0.0010395171,0.99889106,6.948276e-05
277269,2022-12-24 17:00:00,209,0,0,False,0.90196466,0.09778668,0.00024862654
60727,2022-11-29 00:00:00,175,2,0,True,0.563191,0.00080432696,0.43600467
94403,2022-11-01 23:00:00,218,1,1,False,0.12920426,0.8706543,0.00014140579
40500,2022-11-20 09:00:00,15,0,0,False,0.9286636,0.071179055,0.00015734791
241761,2022-12-16 08:00:00,165,2,2,False,0.12438198,0.001387785,0.8742302
61320,2022-11-23 22:00:00,176,2,2,False,0.11929874,0.00059528655,0.880106
92801,2022-11-24 19:00:00,215,0,0,False,0.9897142,0.00831619,0.0019695594
145624,2022-11-21 04:00:00,42,0,0,False,0.8618308,0.00070738717,0.13746186
357552,2022-12-04 06:00:00,72,0,0,False,0.99792755,0.0009539637,0.0011184227
290837,2022-12-19 04:00:00,227,2,2,False,0.03797743,0.00036455906,0.961658
103987,2022-11-14 05:00:00,231,2,2,False,0.07411352,0.00039941914,0.92548704
287783,2022-12-11 06:00:00,223,2,0,True,0.74201816,0.0008150629,0.25716674
89371,2022-11-30 20:00:00,210,0,0,False,0.68990976,0.00091789605,0.30917236
224586,2022-12-22 15:00:00,143,1,1,False,0.0010244905,0.9989114,6.418274e-05
354636,2022-12-02 22:00:00,67,0,0,False,0.9495892,0.050178643,0.00023222496
656,2022-11-28 13:00:00,1,1,1,False,0.05173231,0.9481508,0.00011690771
113785,2022-11-05 07:00:00,245,1,1,False,0.0010453685,0.99888605,6.862402e-05
330796,2022-12-31 22:00:00,36,2,2,False,0.21860915,0.0008438344,0.78054696
113035,2022-11-03 20:00:00,244,2,0,True,0.66710997,0.0011034814,0.33178654
297395,2022-12-22 03:00:00,236,2,2,False,0.04782768,0.00039375137,0.9517786
199852,2022-12-12 13:00:00,112,0,0,False,0.84791476,0.1517352,0.00035006765
170610,2022-11-19 13:00:00,76,0,0,False,0.977523,0.021731248,0.00074567035
94752,2022-11-16 17:00:00,218,0,0,False,0.9965739,0.003137169,0.00028895482
252102,2022-12-27 13:00:00,178,1,0,True,0.9022979,0.097491026,0.00021105437
295347,2022-12-26 22:00:00,233,0,0,False,0.98990065,0.00049402076,0.009605313
319031,2022-12-22 09:00:00,265,0,0,False,0.98978615,0.0073520713,0.0028618064
361293,2022-12-09 22:00:00,77,0,0,False,0.9966409,0.0013914393,0.0019676145
131277,2022-11-19 05:00:00,268,0,0,False,0.8896573,0.11016016,0.00018259787
293583,2022-12-12 14:00:00,231,0,0,False,0.9978301,0.0012795924,0.0008903087
4736,2022-11-19 19:00:00,104,1,0,True,0.9208146,0.07879572,0.00038965783
130593,2022-11-20 12:00:00,267,0,0,False,0.9972543,0.002115382,0.0006303261
106677,2022-11-07 01:00:00,235,2,2,False,0.09892527,0.00050667796,0.90056807
370674,2022-12-10 06:00:00,89,1,1,False,0.001067754,0.99886334,6.8929476e-05
134285,2022-11-25 09:00:00,28,1,1,False,0.0034943332,0.99637324,0.00013237064
59076,2022-11-19 19:00:00,173,0,0,False,0.98998463,0.0009966521,0.009018762
302708,2022-12-02 06:00:00,244,2,2,False,0.47623402,0.0007707161,0.5229953
362526,2022-12-01 05:00:00,79,2,2,False,0.13654408,0.0005964257,0.8628595
8101,2022-11-11 01:00:00,109,1,1,False,0.043177593,0.9566982,0.00012425375
303969,2022-12-25 16:00:00,245,1,1,False,0.0010605296,0.99886847,7.098895e-05
53089,2022-11-08 16:00:00,166,0,0,False,0.8198231,0.17982551,0.00035135413
377177,2022-12-10 20:00:00,97,0,0,False,0.9963546,0.001269908,0.00237549
167816,2022-11-22 07:00:00,72,0,0,False,0.9929671,0.002554064,0.0044788537
129584,2022-11-08 04:00:00,266,0,0,False,0.98926276,0.010588521,0.00014865115
41810,2022-11-15 09:00:00,151,2,2,False,0.12527803,0.0007479463,0.873974
243435,2022-12-26 22:00:00,167,0,0,False,0.9912389,0.0084312,0.00032991671
62686,2022-11-21 06:00:00,178,2,2,False,0.1112881,0.00040772746,0.8883042
136060,2022-11-09 23:00:00,30,1,0,True,0.64709747,0.35255265,0.00034987825
254882,2022-12-23 05:00:00,181,2,2,False,0.043385994,0.00036004148,0.956254
335504,2022-12-16 21:00:00,42,2,2,False,0.085853785,0.00049969205,0.9136465
291020,2022-12-26 21:00:00,227,2,2,False,0.31780007,0.0008512436,0.6813487
181572,2022-11-29 10:00:00,9,2,2,False,0.25248137,0.0006983994,0.7468202
97525,2022-11-13 02:00:00,222,1,1,False,0.09290831,0.90695506,0.00013662221
296262,2022-12-04 01:00:00,235,0,0,False,0.9963833,0.0010551017,0.002561606
335998,2022-12-07 10:00:00,43,1,0,True,0.89233375,0.10745222,0.0002140838
223717,2022-12-15 13:00:00,142,1,1,False,0.0011164544,0.99880624,7.735691e-05
311918,2022-12-26 10:00:00,256,0,0,False,0.9787814,0.020910889,0.0003076565
142321,2022-11-02 12:00:00,39,0,0,False,0.9930434,0.005696654,0.0012598981
11180,2022-11-20 04:00:00,112,1,1,False,0.07208041,0.9276981,0.00022149213
55782,2022-11-01 12:00:00,17,1,1,False,0.17243999,0.8272628,0.0002971483
172555,2022-11-11 05:00:00,79,2,2,False,0.04686857,0.0006718504,0.95245963
113994,2022-11-14 02:00:00,245,1,1,False,0.0010799259,0.99885356,6.656083e-05
158142,2022-11-06 10:00:00,59,1,0,True,0.6792691,0.3200615,0.0006694513
328402,2022-12-22 07:00:00,33,0,0,False,0.9631564,0.036386635,0.0004569668
63940,2022-11-13 22:00:00,18,1,1,False,0.14172404,0.8580138,0.00026211262
78888,2022-11-11 03:00:00,199,1,1,False,0.0778134,0.9219968,0.00018982282
238644,2022-12-06 15:00:00,161,0,0,False,0.9959959,0.0034810298,0.00052307773
64544,2022-11-09 07:00:00,180,2,2,False,0.099488445,0.00053494994,0.8999766
157121,2022-11-23 13:00:00,57,1,1,False,0.44329664,0.556365,0.0003383347
361547,2022-12-21 10:00:00,77,0,0,False,0.98489285,0.014464235,0.00064290053
223543,2022-12-08 07:00:00,142,1,1,False,0.001086999,0.99882525,8.768964e-05
31687,2022-11-10 16:00:00,139,1,1,False,0.3841813,0.6155152,0.00030348566
6470,2022-11-02 11:00:00,107,2,0,True,0.84748936,0.0009838438,0.15152685
63637,2022-11-01 02:00:00,18,1,1,False,0.019275924,0.98047984,0.00024419493
22404,2022-11-11 04:00:00,127,2,2,False,0.0802254,0.00053729274,0.9192374
234469,2022-12-12 22:00:00,156,1,1,False,0.0010322678,0.99889475,7.304557e-05
23174,2022-11-13 11:00:00,128,2,0,True,0.9555981,0.0011102213,0.043291718
290476,2022-12-03 07:00:00,227,0,0,False,0.9928041,0.005888113,0.001307784
112516,2022-11-12 02:00:00,243,2,2,False,0.07056326,0.0004248783,0.9290118
105881,2022-11-03 16:00:00,234,1,0,True,0.5273232,0.47239754,0.00027929014
302841,2022-12-07 19:00:00,244,1,1,False,0.25998607,0.73963237,0.0003815299
151078,2022-11-10 02:00:00,5,1,1,False,0.033327654,0.96655077,0.000121614394
365346,2022-12-29 12:00:00,81,0,0,False,0.990284,0.00923678,0.00047911945
345099,2022-12-27 01:00:00,54,0,0,False,0.99671566,0.0025901983,0.00069416093
190331,2022-12-06 09:00:00,100,0,0,False,0.99617636,0.0025812262,0.0012423717
350910,2022-12-28 20:00:00,61,0,0,False,0.98508424,0.014673478,0.00024229403
97505,2022-11-12 06:00:00,222,1,1,False,0.04093035,0.95896953,0.0001000846
189874,2022-12-17 18:00:00,10,0,0,False,0.9955727,0.002008176,0.0024190939
165356,2022-11-09 04:00:00,69,1,1,False,0.034724955,0.965157,0.00011802287
103747,2022-11-04 03:00:00,231,2,2,False,0.03064966,0.00025719966,0.96909314
112898,2022-11-28 00:00:00,243,2,2,False,0.064307205,0.00034540787,0.9353474
340244,2022-12-04 02:00:00,49,1,0,True,0.7883943,0.21097715,0.0006285788
326516,2022-12-02 21:00:00,31,0,0,False,0.8981842,0.0007624425,0.1010534
351389,2022-12-18 05:00:00,62,0,0,False,0.99023485,0.0082548065,0.0015103993
88575,2022-11-27 11:00:00,21,0,0,False,0.9940983,0.005458881,0.0004428167
94468,2022-11-04 19:00:00,218,0,0,False,0.99611485,0.0034212903,0.00046387565
245401,2022-12-18 04:00:00,17,1,1,False,0.031526048,0.9683081,0.00016584901
53229,2022-11-14 12:00:00,166,2,0,True,0.8800651,0.00082548836,0.11910939
304225,2022-12-05 09:00:00,246,1,1,False,0.2972408,0.70250905,0.00025016858
243922,2022-12-16 06:00:00,168,2,2,False,0.1057992,0.000527473,0.89367336
82577,2022-11-15 21:00:00,202,1,1,False,0.23717558,0.76251465,0.00030980143
203911,2022-12-01 10:00:00,118,0,0,False,0.9938454,0.0055230167,0.0006315178
157316,2022-11-01 16:00:00,58,0,0,False,0.98833615,0.003727989,0.007935848
56645,2022-11-07 19:00:00,170,1,0,True,0.8592734,0.140025,0.0007016218
322653,2022-12-23 02:00:00,27,0,0,False,0.9947201,0.0050866855,0.00019323117
293208,2022-12-27 22:00:00,230,0,0,False,0.9940117,0.0020879416,0.0039003233
291401,2022-12-11 19:00:00,228,2,0,True,0.6281057,0.0007147574,0.37117952
38260,2022-11-16 10:00:00,147,0,0,False,0.98980427,0.0013818991,0.008813867
51082,2022-11-14 10:00:00,163,1,1,False,0.2298402,0.7699194,0.00024046273
324300,2022-12-31 15:00:00,28,1,1,False,0.0010600706,0.9988751,6.481308e-05
255073,2022-12-31 04:00:00,181,2,2,False,0.025734818,0.0002336484,0.97403157
177692,2022-11-16 17:00:00,85,2,2,False,0.09244599,0.0004062978,0.9071477
214376,2022-12-16 21:00:00,130,1,1,False,0.13151295,0.86835104,0.00013604225
105463,2022-11-16 03:00:00,233,2,2,False,0.08592887,0.00039525074,0.91367584
65542,2022-11-21 02:00:00,181,2,2,False,0.034562822,0.00026482425,0.96517235
237142,2022-12-04 03:00:00,16,1,1,False,0.001106527,0.9988201,7.326462e-05
224728,2022-12-28 13:00:00,143,1,1,False,0.0010437496,0.99888605,7.0263515e-05
5821,2022-11-05 08:00:00,106,2,0,True,0.59860635,0.0007779178,0.40061572
234538,2022-12-15 19:00:00,156,1,1,False,0.0010240516,0.99891055,6.5398846e-05
212741,2022-12-08 20:00:00,129,2,2,False,0.38355458,0.00078860973,0.6156568
198847,2022-12-31 16:00:00,110,1,1,False,0.003638393,0.9962441,0.000117608986
273711,2022-12-26 16:00:00,204,1,0,True,0.79144573,0.20814142,0.00041282797
126695,2022-11-06 23:00:00,262,2,2,False,0.111237444,0.0005187806,0.8882438
182984,2022-11-28 16:00:00,91,0,0,False,0.9664255,0.03205282,0.001521659
26646,2022-11-09 04:00:00,132,2,2,False,0.050443,0.00043822834,0.9491188
145581,2022-11-19 09:00:00,42,0,0,False,0.9947227,0.0022167244,0.0030605665
309944,2022-12-03 08:00:00,253,2,2,False,0.3158825,0.003200154,0.6809173
107916,2022-11-28 23:00:00,236,2,2,False,0.13752364,0.0006142362,0.86186206
73193,2022-11-12 04:00:00,191,1,1,False,0.0010371979,0.99889475,6.802424e-05
323850,2022-12-11 23:00:00,28,1,1,False,0.0010276746,0.99890363,6.86571e-05
365887,2022-12-22 00:00:00,82,2,0,True,0.6258562,0.0010019664,0.3731418
251488,2022-12-01 01:00:00,178,2,0,True,0.6918138,0.0008326539,0.30735353
36640,2022-11-08 10:00:00,145,0,0,False,0.69139946,0.0010199012,0.3075806
371685,2022-12-23 06:00:00,9,1,1,False,0.086363584,0.91348076,0.0001556532
71715,2022-11-10 04:00:00,19,1,1,False,0.03082673,0.9690345,0.00013876832
288610,2022-12-15 16:00:00,224,0,0,False,0.8444487,0.15522172,0.00032964293
290589,2022-12-08 00:00:00,227,2,2,False,0.12384878,0.0005505154,0.87560064
136866,2022-11-13 18:00:00,31,0,0,False,0.956078,0.042652223,0.0012698562
80539,2022-11-20 08:00:00,20,1,1,False,0.0010711238,0.99885774,7.112365e-05
96629,2022-11-05 11:00:00,221,2,0,True,0.6612686,0.0007854649,0.3379459
34978,2022-11-28 15:00:00,142,1,1,False,0.0011348532,0.99879336,7.180774e-05
104845,2022-11-20 04:00:00,232,2,2,False,0.05691719,0.0004066506,0.9426761
261840,2022-12-11 19:00:00,190,0,0,False,0.9965485,0.0030034538,0.0004480823
360380,2022-12-01 22:00:00,76,0,0,False,0.8596258,0.13997997,0.0003942267
298407,2022-12-03 07:00:00,238,0,0,False,0.99793774,0.0013771192,0.0006850933
224065,2022-12-30 23:00:00,142,1,1,False,0.0010677814,0.9988689,6.330658e-05
324568,2022-12-11 20:00:00,29,1,1,False,0.0010354853,0.9988978,6.6670254e-05
203150,2022-12-30 17:00:00,116,1,1,False,0.41133308,0.58826774,0.000399187
338044,2022-12-02 13:00:00,46,1,0,True,0.935257,0.06425671,0.0004862592
341412,2022-12-23 15:00:00,5,0,0,False,0.9921544,0.007239168,0.0006063654
7829,2022-11-29 12:00:00,108,2,0,True,0.7980007,0.0013644216,0.20063485
138970,2022-11-12 01:00:00,34,0,0,False,0.61464727,0.38506073,0.00029203884
112542,2022-11-13 04:00:00,243,2,2,False,0.027362589,0.00024762118,0.97238976
186390,2022-11-21 15:00:00,96,1,1,False,0.14857529,0.8512316,0.00019312832
215851,2022-12-19 02:00:00,132,0,0,False,0.93338734,0.066448264,0.00016438609
62140,2022-11-28 07:00:00,177,2,0,True,0.96716124,0.00059432205,0.032244503
134250,2022-11-23 22:00:00,28,1,1,False,0.044980127,0.9548613,0.00015858213
241928,2022-12-24 05:00:00,165,1,0,True,0.81978863,0.1797061,0.00050525676
245872,2022-12-07 09:00:00,170,0,0,False,0.8376808,0.00089905516,0.16142015
277962,2022-12-23 13:00:00,21,1,1,False,0.17989035,0.8199173,0.00019233479
227440,2022-12-21 09:00:00,147,2,0,True,0.9777939,0.0017406258,0.020465534
110385,2022-11-12 16:00:00,240,0,0,False,0.6530245,0.3466933,0.0002822096
145117,2022-11-29 20:00:00,41,2,0,True,0.62331194,0.0027410153,0.37394705
70913,2022-11-06 11:00:00,189,2,2,False,0.35935,0.00068323035,0.6399668
272685,2022-12-13 01:00:00,203,1,1,False,0.046202134,0.95363325,0.00016464705
103595,2022-11-27 16:00:00,230,2,0,True,0.51371443,0.0008217949,0.4854638
254398,2022-12-02 03:00:00,181,2,2,False,0.029315613,0.00026976765,0.9704147
195291,2022-12-02 18:00:00,107,0,0,False,0.9809941,0.018747391,0.00025852333
360360,2022-12-01 02:00:00,76,1,1,False,0.091710635,0.90815574,0.00013370083
331510,2022-12-31 15:00:00,37,1,1,False,0.0011073768,0.99882096,7.1669136e-05
151872,2022-11-13 09:00:00,50,2,2,False,0.4877724,0.00088109565,0.5113465
324353,2022-12-02 21:00:00,29,1,1,False,0.001002395,0.9989391,5.84807e-05
233483,2022-12-01 21:00:00,155,1,0,True,0.62836415,0.3712977,0.00033813895
152001,2022-11-18 18:00:00,50,2,2,False,0.20036097,0.00086443766,0.7987746
363985,2022-12-01 22:00:00,80,2,2,False,0.13146102,0.00061925553,0.8679197
154152,2022-11-19 00:00:00,53,2,2,False,0.47406906,0.0009009094,0.52503
258146,2022-12-08 02:00:00,186,0,0,False,0.98856944,0.0005956309,0.010834943
114277,2022-11-25 21:00:00,245,1,1,False,0.0010486312,0.99889094,6.0396338e-05
44132,2022-11-22 18:00:00,154,0,0,False,0.9642001,0.014371231,0.021428736
59524,2022-11-08 16:00:00,174,1,1,False,0.32229745,0.67741346,0.00028910453
215987,2022-12-24 20:00:00,132,2,2,False,0.19759716,0.0006020638,0.8018008
34834,2022-11-22 15:00:00,142,1,1,False,0.0011059297,0.9988238,7.023334e-05
214300,2022-12-13 17:00:00,130,0,0,False,0.99651873,0.0026978166,0.0007834889
91021,2022-11-10 05:00:00,213,0,0,False,0.9977664,0.0017074376,0.0005261975
294101,2022-12-04 03:00:00,232,2,2,False,0.21753244,0.00058119406,0.7818864
27595,2022-11-18 22:00:00,133,2,2,False,0.4420026,0.0009674606,0.55702996
292535,2022-12-29 22:00:00,229,0,0,False,0.9859271,0.0006351467,0.013437686
87394,2022-11-07 23:00:00,209,1,1,False,0.0801617,0.9197045,0.00013381058
293009,2022-12-19 13:00:00,230,0,0,False,0.9900053,0.009659315,0.0003354137
107761,2022-11-22 12:00:00,236,1,1,False,0.25507298,0.7445871,0.00033984752
149815,2022-11-17 01:00:00,48,2,2,False,0.054502197,0.00038515622,0.94511265
64546,2022-11-09 09:00:00,180,2,2,False,0.254076,0.0006349297,0.7452891
297175,2022-12-12 01:00:00,236,2,2,False,0.052235387,0.00035044164,0.9474142
60011,2022-11-28 23:00:00,174,2,2,False,0.35660586,0.0009593045,0.64243484
365717,2022-12-14 00:00:00,82,2,2,False,0.09892828,0.0003924562,0.9006793
105960,2022-11-06 23:00:00,234,2,2,False,0.08219654,0.00040996927,0.91739357
105346,2022-11-11 06:00:00,233,2,2,False,0.19705398,0.0006433079,0.80230266
134324,2022-11-27 00:00:00,28,1,1,False,0.0010714319,0.99886346,6.512087e-05
104875,2022-11-21 10:00:00,232,1,1,False,0.46800235,0.53155243,0.00044515633
231000,2022-12-19 10:00:00,151,2,2,False,0.1201591,0.00058659504,0.8792543
156249,2022-11-17 00:00:00,56,0,0,False,0.99674916,0.0021805256,0.0010702714
179365,2022-11-26 20:00:00,87,0,0,False,0.98847544,0.011206749,0.00031775064
41127,2022-11-16 17:00:00,150,0,0,False,0.98892105,0.010761348,0.0003176242
108841,2022-11-07 20:00:00,238,2,2,False,0.116768576,0.0005640439,0.8826674
67406,2022-11-09 09:00:00,184,2,2,False,0.22767423,0.0006361772,0.7716896
231283,2022-12-31 07:00:00,151,2,2,False,0.051043443,0.00033803363,0.94861853
50834,2022-11-04 00:00:00,163,1,0,True,0.6942361,0.30549997,0.00026394252
105265,2022-11-07 19:00:00,233,2,2,False,0.26120868,0.0006453748,0.73814595
13504,2022-11-27 15:00:00,115,0,0,False,0.99682415,0.00079453015,0.0023813208
71964,2022-11-20 13:00:00,19,0,0,False,0.84988886,0.14970009,0.00041105403
147158,2022-11-25 12:00:00,44,0,0,False,0.9942239,0.004179608,0.001596474
215997,2022-12-25 06:00:00,132,2,2,False,0.122885235,0.000450636,0.87666416
339935,2022-12-22 04:00:00,48,2,2,False,0.02500842,0.0002734582,0.9747181
91484,2022-11-29 12:00:00,213,1,0,True,0.731535,0.26811725,0.00034775425
346579,2022-12-28 15:00:00,56,2,2,False,0.3346786,0.00069219695,0.66462916
290823,2022-12-18 03:00:00,227,2,2,False,0.03667652,0.00035521138,0.96296823
101028,2022-11-10 02:00:00,227,0,0,False,0.99816495,0.00068370905,0.001151393
157560,2022-11-12 01:00:00,58,2,2,False,0.1033571,0.00071767817,0.8959252
157035,2022-11-19 23:00:00,57,0,0,False,0.9820415,0.009261965,0.008696564
269676,2022-12-07 20:00:00,20,1,1,False,0.0009966395,0.9989405,6.2829095e-05
169203,2022-11-20 12:00:00,74,0,0,False,0.9962555,0.0009778106,0.0027666823
208140,2022-12-28 08:00:00,122,0,0,False,0.7716825,0.22805516,0.00026230936
246526,2022-12-04 14:00:00,171,0,0,False,0.99775654,0.0008201292,0.0014233855
181181,2022-11-13 03:00:00,9,1,1,False,0.08738405,0.9124011,0.0002148702
60310,2022-11-11 15:00:00,175,0,0,False,0.9708445,0.0030333854,0.026122162
48277,2022-11-16 17:00:00,16,1,1,False,0.0011359944,0.99879044,7.360335e-05
25093,2022-11-03 23:00:00,130,1,1,False,0.20388241,0.7958862,0.00023139208
180928,2022-11-02 09:00:00,9,2,2,False,0.4872934,0.0014731807,0.5112334
46917,2022-11-19 15:00:00,158,1,1,False,0.28659976,0.71318656,0.0002136987
224558,2022-12-21 11:00:00,143,1,1,False,0.0030007022,0.9968088,0.00019044532
67719,2022-11-22 10:00:00,184,1,1,False,0.158252,0.84156275,0.00018525567
137524,2022-11-11 09:00:00,32,0,0,False,0.940896,0.002884268,0.05621978
257472,2022-12-10 01:00:00,185,0,0,False,0.99666923,0.00075288047,0.002577942
65070,2022-11-01 05:00:00,181,2,2,False,0.085252136,0.00048163574,0.91426617
145949,2022-11-04 20:00:00,43,2,0,True,0.8708142,0.0009932677,0.12819257
162670,2022-11-16 10:00:00,64,2,2,False,0.14574924,0.0006980533,0.85355276
353742,2022-12-26 16:00:00,65,0,0,False,0.83688277,0.16288073,0.0002365619
296912,2022-12-01 02:00:00,236,2,2,False,0.06304383,0.00037507887,0.936581
190995,2022-12-04 00:00:00,101,0,0,False,0.9971667,0.0025461393,0.0002871786
186982,2022-11-16 12:00:00,97,2,2,False,0.34241402,0.0006907239,0.6568952
304103,2022-12-31 06:00:00,245,1,1,False,0.0010441878,0.99889,6.582135e-05
115480,2022-11-16 10:00:00,247,1,1,False,0.16228108,0.8374675,0.0002513892
268255,2022-12-08 17:00:00,199,0,0,False,0.9269419,0.07251943,0.00053865125
185549,2022-11-16 09:00:00,95,2,2,False,0.4388872,0.0010967843,0.560016
7467,2022-11-14 10:00:00,108,2,2,False,0.39795017,0.0011975823,0.60085225
234744,2022-12-25 07:00:00,156,0,0,False,0.9977532,0.00087741297,0.0013694433
167078,2022-11-21 08:00:00,71,0,0,False,0.98229444,0.0022348794,0.015470677
352627,2022-12-09 08:00:00,64,0,0,False,0.98841405,0.008730896,0.0028549868
359430,2022-12-23 08:00:00,74,0,0,False,0.9467552,0.052569162,0.0006756784
241403,2022-12-01 10:00:00,165,2,2,False,0.12927689,0.0017965647,0.8689265
258055,2022-12-04 07:00:00,186,2,2,False,0.083945625,0.00040466987,0.9156498
256610,2022-12-04 04:00:00,184,2,2,False,0.054208755,0.00037422805,0.94541705
180675,2022-11-21 20:00:00,89,1,1,False,0.0010340441,0.9988973,6.866964e-05
320306,2022-12-14 12:00:00,267,1,1,False,0.0016159285,0.99823856,0.00014551987
342364,2022-12-02 07:00:00,51,2,0,True,0.95585287,0.00063952274,0.043507624
323945,2022-12-15 22:00:00,28,1,1,False,0.0009827361,0.9989562,6.101932e-05
160038,2022-11-25 22:00:00,60,2,2,False,0.29926816,0.0007515752,0.69998026
365626,2022-12-10 05:00:00,82,2,2,False,0.10019689,0.0004530588,0.8993501
171429,2022-11-23 21:00:00,77,0,0,False,0.93365115,0.06587424,0.00047461083
299452,2022-12-16 19:00:00,239,0,0,False,0.98864484,0.011029734,0.00032542695
263172,2022-12-07 05:00:00,192,0,0,False,0.99455136,0.0051996233,0.0002490276
182507,2022-11-08 19:00:00,91,0,0,False,0.9855474,0.0046097105,0.009842925
265584,2022-12-17 23:00:00,195,2,2,False,0.44549802,0.00091940875,0.5535826
155507,2022-11-15 21:00:00,55,0,0,False,0.9971692,0.0021858092,0.00064501486
113314,2022-11-15 13:00:00,244,0,0,False,0.9370417,0.0013477118,0.06161063
254565,2022-12-09 02:00:00,181,0,0,False,0.9981219,0.0005757241,0.0013023372
366562,2022-12-20 00:00:00,83,2,2,False,0.20922096,0.00067037897,0.7901086
57564,2022-11-16 09:00:00,171,1,0,True,0.6851224,0.31434885,0.00052875845
180308,2022-11-06 11:00:00,89,1,1,False,0.0010864035,0.9988456,6.795703e-05
260507,2022-12-16 08:00:00,189,1,0,True,0.92445445,0.07499371,0.00055179745
177615,2022-11-13 12:00:00,85,2,2,False,0.07590253,0.000347873,0.9237496
213793,2022-12-23 13:00:00,13,2,2,False,0.2032879,0.0006532001,0.79605895
107682,2022-11-19 05:00:00,236,2,2,False,0.25486395,0.00093644456,0.7441996
147569,2022-11-12 20:00:00,45,2,2,False,0.24561852,0.000832552,0.7535489
353966,2022-12-05 01:00:00,66,0,0,False,0.9982338,0.00091177446,0.0008543897
80458,2022-11-16 23:00:00,20,1,1,False,0.0010050796,0.99892527,6.961382e-05
124722,2022-11-14 05:00:00,26,0,0,False,0.9926905,0.007098235,0.00021121967
29588,2022-11-12 14:00:00,136,2,2,False,0.18138264,0.00064675737,0.81797063
59880,2022-11-23 12:00:00,174,0,0,False,0.9022433,0.09756278,0.00019394673
278569,2022-12-18 06:00:00,210,0,0,False,0.99368566,0.0005637206,0.0057506575
331864,2022-12-15 10:00:00,38,1,1,False,0.20463954,0.7950699,0.0002905716
106604,2022-11-04 00:00:00,235,2,2,False,0.12763476,0.0005264774,0.8718388
296841,2022-12-29 02:00:00,235,2,0,True,0.6959914,0.0011206991,0.30288792
180781,2022-11-26 06:00:00,89,1,1,False,0.0010858158,0.99884725,6.696688e-05
148270,2022-11-12 06:00:00,46,2,2,False,0.08008975,0.00043961304,0.9194706
196440,2022-12-21 12:00:00,108,2,2,False,0.124021634,0.00067094126,0.8753074
318521,2022-12-31 04:00:00,264,2,2,False,0.09795843,0.0004299058,0.9016117
118284,2022-11-14 02:00:00,250,0,0,False,0.9983625,0.00076352106,0.00087398646
242435,2022-12-14 09:00:00,166,2,1,True,0.10874158,0.89079124,0.00046713933
93517,2022-11-24 20:00:00,216,0,0,False,0.67544454,0.32431003,0.00024538237
220534,2022-12-03 02:00:00,139,0,0,False,0.71257395,0.2871676,0.0002584227
336586,2022-12-01 21:00:00,44,2,2,False,0.20611338,0.0006473661,0.79323924
223669,2022-12-13 13:00:00,142,1,1,False,0.001103575,0.9988223,7.415951e-05
356394,2022-12-16 02:00:00,7,1,0,True,0.9289275,0.07071089,0.0003616319
144501,2022-11-04 02:00:00,41,2,2,False,0.11540668,0.0005677932,0.8840255
363669,2022-12-19 15:00:00,8,0,0,False,0.9819395,0.016712004,0.0013485075
147004,2022-11-19 02:00:00,44,0,0,False,0.9706401,0.028425926,0.00093387126
209913,2022-12-11 04:00:00,125,2,2,False,0.081684,0.00039003906,0.917926
248707,2022-12-05 08:00:00,174,0,0,False,0.99567235,0.0019133586,0.002414308
224724,2022-12-28 09:00:00,143,1,1,False,0.0010822478,0.99884415,7.355475e-05
194215,2022-12-18 09:00:00,105,0,0,False,0.9946979,0.0023997265,0.0029023099
137881,2022-11-26 06:00:00,32,1,1,False,0.046190027,0.9536559,0.00015409355
56754,2022-11-12 10:00:00,170,1,0,True,0.76396495,0.23581554,0.00021952296
361627,2022-12-24 18:00:00,77,0,0,False,0.99291766,0.0016593792,0.0054229605
254471,2022-12-05 04:00:00,181,2,2,False,0.070931375,0.00038045118,0.92868817
368691,2022-12-18 03:00:00,86,0,0,False,0.9971102,0.0024538685,0.0004359299
151080,2022-11-10 04:00:00,5,1,1,False,0.030231798,0.9696535,0.00011467773
284180,2022-12-11 08:00:00,218,1,1,False,0.0011309109,0.9987962,7.281631e-05
285446,2022-12-04 00:00:00,220,2,0,True,0.94042975,0.0014579599,0.05811227
257811,2022-12-25 02:00:00,185,2,2,False,0.08292098,0.00038528413,0.9166937
217810,2022-12-09 18:00:00,135,0,0,False,0.9981571,0.0012622226,0.0005807268
166224,2022-11-15 13:00:00,7,1,0,True,0.7327521,0.26694155,0.00030638147
105748,2022-11-28 00:00:00,233,2,2,False,0.084295705,0.00041657162,0.9152877
59494,2022-11-07 08:00:00,174,2,2,False,0.1466821,0.0005337637,0.8527841
289042,2022-12-03 15:00:00,225,0,0,False,0.74487346,0.25491402,0.00021251627
188938,2022-12-08 10:00:00,1,1,1,False,0.0009873934,0.99893254,8.0014725e-05
50628,2022-11-25 07:00:00,162,0,0,False,0.9717158,0.026562748,0.0017214696
280732,2022-12-18 06:00:00,213,2,2,False,0.06992826,0.00052670646,0.9295451
67394,2022-11-08 21:00:00,184,2,0,True,0.83272237,0.0015789255,0.1656987
216408,2022-12-11 10:00:00,133,0,0,False,0.99654156,0.0026717365,0.00078669685
289760,2022-12-03 12:00:00,226,2,0,True,0.9926886,0.000604286,0.0067071053
353582,2022-12-19 22:00:00,65,0,0,False,0.9645056,0.03507624,0.00041815915
237535,2022-12-21 10:00:00,16,1,1,False,0.0032435898,0.99655724,0.00019925962
285402,2022-12-02 04:00:00,220,2,2,False,0.4715009,0.0006694681,0.52782965
351000,2022-12-01 15:00:00,62,0,0,False,0.98149776,0.015991451,0.0025108133
344487,2022-12-31 14:00:00,53,0,0,False,0.9831383,0.0030480959,0.013813567
336432,2022-12-26 10:00:00,43,0,0,False,0.9908757,0.008743409,0.00038088215
96881,2022-11-16 01:00:00,221,2,2,False,0.11231793,0.00040535838,0.88727677
269569,2022-12-03 09:00:00,20,1,1,False,0.0010593117,0.99887127,6.938233e-05
106679,2022-11-07 03:00:00,235,2,2,False,0.060798638,0.0004087764,0.9387925
364026,2022-12-03 15:00:00,80,2,2,False,0.11614116,0.00047036287,0.88338846
48425,2022-11-22 21:00:00,16,1,1,False,0.0010965752,0.998836,6.7465866e-05
177088,2022-11-21 08:00:00,84,1,0,True,0.98012173,0.011198989,0.00867934
56998,2022-11-22 14:00:00,170,1,1,False,0.30868578,0.6908003,0.00051391684
28347,2022-11-20 11:00:00,134,2,0,True,0.9625117,0.0009910163,0.036497265
375130,2022-12-15 16:00:00,94,0,0,False,0.9912696,0.008296118,0.00043427464
98310,2022-11-16 00:00:00,223,2,2,False,0.06495363,0.0003504389,0.9346959
74904,2022-11-23 21:00:00,193,0,0,False,0.84827566,0.1515179,0.00020650234
77952,2022-11-01 17:00:00,198,1,1,False,0.0010148132,0.9989215,6.370195e-05
373377,2022-12-02 17:00:00,92,1,0,True,0.5842798,0.4154385,0.0002817629
69354,2022-11-30 23:00:00,186,2,2,False,0.09805723,0.0004922283,0.9014506
174549,2022-11-04 20:00:00,81,2,2,False,0.3841211,0.001067212,0.6148117
35219,2022-11-08 21:00:00,143,1,1,False,0.0032243007,0.99659204,0.00018366614
239182,2022-12-29 23:00:00,161,1,1,False,0.22485344,0.77493685,0.00020963441
226018,2022-12-22 05:00:00,145,1,1,False,0.1383956,0.86137307,0.00023137918
288824,2022-12-25 12:00:00,224,0,0,False,0.99526536,0.0037379586,0.0009967114
105702,2022-11-26 02:00:00,233,2,0,True,0.5303948,0.0007991605,0.46880603
52777,2022-11-25 11:00:00,165,2,2,False,0.37968785,0.0029655928,0.6173465
261209,2022-12-15 13:00:00,19,1,0,True,0.9653329,0.034442365,0.00022472675
241345,2022-12-29 23:00:00,164,1,1,False,0.09100945,0.9088638,0.00012675395
91823,2022-11-13 20:00:00,214,1,0,True,0.7110361,0.288681,0.0002829417
440,2022-11-19 13:00:00,1,0,0,False,0.970065,0.029592434,0.00034251547
148752,2022-11-02 08:00:00,47,1,0,True,0.96331424,0.036239095,0.00044662552
82642,2022-11-18 14:00:00,202,0,0,False,0.99441504,0.002582431,0.003002468
309951,2022-12-03 15:00:00,253,2,2,False,0.21048619,0.0006164659,0.78889734
110317,2022-11-09 20:00:00,240,0,0,False,0.9963606,0.002105076,0.0015343751
371545,2022-12-16 12:00:00,9,2,2,False,0.38856572,0.0010398687,0.6103944
165208,2022-11-02 22:00:00,69,1,1,False,0.1927474,0.8070391,0.0002134613
97367,2022-11-06 10:00:00,222,0,0,False,0.99803025,0.00092177704,0.0010479769
366465,2022-12-15 03:00:00,83,2,2,False,0.06883069,0.00042721236,0.9307421
280647,2022-12-14 08:00:00,213,0,0,False,0.99088156,0.0045117685,0.00460668
29475,2022-11-07 19:00:00,136,0,0,False,0.9893337,0.008338894,0.0023273434
150377,2022-11-10 16:00:00,49,2,0,True,0.66007143,0.0015167358,0.33841187
357993,2022-12-23 13:00:00,72,0,0,False,0.978105,0.021180144,0.00071486767
249594,2022-12-12 06:00:00,175,1,0,True,0.8969293,0.10282924,0.00024144449
309024,2022-12-26 00:00:00,251,0,0,False,0.9976337,0.0021948903,0.0001714418
108815,2022-11-06 18:00:00,238,1,1,False,0.2789336,0.7208515,0.00021485376
140568,2022-11-19 01:00:00,36,0,0,False,0.9936826,0.004981329,0.0013360434
338760,2022-12-02 08:00:00,47,0,0,False,0.7136253,0.28412753,0.0022471347
55810,2022-11-02 19:00:00,17,0,1,True,0.40690732,0.5925467,0.0005459368
120057,2022-11-28 09:00:00,252,2,2,False,0.15405545,0.00053572684,0.84540886
239181,2022-12-29 22:00:00,161,1,1,False,0.3184478,0.6813017,0.00025048503
173770,2022-11-02 01:00:00,80,0,0,False,0.99804735,0.0015060042,0.00044665052
290424,2022-12-01 03:00:00,227,2,2,False,0.040305,0.00035917325,0.9593358
101838,2022-11-14 01:00:00,228,2,2,False,0.030179651,0.00024280327,0.9695775
119441,2022-11-02 12:00:00,252,0,0,False,0.7834983,0.0010244518,0.21547727
378393,2022-12-01 10:00:00,99,2,0,True,0.92423224,0.0011053169,0.074662425
356641,2022-12-27 07:00:00,7,0,0,False,0.7898032,0.20994227,0.00025453322
191495,2022-12-25 18:00:00,101,0,0,False,0.9888943,0.010878531,0.0002272335
95645,2022-11-24 03:00:00,219,0,0,False,0.9907787,0.009072182,0.0001491579
101844,2022-11-14 07:00:00,228,2,2,False,0.06303157,0.00039543977,0.93657297
157987,2022-11-29 20:00:00,58,1,0,True,0.5473539,0.45208928,0.000556803
254532,2022-12-07 17:00:00,181,1,0,True,0.8699604,0.12976217,0.0002774567
27884,2022-11-30 23:00:00,133,2,2,False,0.2770171,0.00059442,0.7223885
131228,2022-11-17 04:00:00,268,0,0,False,0.9983542,0.00061228,0.00103353
176108,2022-11-10 07:00:00,83,1,0,True,0.9824724,0.015827503,0.0017001141
269385,2022-12-26 16:00:00,2,1,1,False,0.001035493,0.9988977,6.685356e-05
106100,2022-11-12 21:00:00,234,0,0,False,0.99709177,0.0006407765,0.0022674925
83467,2022-11-23 04:00:00,203,1,1,False,0.0010964901,0.9988262,7.725238e-05
183750,2022-11-30 19:00:00,92,1,0,True,0.5777727,0.42161563,0.0006116736
358385,2022-12-08 22:00:00,73,0,0,False,0.9984478,0.00077696214,0.0007752809
154290,2022-11-24 18:00:00,53,0,0,False,0.7194217,0.280232,0.00034624536
323679,2022-12-04 20:00:00,28,1,1,False,0.0010128276,0.99892277,6.436699e-05
100255,2022-11-07 14:00:00,226,0,0,False,0.771685,0.22790526,0.00040975417
202231,2022-12-22 11:00:00,115,2,0,True,0.83385473,0.0012950219,0.16485019
183381,2022-11-15 10:00:00,92,2,2,False,0.19944564,0.0007814414,0.7997729
331456,2022-12-29 09:00:00,37,0,0,False,0.99462694,0.00440152,0.0009714858
294053,2022-12-02 03:00:00,232,2,2,False,0.044997647,0.00038156525,0.9546208
5817,2022-11-05 04:00:00,106,2,0,True,0.6481125,0.000860737,0.3510268
35097,2022-11-03 17:00:00,143,1,1,False,0.0034011968,0.99640745,0.00019128712
258528,2022-12-24 22:00:00,186,2,2,False,0.20708047,0.0005677252,0.7923518
290586,2022-12-07 21:00:00,227,2,2,False,0.27691388,0.00078759185,0.7222985
101081,2022-11-12 07:00:00,227,2,2,False,0.07351971,0.00041256356,0.92606777
223995,2022-12-28 01:00:00,142,1,1,False,0.001119266,0.99880755,7.31926e-05
205036,2022-12-19 02:00:00,119,0,0,False,0.9973017,0.0025241913,0.0001740566
162457,2022-11-07 11:00:00,64,2,0,True,0.77106756,0.0011664137,0.22776604
113920,2022-11-11 00:00:00,245,1,1,False,0.0010237428,0.99891615,6.0172264e-05
174845,2022-11-17 06:00:00,81,0,0,False,0.98692673,0.00069615204,0.012377063
153129,2022-11-06 02:00:00,52,1,1,False,0.195578,0.8039548,0.00046726764
279799,2022-12-09 01:00:00,212,0,0,False,0.998314,0.00063725107,0.0010487299
371125,2022-12-29 23:00:00,89,1,1,False,0.001021423,0.9989153,6.326806e-05
62679,2022-11-20 23:00:00,178,2,2,False,0.18115212,0.0005907463,0.81825715
267315,2022-12-30 13:00:00,197,0,0,False,0.99737096,0.0010476772,0.0015813919
181134,2022-11-11 04:00:00,9,1,1,False,0.03637231,0.96352524,0.000102390506
114187,2022-11-22 03:00:00,245,1,1,False,0.0010555959,0.9988784,6.595361e-05
103753,2022-11-04 09:00:00,231,0,0,False,0.98781306,0.0108085675,0.0013784504
320646,2022-12-29 14:00:00,267,0,0,False,0.9962553,0.002584857,0.0011598029
209357,2022-12-18 10:00:00,124,1,0,True,0.9098672,0.08985301,0.00027980612
62022,2022-11-23 09:00:00,177,1,1,False,0.18978351,0.80998075,0.00023569523
114169,2022-11-21 09:00:00,245,1,1,False,0.0010489363,0.99887997,7.11057e-05
236744,2022-12-17 23:00:00,159,1,0,True,0.9081608,0.09157671,0.00026243564
259258,2022-12-25 07:00:00,187,2,2,False,0.04492115,0.00028828904,0.9547906
105222,2022-11-06 00:00:00,233,2,2,False,0.1267492,0.00044647147,0.87280434
320282,2022-12-13 12:00:00,267,1,1,False,0.09904905,0.8998896,0.0010613265
153381,2022-11-16 16:00:00,52,1,0,True,0.7615615,0.23782758,0.0006109091
88827,2022-11-08 02:00:00,210,0,0,False,0.99680305,0.0025962645,0.00060063024
209914,2022-12-11 05:00:00,125,2,2,False,0.057853196,0.00033789445,0.9418089
314645,2022-12-19 19:00:00,26,0,0,False,0.867213,0.1323964,0.00039057774
58281,2022-11-16 11:00:00,172,2,2,False,0.16165279,0.00057864626,0.8377685
291786,2022-12-28 18:00:00,228,0,0,False,0.9976427,0.0011833146,0.0011740057
47974,2022-11-04 00:00:00,16,1,1,False,0.0011341713,0.99879825,6.760604e-05
37961,2022-11-03 21:00:00,147,1,1,False,0.0010199415,0.9989126,6.7443114e-05
239442,2022-12-09 20:00:00,162,0,0,False,0.99758565,0.0014959147,0.0009184739
95188,2022-11-05 00:00:00,219,2,2,False,0.35192722,0.0008192493,0.6472535
27459,2022-11-13 06:00:00,133,2,2,False,0.09443025,0.0004884198,0.90508133
99357,2022-11-29 20:00:00,224,2,2,False,0.1454037,0.0005298002,0.8540665
90381,2022-11-13 08:00:00,212,2,2,False,0.11259572,0.00058667036,0.8868176
84350,2022-11-30 04:00:00,204,0,0,False,0.9917005,0.0005101597,0.0077893226
21739,2022-11-13 06:00:00,126,1,1,False,0.0015438109,0.99830806,0.00014808038
25068,2022-11-02 22:00:00,130,1,1,False,0.12095702,0.87884325,0.00019978097
153329,2022-11-14 12:00:00,52,1,1,False,0.42255434,0.57703346,0.00041220413
258437,2022-12-21 03:00:00,186,0,0,False,0.99423176,0.000766841,0.0050013666
100707,2022-11-26 12:00:00,226,2,0,True,0.86494005,0.0010018075,0.13405812
27480,2022-11-14 03:00:00,133,2,2,False,0.06290114,0.00036383976,0.936735
371821,2022-12-28 22:00:00,9,0,0,False,0.9701028,0.029380167,0.0005170352
91475,2022-11-29 03:00:00,213,2,2,False,0.048046824,0.00039511532,0.9515581
324715,2022-12-18 08:00:00,29,1,1,False,0.004026131,0.99577314,0.00020077679
173394,2022-11-16 09:00:00,8,0,1,True,0.48150533,0.5180387,0.000455964
115972,2022-11-07 01:00:00,248,1,1,False,0.021135531,0.9787685,9.598922e-05
186216,2022-11-14 09:00:00,96,1,1,False,0.28491697,0.7148125,0.00027053425
284626,2022-12-30 20:00:00,218,1,1,False,0.0036149016,0.99627197,0.000113123126
84094,2022-11-19 12:00:00,204,1,1,False,0.22688651,0.7725692,0.0005442999
180433,2022-11-11 18:00:00,89,1,1,False,0.0010696315,0.9988655,6.484968e-05
264029,2022-12-12 21:00:00,193,0,0,False,0.99496526,0.004782975,0.00025169438
98693,2022-11-01 23:00:00,224,2,2,False,0.48070318,0.0008644734,0.5184323
113706,2022-11-01 21:00:00,245,1,1,False,0.0010277432,0.9989089,6.343592e-05
261283,2022-12-19 11:00:00,19,1,0,True,0.8654168,0.13428028,0.00030289838
308294,2022-12-25 15:00:00,250,0,0,False,0.61645377,0.38331512,0.00023113762
104463,2022-11-04 04:00:00,232,2,2,False,0.044120565,0.00037879398,0.95550066
27582,2022-11-18 09:00:00,133,1,0,True,0.77503127,0.22460765,0.0003611195
344431,2022-12-29 06:00:00,53,0,0,False,0.97689295,0.00048169997,0.022625405
92117,2022-11-26 02:00:00,214,0,0,False,0.99171937,0.007876016,0.0004046189
29582,2022-11-12 08:00:00,136,2,2,False,0.2570288,0.00067818107,0.742293
113715,2022-11-02 06:00:00,245,1,1,False,0.001048404,0.99887794,7.369444e-05
31200,2022-11-20 04:00:00,138,1,1,False,0.10753514,0.89221424,0.000250582
17427,2022-11-12 08:00:00,120,1,0,True,0.7990392,0.20069058,0.00027030113
346769,2022-12-05 14:00:00,57,1,0,True,0.6637488,0.3359514,0.00029977804
313891,2022-12-17 23:00:00,259,0,0,False,0.9922895,0.0074200174,0.0002904809
103247,2022-11-13 04:00:00,230,2,2,False,0.29140255,0.0007534094,0.707844
316695,2022-12-14 06:00:00,262,0,0,False,0.99688196,0.000601418,0.0025165994
175294,2022-11-06 02:00:00,82,2,0,True,0.6234929,0.0008714026,0.37563568
43370,2022-11-20 19:00:00,153,1,1,False,0.20968924,0.7900774,0.00023336506
281407,2022-12-15 23:00:00,214,0,0,False,0.98565406,0.013897709,0.00044817795
188452,2022-11-18 04:00:00,99,1,1,False,0.028901078,0.9709654,0.00013348418
117306,2022-11-03 01:00:00,25,1,1,False,0.05132666,0.9485402,0.00013312291
358931,2022-12-01 15:00:00,74,0,0,False,0.61065686,0.3889183,0.00042482093
7061,2022-11-27 07:00:00,107,1,1,False,0.037905037,0.9619584,0.0001365661
171359,2022-11-20 23:00:00,77,0,0,False,0.9964887,0.0022540076,0.0012572678
52795,2022-11-26 05:00:00,165,1,1,False,0.1628217,0.8364594,0.0007188906
68828,2022-11-09 01:00:00,186,2,2,False,0.08477163,0.00049322966,0.91473514
237103,2022-12-02 12:00:00,16,1,1,False,0.001170813,0.99875844,7.07247e-05
9971,2022-11-29 09:00:00,110,2,2,False,0.14842321,0.0005853543,0.8509914
370790,2022-12-15 02:00:00,89,1,1,False,0.0011020671,0.9988192,7.876977e-05
20921,2022-11-08 23:00:00,125,0,0,False,0.99571085,0.0023580345,0.0019311112
277833,2022-12-17 15:00:00,21,1,1,False,0.09006443,0.9097551,0.00018049742
80740,2022-11-28 17:00:00,20,1,1,False,0.0010601986,0.998869,7.08167e-05
41262,2022-11-22 08:00:00,150,1,0,True,0.72316855,0.27526015,0.0015712377
167476,2022-11-08 01:00:00,72,1,1,False,0.040368434,0.95949924,0.00013240671
105285,2022-11-08 17:00:00,233,2,0,True,0.7372785,0.0010412678,0.26168025
113431,2022-11-20 10:00:00,244,2,0,True,0.51390153,0.0007174663,0.48538107
282666,2022-12-08 08:00:00,216,0,0,False,0.9930386,0.0066343984,0.00032703287
340127,2022-12-30 04:00:00,48,2,2,False,0.13867593,0.00061283924,0.8607112
16770,2022-11-14 18:00:00,12,1,0,True,0.6319211,0.36772808,0.0003508074
105943,2022-11-06 06:00:00,234,2,2,False,0.1838684,0.0005570873,0.8155745
225976,2022-12-20 09:00:00,145,2,0,True,0.5500549,0.0017334791,0.4482116
339555,2022-12-05 10:00:00,48,0,0,False,0.8967845,0.10149601,0.0017195697
109311,2022-11-27 12:00:00,238,0,0,False,0.99764544,0.0007601163,0.0015943779
188415,2022-11-16 15:00:00,99,2,2,False,0.16570656,0.00083915074,0.83345425
60822,2022-11-03 02:00:00,176,2,2,False,0.07763964,0.00049298466,0.9218674
72359,2022-11-07 03:00:00,190,0,0,False,0.9978636,0.0015287388,0.00060763257
270066,2022-12-25 00:00:00,20,1,1,False,0.00106499,0.9988682,6.677786e-05
124038,2022-11-15 12:00:00,259,0,0,False,0.78300476,0.00083322794,0.21616203
177005,2022-11-17 21:00:00,84,1,1,False,0.37287664,0.6267367,0.00038671176
328860,2022-12-10 10:00:00,34,0,0,False,0.90464455,0.09522888,0.00012650843
314747,2022-12-24 03:00:00,26,0,0,False,0.9953393,0.002821879,0.0018388648
122939,2022-11-29 07:00:00,257,0,0,False,0.9838373,0.01560016,0.0005625151
298718,2022-12-16 06:00:00,238,0,0,False,0.9982408,0.00083257724,0.000926559
208081,2022-12-25 21:00:00,122,0,0,False,0.9970753,0.0022034051,0.000721245
7103,2022-11-29 01:00:00,107,0,0,False,0.98990273,0.009958235,0.00013901117
34615,2022-11-13 12:00:00,142,1,1,False,0.0011074431,0.99882466,6.792793e-05
310373,2022-12-22 03:00:00,253,2,2,False,0.105734505,0.0005650403,0.8937005
90074,2022-11-30 08:00:00,211,0,0,False,0.9871672,0.0039539495,0.008878892
193620,2022-12-24 04:00:00,104,1,1,False,0.049575575,0.95031023,0.00011422769
274914,2022-12-15 19:00:00,206,1,1,False,0.20102687,0.7985424,0.00043075476
235038,2022-12-06 14:00:00,157,0,1,True,0.28075406,0.71891475,0.00033121064
225448,2022-12-28 12:00:00,144,0,0,False,0.997387,0.002088085,0.00052489596
335142,2022-12-01 19:00:00,42,2,2,False,0.33861408,0.0009122193,0.6604737
374185,2022-12-06 08:00:00,93,0,0,False,0.9948909,0.0045341738,0.00057483796
18604,2022-11-01 14:00:00,122,0,0,False,0.9415767,0.0006642501,0.05775904
265585,2022-12-18 00:00:00,195,2,2,False,0.09988929,0.0005448839,0.8995658
342970,2022-12-28 11:00:00,51,1,1,False,0.3218686,0.67787075,0.00026068353
321929,2022-12-22 23:00:00,269,0,0,False,0.92707926,0.07272392,0.00019685614
375963,2022-12-21 06:00:00,95,0,0,False,0.98969704,0.010134308,0.00016858544
106059,2022-11-11 04:00:00,234,2,2,False,0.083502844,0.000514064,0.9159831
83029,2022-11-04 20:00:00,203,1,0,True,0.62621945,0.37335756,0.00042299187
11353,2022-11-27 09:00:00,112,1,1,False,0.22534226,0.7743191,0.00033857801
175437,2022-11-12 03:00:00,82,2,2,False,0.03652248,0.00026800303,0.9632095
107795,2022-11-23 22:00:00,236,2,2,False,0.10955178,0.0005789818,0.8898693
97675,2022-11-19 08:00:00,222,1,1,False,0.20856182,0.7912014,0.0002367219
340772,2022-12-27 00:00:00,49,2,0,True,0.63357574,0.0010982179,0.36532602
65068,2022-11-01 03:00:00,181,2,0,True,0.7309953,0.0010866798,0.26791805
80507,2022-11-19 00:00:00,20,1,1,False,0.0010463676,0.9988839,6.970912e-05
235936,2022-12-13 23:00:00,158,0,0,False,0.72170246,0.2780485,0.00024909765
145038,2022-11-26 13:00:00,41,0,0,False,0.99205726,0.00468848,0.0032542716
166859,2022-11-12 05:00:00,71,0,0,False,0.9963284,0.0034978017,0.00017383716
364575,2022-12-27 10:00:00,80,0,0,False,0.969403,0.030193135,0.00040380255
115508,2022-11-17 14:00:00,247,0,0,False,0.95495564,0.04440746,0.0006369428
83852,2022-11-09 10:00:00,204,0,0,False,0.9797077,0.019643093,0.000649235
177100,2022-11-21 20:00:00,84,0,0,False,0.99444795,0.0014542262,0.0040978654
181131,2022-11-11 01:00:00,9,1,1,False,0.04305135,0.9568326,0.00011602688
173825,2022-11-04 11:00:00,80,1,1,False,0.17341866,0.8263845,0.00019693084
74868,2022-11-22 09:00:00,193,1,1,False,0.42982054,0.5699486,0.00023082191
302704,2022-12-02 02:00:00,244,2,2,False,0.1065832,0.00049047783,0.89292634
194481,2022-12-30 00:00:00,105,0,0,False,0.9966827,0.0031341515,0.000183087
147568,2022-11-12 19:00:00,45,2,0,True,0.9753448,0.01531795,0.009337253
43449,2022-11-24 02:00:00,153,0,0,False,0.99585426,0.003822532,0.00032320368
105129,2022-11-02 00:00:00,233,2,0,True,0.52588105,0.0008538273,0.47326514
73964,2022-11-14 12:00:00,192,1,0,True,0.61972827,0.38002527,0.00024645726
52493,2022-11-13 15:00:00,165,1,1,False,0.35428184,0.64491785,0.0008002854
199408,2022-12-25 00:00:00,111,1,1,False,0.15550207,0.844192,0.0003058636
115179,2022-11-03 19:00:00,247,2,2,False,0.16473126,0.00072058797,0.8345482
373973,2022-12-28 11:00:00,92,2,2,False,0.12656109,0.0006251004,0.87281376
218020,2022-12-19 08:00:00,135,2,0,True,0.8380925,0.0009666576,0.16094078
117817,2022-11-24 10:00:00,25,0,0,False,0.9958162,0.0011732994,0.003010569
156439,2022-11-24 22:00:00,56,2,2,False,0.18832873,0.0006328737,0.81103843
323795,2022-12-09 16:00:00,28,1,1,False,0.001019839,0.9989158,6.434801e-05
104434,2022-11-02 23:00:00,232,2,2,False,0.15892595,0.0006704346,0.8404036
97494,2022-11-11 19:00:00,222,1,1,False,0.080645494,0.9191695,0.00018502875
48883,2022-11-12 04:00:00,160,0,0,False,0.99686974,0.0029367062,0.00019350862
223238,2022-12-26 13:00:00,141,0,0,False,0.97052324,0.028707566,0.0007691746
140293,2022-11-07 12:00:00,36,2,2,False,0.095655866,0.00049522344,0.9038489
292943,2022-12-15 23:00:00,230,2,2,False,0.072786264,0.00040899948,0.9268047
58190,2022-11-12 16:00:00,172,2,2,False,0.4010343,0.00075295434,0.5982127
180240,2022-11-03 15:00:00,89,1,1,False,0.0035575773,0.99624217,0.0002002975
340148,2022-12-31 01:00:00,48,2,2,False,0.07137059,0.00040884688,0.92822057
296601,2022-12-19 00:00:00,235,2,0,True,0.5716697,0.0010130188,0.42731726
316096,2022-12-20 04:00:00,261,0,0,False,0.99619424,0.0036058745,0.00019986751
60102,2022-11-02 21:00:00,175,2,2,False,0.25263306,0.00091719755,0.74644977
151863,2022-11-13 00:00:00,50,2,0,True,0.5512363,0.000943682,0.44782
114361,2022-11-29 09:00:00,245,1,1,False,0.001066684,0.9988651,6.824463e-05
8124,2022-11-12 00:00:00,109,1,0,True,0.52013075,0.4795218,0.00034745457
280699,2022-12-16 12:00:00,213,0,0,False,0.65732646,0.3423225,0.0003510073
35340,2022-11-13 22:00:00,143,1,1,False,0.00105441,0.9988788,6.679576e-05
254734,2022-12-16 03:00:00,181,2,2,False,0.04017141,0.00032185842,0.9595068
63130,2022-11-09 23:00:00,179,2,2,False,0.099897124,0.00044145866,0.8996614
362323,2022-12-23 17:00:00,78,1,0,True,0.89181805,0.10778618,0.0003958054
187521,2022-11-09 04:00:00,98,1,1,False,0.10580264,0.89397633,0.0002210594
295431,2022-12-30 10:00:00,233,0,0,False,0.99736196,0.0012711228,0.00136693
303694,2022-12-13 07:00:00,245,1,1,False,0.0010684911,0.9988525,7.9029895e-05
200301,2022-12-01 05:00:00,113,1,1,False,0.03109713,0.96879655,0.000106305124
223427,2022-12-03 11:00:00,142,1,1,False,0.0011028539,0.9988263,7.083157e-05
227095,2022-12-06 02:00:00,147,0,0,False,0.99725085,0.0024112547,0.000337893
112513,2022-11-11 23:00:00,243,2,2,False,0.15765196,0.0005880389,0.84176
169421,2022-11-29 14:00:00,74,1,0,True,0.9806615,0.01882246,0.000516051
145120,2022-11-29 23:00:00,41,2,2,False,0.14628425,0.0011894412,0.8525263
223554,2022-12-08 18:00:00,142,1,1,False,0.0010643146,0.9988657,6.993224e-05
81664,2022-11-07 13:00:00,201,1,1,False,0.31247783,0.68728256,0.00023959547
221870,2022-12-29 15:00:00,14,0,0,False,0.9408531,0.0588343,0.0003125738
205149,2022-12-23 21:00:00,119,0,0,False,0.99728847,0.0008427514,0.001868781
319309,2022-12-03 00:00:00,266,1,1,False,0.032374494,0.96751004,0.00011549149
285881,2022-12-23 01:00:00,220,2,2,False,0.4629172,0.0008193979,0.5362634
116380,2022-11-24 03:00:00,248,0,0,False,0.99186957,0.008004408,0.00012599549
35314,2022-11-12 20:00:00,143,1,1,False,0.0010553267,0.99887985,6.481067e-05
241719,2022-12-14 14:00:00,165,2,2,False,0.2959052,0.0026929295,0.7014019
172896,2022-11-25 10:00:00,79,0,0,False,0.89544207,0.10359254,0.0009654191
73400,2022-11-20 19:00:00,191,0,0,False,0.5672373,0.4325227,0.00023996095
116199,2022-11-16 14:00:00,248,2,2,False,0.20054394,0.0005064747,0.7989496
94731,2022-11-15 20:00:00,218,0,0,False,0.9961255,0.0034688408,0.00040563405
77685,2022-11-20 14:00:00,197,0,0,False,0.96985054,0.002121776,0.028027607
156842,2022-11-11 22:00:00,57,2,0,True,0.72971,0.001993191,0.26829687
250812,2022-12-02 22:00:00,177,2,0,True,0.7367646,0.0012373829,0.26199803
142839,2022-11-24 07:00:00,39,2,2,False,0.3348441,0.00073269213,0.66442317
188499,2022-11-20 03:00:00,99,1,1,False,0.037904695,0.9619896,0.00010575186
224127,2022-12-02 14:00:00,143,1,1,False,0.0010377957,0.9988992,6.2946514e-05
352871,2022-12-20 08:00:00,64,2,0,True,0.98223764,0.012527071,0.005235264
165537,2022-11-16 17:00:00,69,2,2,False,0.29631445,0.00063276524,0.7030528
173652,2022-11-27 03:00:00,8,1,1,False,0.047031246,0.9527387,0.00023006603
324161,2022-12-25 20:00:00,28,1,1,False,0.001023797,0.99891174,6.447638e-05
190664,2022-12-21 04:00:00,100,0,0,False,0.9729206,0.026834764,0.0002446778
17990,2022-11-05 22:00:00,121,2,0,True,0.6285098,0.0007272469,0.37076297
107537,2022-11-13 04:00:00,236,2,2,False,0.06170647,0.0003763376,0.93791723
300497,2022-12-31 05:00:00,240,0,0,False,0.99777126,0.0020205511,0.00020819882
105250,2022-11-07 04:00:00,233,2,2,False,0.0241538,0.00023931755,0.9756068
30957,2022-11-10 01:00:00,138,0,0,False,0.96636534,0.033471487,0.00016312243
372187,2022-12-13 05:00:00,90,0,0,False,0.99835336,0.0010612583,0.00058538036
215494,2022-12-03 09:00:00,132,2,0,True,0.7179376,0.00084196957,0.28122047
373120,2022-12-22 23:00:00,91,1,1,False,0.109076336,0.890595,0.0003286309
290659,2022-12-10 22:00:00,227,2,0,True,0.8776079,0.00074788346,0.12164424
143,2022-11-07 02:00:00,1,1,1,False,0.019834783,0.9800718,9.337535e-05
206072,2022-12-01 08:00:00,120,0,0,False,0.9844679,0.014869828,0.000662214
301235,2022-12-31 22:00:00,241,2,2,False,0.15005042,0.0006309857,0.8493186
344893,2022-12-17 22:00:00,54,0,0,False,0.90320396,0.09651788,0.00027810555
177691,2022-11-16 16:00:00,85,2,2,False,0.20398806,0.00047435603,0.7955376
160232,2022-11-04 03:00:00,61,0,0,False,0.99848586,0.00073558063,0.00077857985
35041,2022-11-01 06:00:00,143,1,1,False,0.0010340157,0.99890137,6.459e-05
293270,2022-12-30 12:00:00,230,2,2,False,0.34106988,0.0006319667,0.65829813
362242,2022-12-20 06:00:00,78,0,0,False,0.98990333,0.009871072,0.0002256315
115180,2022-11-03 20:00:00,247,2,2,False,0.10466645,0.0005559467,0.8947776
166601,2022-11-01 06:00:00,71,1,1,False,0.07574578,0.92413294,0.000121319594
123096,2022-11-05 23:00:00,258,0,0,False,0.9385796,0.061309077,0.000111239155
269866,2022-12-15 18:00:00,20,1,1,False,0.0010240516,0.99891055,6.5398846e-05
36976,2022-11-22 12:00:00,145,0,0,False,0.98614836,0.008999982,0.0048516574
310132,2022-12-11 04:00:00,253,0,0,False,0.9967373,0.0029910589,0.0002715813
1527,2022-11-05 04:00:00,100,1,1,False,0.089839615,0.9099991,0.00016128433
330001,2022-12-28 20:00:00,35,0,0,False,0.9973801,0.002361734,0.00025813063
366271,2022-12-07 01:00:00,83,2,2,False,0.11615346,0.00049939676,0.88334715
100881,2022-11-03 21:00:00,227,2,2,False,0.33438215,0.0008334523,0.66478443
179140,2022-11-17 11:00:00,87,0,0,False,0.90039223,0.0993859,0.0002218037
87455,2022-11-10 14:00:00,209,1,0,True,0.77899146,0.2207855,0.00022303297
38154,2022-11-12 00:00:00,147,0,0,False,0.99480236,0.004988974,0.00020870521
69259,2022-11-27 00:00:00,186,2,0,True,0.9757237,0.0011123716,0.02316394
130901,2022-11-03 11:00:00,268,2,2,False,0.44404212,0.0009726434,0.5549852
288978,2022-12-31 22:00:00,224,2,2,False,0.21864524,0.00062038115,0.78073436
339097,2022-12-16 09:00:00,47,1,1,False,0.13666187,0.8631708,0.00016731581
71956,2022-11-20 05:00:00,19,0,0,False,0.9490751,0.050126374,0.00079851755
337647,2022-12-16 01:00:00,45,1,0,True,0.97728455,0.021866225,0.0008492422
109513,2022-11-06 01:00:00,239,1,1,False,0.027482325,0.9724036,0.000114085604
145780,2022-11-27 16:00:00,42,2,0,True,0.5405055,0.00081930665,0.45867518
287513,2022-12-30 23:00:00,222,0,0,False,0.98956114,0.010074005,0.0003647808
346289,2022-12-15 15:00:00,56,0,0,False,0.9912435,0.0075417156,0.0012148669
173979,2022-11-10 23:00:00,80,2,2,False,0.3333422,0.00092630263,0.66573155
254638,2022-12-12 03:00:00,181,2,2,False,0.028598808,0.00024784158,0.9711533
6488,2022-11-03 08:00:00,107,0,0,False,0.86453116,0.13513036,0.00033843855
112210,2022-11-29 03:00:00,242,2,2,False,0.07575355,0.0004288171,0.92381763
52990,2022-11-04 11:00:00,166,0,0,False,0.9908059,0.008467323,0.0007267292
100328,2022-11-10 17:00:00,226,2,2,False,0.4174645,0.00093371404,0.58160174
280731,2022-12-18 05:00:00,213,2,2,False,0.069589876,0.0005178678,0.92989224
344633,2022-12-06 17:00:00,54,0,0,False,0.98719877,0.012199174,0.000602094
347542,2022-12-07 18:00:00,58,2,0,True,0.9938723,0.0025500273,0.0035776617
318419,2022-12-26 22:00:00,264,0,0,False,0.97259045,0.027199147,0.00021045389
152270,2022-11-29 23:00:00,50,2,0,True,0.58776474,0.0013502785,0.41088498
287231,2022-12-19 03:00:00,222,0,0,False,0.99109495,0.008714963,0.00019001828
69664,2022-11-14 02:00:00,187,2,2,False,0.10661382,0.0004940089,0.8928922
61799,2022-11-14 02:00:00,177,2,2,False,0.32675442,0.00067492743,0.67257065
135032,2022-11-26 17:00:00,29,1,1,False,0.0010741635,0.99885726,6.85376e-05
224235,2022-12-07 02:00:00,143,1,1,False,0.0010522099,0.99887604,7.1777606e-05
32423,2022-11-11 13:00:00,14,0,0,False,0.98341507,0.016066866,0.00051812397
163444,2022-11-18 21:00:00,65,1,1,False,0.08848925,0.9113169,0.00019391796
48275,2022-11-16 15:00:00,16,1,1,False,0.0011723916,0.99875164,7.5961594e-05
241790,2022-12-17 22:00:00,165,1,1,False,0.18246429,0.8169649,0.0005708359
50331,2022-11-12 22:00:00,162,1,1,False,0.1811948,0.81854415,0.00026109535
105362,2022-11-11 22:00:00,233,2,2,False,0.06109877,0.00036344372,0.9385377
20091,2022-11-04 02:00:00,124,0,0,False,0.8625429,0.13714275,0.00031425734
165646,2022-11-21 06:00:00,69,1,1,False,0.20211305,0.79766965,0.00021732986
134377,2022-11-29 05:00:00,28,1,1,False,0.0010489828,0.9988844,6.6677945e-05
118496,2022-11-22 22:00:00,250,1,1,False,0.00096961274,0.99896634,6.4001484e-05
255948,2022-12-06 15:00:00,183,1,0,True,0.8679283,0.13173713,0.00033451835
293269,2022-12-30 11:00:00,230,2,0,True,0.98466265,0.0007248993,0.0146124335
201343,2022-12-14 14:00:00,114,0,0,False,0.9977448,0.0007827195,0.001472454
105081,2022-11-30 00:00:00,232,2,2,False,0.31001452,0.0007569242,0.68922853
121076,2022-11-11 06:00:00,254,1,1,False,0.25845292,0.7412841,0.00026301635
290825,2022-12-18 05:00:00,227,2,2,False,0.040336996,0.00037117378,0.9592918
201965,2022-12-10 11:00:00,115,0,0,False,0.9816674,0.01814467,0.00018789584
323922,2022-12-14 23:00:00,28,1,1,False,0.0009778525,0.9989604,6.1774364e-05
96097,2022-11-13 04:00:00,220,2,2,False,0.031812772,0.00028459445,0.96790266
304642,2022-12-23 16:00:00,246,0,0,False,0.99597955,0.0033323867,0.00068807503
215036,2022-12-14 08:00:00,131,1,0,True,0.9363774,0.06304209,0.00058055355
184923,2022-11-20 02:00:00,94,1,1,False,0.2851017,0.7146354,0.00026292595
231294,2022-12-31 18:00:00,151,2,2,False,0.22714546,0.00061860227,0.77223593
249402,2022-12-04 06:00:00,175,0,0,False,0.9292539,0.069728196,0.0010179722
156384,2022-11-22 15:00:00,56,2,0,True,0.8867583,0.001090712,0.112150915
21815,2022-11-16 10:00:00,126,2,2,False,0.12275806,0.00061823963,0.87662375
205727,2022-12-17 09:00:00,12,0,0,False,0.99474746,0.0037092417,0.0015432927
49599,2022-11-12 05:00:00,161,1,1,False,0.035906058,0.96401167,8.229837e-05
57160,2022-11-29 08:00:00,170,0,0,False,0.955767,0.0031527919,0.041080255
146999,2022-11-18 21:00:00,44,2,2,False,0.11290249,0.0005576495,0.8865399
58155,2022-11-11 05:00:00,172,0,0,False,0.99641764,0.0032727874,0.00030951336
221735,2022-12-24 00:00:00,14,0,2,True,0.47221833,0.000965743,0.52681595
285452,2022-12-04 06:00:00,220,2,2,False,0.11053396,0.0005017494,0.88896424
113822,2022-11-06 20:00:00,245,1,1,False,0.001043645,0.99888784,6.854519e-05
241864,2022-12-21 13:00:00,165,2,2,False,0.13211167,0.0022712045,0.8656171
103982,2022-11-14 00:00:00,231,2,2,False,0.19918296,0.0005745019,0.80024254
184742,2022-11-12 13:00:00,94,0,0,False,0.6146533,0.38507977,0.00026689493
318039,2022-12-10 04:00:00,264,0,0,False,0.9973584,0.0024601507,0.00018146787
106298,2022-11-21 03:00:00,234,2,2,False,0.07616172,0.00038813238,0.9234501
60468,2022-11-18 05:00:00,175,0,0,False,0.9963497,0.0015488293,0.0021014877
46013,2022-11-11 18:00:00,157,1,0,True,0.50873667,0.49079075,0.00047255636
175988,2022-11-05 05:00:00,83,2,2,False,0.18737647,0.0008283619,0.8117951
253821,2022-12-08 03:00:00,180,0,0,False,0.9975331,0.0022655448,0.00020136658
174467,2022-11-01 07:00:00,81,2,2,False,0.16209432,0.00065965625,0.837246
35673,2022-11-27 19:00:00,143,1,1,False,0.0010714877,0.99885595,7.251566e-05
39412,2022-11-04 18:00:00,149,1,0,True,0.9861734,0.009717141,0.004109489
225965,2022-12-19 22:00:00,145,1,0,True,0.8519952,0.1476816,0.00032318526
83350,2022-11-18 07:00:00,203,1,1,False,0.001003087,0.9989292,6.7726876e-05
57109,2022-11-27 05:00:00,170,1,1,False,0.1803932,0.81938285,0.00022391228
112535,2022-11-12 21:00:00,243,2,2,False,0.11881036,0.00051002373,0.8806796
332892,2022-12-29 03:00:00,39,0,0,False,0.99150133,0.0083236145,0.00017499409
192031,2022-12-17 12:00:00,102,1,1,False,0.1040812,0.89574414,0.0001746631
172262,2022-11-28 19:00:00,78,2,2,False,0.21995538,0.0008186292,0.779226
103252,2022-11-13 09:00:00,230,0,0,False,0.98359513,0.015416575,0.0009882912
105665,2022-11-24 13:00:00,233,2,2,False,0.20430218,0.0006045863,0.79509324
204356,2022-12-20 21:00:00,118,1,0,True,0.672618,0.32704931,0.00033270608
123369,2022-11-17 10:00:00,258,2,0,True,0.75150335,0.0011920267,0.24730462
112628,2022-11-16 18:00:00,243,1,1,False,0.2464619,0.75329685,0.0002413029
84174,2022-11-22 20:00:00,204,0,0,False,0.9665432,0.0017217081,0.031735145
362324,2022-12-23 18:00:00,78,1,0,True,0.65571374,0.3437974,0.0004888594
318523,2022-12-31 06:00:00,264,2,2,False,0.14128208,0.0004853689,0.85823256
148224,2022-11-10 08:00:00,46,1,0,True,0.90300745,0.09029562,0.0066969506
293077,2022-12-22 11:00:00,230,0,0,False,0.9594067,0.04012751,0.00046574898
126875,2022-11-14 13:00:00,262,0,0,False,0.9797998,0.00085143367,0.01934878
295307,2022-12-25 06:00:00,233,0,0,False,0.9966607,0.0008849663,0.0024543162
97218,2022-11-30 02:00:00,221,2,2,False,0.103576355,0.0004261842,0.89599746
22894,2022-11-01 14:00:00,128,2,0,True,0.6259139,0.0010964397,0.37298965
16731,2022-11-13 03:00:00,12,1,1,False,0.07806791,0.9217603,0.00017172498
48528,2022-11-27 04:00:00,16,1,1,False,0.0011260894,0.99879897,7.490467e-05
17807,2022-11-28 04:00:00,120,0,0,False,0.9791407,0.020755904,0.000103318685
224105,2022-12-01 16:00:00,143,1,1,False,0.0009940683,0.9989466,5.939109e-05
101852,2022-11-14 15:00:00,228,2,2,False,0.057281625,0.0003546472,0.94236374
252395,2022-12-08 19:00:00,179,2,2,False,0.2747111,0.0005569443,0.724732
107296,2022-11-03 01:00:00,236,2,0,True,0.8783976,0.0007945633,0.120807864
294678,2022-12-29 02:00:00,232,2,2,False,0.0590372,0.00037451976,0.94058824
52537,2022-11-15 11:00:00,165,2,2,False,0.13002485,0.0019516769,0.8680235
258666,2022-12-30 16:00:00,186,0,0,False,0.9931865,0.0012141805,0.005599304
136560,2022-11-30 19:00:00,30,1,1,False,0.0056440313,0.99415463,0.00020131447
106122,2022-11-13 19:00:00,234,2,2,False,0.24826479,0.0006326347,0.75110257
277197,2022-12-21 17:00:00,209,1,1,False,0.38207695,0.6176311,0.00029198747
148764,2022-11-02 23:00:00,47,2,2,False,0.11334193,0.0006212529,0.88603675
197716,2022-12-13 16:00:00,11,0,0,False,0.99237543,0.0074239695,0.00020065678
290453,2022-12-02 08:00:00,227,0,0,False,0.9951721,0.0036404883,0.0011874521
106539,2022-11-01 04:00:00,235,2,2,False,0.06168063,0.00043225664,0.93788713
27690,2022-11-22 21:00:00,133,2,0,True,0.97285515,0.0017719237,0.025372889
328022,2022-12-05 13:00:00,33,2,2,False,0.09437506,0.0004148622,0.9052101
292897,2022-12-14 01:00:00,230,2,2,False,0.10267316,0.00046359963,0.8968633
237283,2022-12-10 00:00:00,16,1,1,False,0.0011084717,0.9988193,7.224566e-05
105269,2022-11-07 23:00:00,233,2,2,False,0.073985256,0.00043431687,0.92558044
254810,2022-12-20 03:00:00,181,2,2,False,0.06690078,0.00040439796,0.93269485
72047,2022-11-24 00:00:00,19,1,0,True,0.53569096,0.46400192,0.00030706995
58429,2022-11-22 15:00:00,172,0,0,False,0.9827315,0.016875098,0.0003933787
135119,2022-11-30 08:00:00,29,1,1,False,0.0010548866,0.9988624,8.270228e-05
184263,2022-11-22 09:00:00,93,0,0,False,0.61237115,0.0028580446,0.3847708
191204,2022-12-12 17:00:00,101,0,0,False,0.9910575,0.008658699,0.00028378287
151418,2022-11-24 06:00:00,5,0,0,False,0.99199975,0.0077231196,0.0002770868
320300,2022-12-14 06:00:00,267,1,1,False,0.006834498,0.99285394,0.00031159722
175410,2022-11-11 00:00:00,82,2,2,False,0.07183239,0.00039682118,0.92777085
316598,2022-12-10 05:00:00,262,0,0,False,0.9978047,0.0016843639,0.0005108791
250598,2022-12-24 23:00:00,176,2,0,True,0.7123619,0.000974095,0.28666404
269389,2022-12-26 20:00:00,2,1,1,False,0.0010234249,0.9989097,6.6821274e-05
224915,2022-12-05 09:00:00,144,0,0,False,0.994686,0.0050580045,0.0002559399
124766,2022-11-16 01:00:00,26,0,0,False,0.98392624,0.015923347,0.00015040387
7637,2022-11-21 12:00:00,108,2,2,False,0.22401483,0.000836285,0.7751489
70274,2022-11-09 17:00:00,188,0,0,False,0.99567693,0.0016212101,0.0027018483
109975,2022-11-25 09:00:00,239,1,0,True,0.6785682,0.3211727,0.00025906996
183158,2022-11-06 01:00:00,92,1,1,False,0.00099091,0.99894625,6.287939e-05
29073,2022-11-20 22:00:00,135,0,0,False,0.9895783,0.009824519,0.0005971951
117609,2022-11-15 18:00:00,25,0,0,False,0.994875,0.00080257416,0.004322358
165533,2022-11-16 13:00:00,69,2,0,True,0.5864433,0.0008228095,0.41273385
114652,2022-11-11 17:00:00,246,1,0,True,0.87283987,0.12675257,0.00040754408
38081,2022-11-08 23:00:00,147,1,1,False,0.0031556783,0.9966556,0.0001887642
372566,2022-12-29 22:00:00,90,0,0,False,0.909675,0.09012905,0.00019593402
337453,2022-12-07 23:00:00,45,2,0,True,0.8853083,0.0016839289,0.113007724
52416,2022-11-10 10:00:00,165,2,2,False,0.1143292,0.0016358618,0.884035
329729,2022-12-16 14:00:00,35,1,1,False,0.090810075,0.9086881,0.0005017632
9729,2022-11-19 07:00:00,110,1,1,False,0.19051939,0.80924314,0.0002374708
144485,2022-11-03 10:00:00,41,1,1,False,0.31003287,0.6895729,0.000394243
258675,2022-12-31 01:00:00,186,2,2,False,0.03719424,0.00028932287,0.9625164
2169,2022-11-02 00:00:00,101,0,0,False,0.9982924,0.00087927043,0.00082833867
258677,2022-12-31 03:00:00,186,2,2,False,0.025852084,0.00023607594,0.9739119
21714,2022-11-12 05:00:00,126,1,1,False,0.0015229571,0.9983407,0.00013624242
145333,2022-11-09 01:00:00,42,2,2,False,0.051873896,0.00039528718,0.9477308
36701,2022-11-11 01:00:00,145,1,0,True,0.8762246,0.123442136,0.00033328854
197848,2022-12-20 00:00:00,11,1,1,False,0.032840125,0.9670542,0.00010570195
134884,2022-11-20 13:00:00,29,1,1,False,0.29031044,0.709439,0.00025055048
180973,2022-11-04 09:00:00,9,2,0,True,0.85015595,0.0033994692,0.14644454
316150,2022-12-22 12:00:00,261,0,0,False,0.9886213,0.010722666,0.00065602316
107964,2022-11-30 23:00:00,236,2,0,True,0.8856004,0.00078500743,0.11361458
267174,2022-12-24 16:00:00,197,0,0,False,0.997138,0.001979499,0.0008824603
224604,2022-12-23 09:00:00,143,1,1,False,0.0010680236,0.99886405,6.798512e-05
282899,2022-12-18 10:00:00,216,0,0,False,0.9738461,0.025916442,0.00023747078
200718,2022-12-19 10:00:00,113,2,2,False,0.22711733,0.0007931578,0.7720895
179629,2022-11-07 23:00:00,88,1,1,False,0.047108304,0.9527595,0.00013224524
96692,2022-11-08 02:00:00,221,2,2,False,0.03316471,0.000245943,0.9665893
159608,2022-11-07 22:00:00,60,0,0,False,0.99582654,0.0035032288,0.000670206
140180,2022-11-02 19:00:00,36,2,0,True,0.8051489,0.0014863943,0.19336468
344956,2022-12-21 02:00:00,54,1,1,False,0.1461866,0.85351664,0.00029678713
21552,2022-11-05 09:00:00,126,0,0,False,0.98209375,0.0007159443,0.017190259
122639,2022-11-16 19:00:00,257,0,0,False,0.99827754,0.0009925636,0.0007298976
126741,2022-11-08 23:00:00,262,0,0,False,0.955036,0.044635944,0.00032813507
373685,2022-12-15 13:00:00,92,0,0,False,0.9947343,0.00087219453,0.0043935524
277662,2022-12-10 03:00:00,21,1,1,False,0.18898804,0.81080264,0.0002093369
300640,2022-12-06 05:00:00,241,0,0,False,0.91700083,0.000712918,0.082286224
15553,2022-11-23 15:00:00,118,0,0,False,0.98789704,0.011514175,0.000588768
56177,2022-11-18 04:00:00,17,1,1,False,0.097742826,0.9020665,0.00019059812
240982,2022-12-13 22:00:00,164,0,0,False,0.99268144,0.0071193734,0.00019911335
106910,2022-11-16 20:00:00,235,0,0,False,0.98930603,0.010304893,0.00038899807
164625,2022-11-08 10:00:00,67,1,0,True,0.6683479,0.33142117,0.0002309855
68724,2022-11-04 15:00:00,186,2,0,True,0.54759747,0.0011654048,0.4512371
349530,2022-12-31 10:00:00,6,1,1,False,0.34081766,0.6588991,0.0002832113
266626,2022-12-31 21:00:00,196,0,0,False,0.9986534,0.0009927077,0.000353811
43125,2022-11-10 14:00:00,153,2,0,True,0.6550725,0.00092181435,0.3440057
79975,2022-11-26 15:00:00,2,1,1,False,0.0033839187,0.99649835,0.00011768861
333377,2022-12-19 05:00:00,4,0,0,False,0.9944555,0.0051825214,0.00036193756
50582,2022-11-23 09:00:00,162,2,0,True,0.88293934,0.0011243924,0.11593623
326790,2022-12-14 07:00:00,31,0,0,False,0.9470545,0.05271876,0.0002267493
78477,2022-11-23 19:00:00,198,1,0,True,0.8688497,0.130687,0.0004632804
118989,2022-11-13 16:00:00,251,1,1,False,0.400325,0.5993185,0.000356482
81298,2022-11-22 04:00:00,200,1,1,False,0.07315299,0.92671466,0.000132316
193397,2022-12-13 23:00:00,104,1,1,False,0.20676659,0.79301584,0.00021755327
2807,2022-11-28 19:00:00,101,0,0,False,0.9979862,0.00065917324,0.0013546431
37998,2022-11-05 10:00:00,147,1,1,False,0.0010616899,0.99886984,6.846621e-05
43701,2022-11-04 17:00:00,154,1,0,True,0.5164003,0.48296833,0.0006313798
66449,2022-11-29 02:00:00,182,2,2,False,0.093963936,0.00040597876,0.9056301
330929,2022-12-06 12:00:00,37,1,1,False,0.0010595525,0.99886703,7.344483e-05
324810,2022-12-22 20:00:00,29,1,1,False,0.001017377,0.9989184,6.420033e-05
4509,2022-11-10 08:00:00,104,0,0,False,0.98237956,0.00087069237,0.016749706
334965,2022-12-25 09:00:00,41,2,2,False,0.108847536,0.0006097623,0.89054275
96645,2022-11-06 03:00:00,221,2,2,False,0.041282255,0.00025664034,0.9584611
225039,2022-12-10 13:00:00,144,0,0,False,0.99834967,0.00093374174,0.000716648
102453,2022-11-09 21:00:00,229,0,0,False,0.99847466,0.0009323565,0.0005929562
365916,2022-12-23 05:00:00,82,2,2,False,0.084048964,0.00045868807,0.91549236
97890,2022-11-28 07:00:00,222,2,0,True,0.9495728,0.001988048,0.04843911
123030,2022-11-03 05:00:00,258,0,0,False,0.85070205,0.14908619,0.00021179473
52756,2022-11-24 14:00:00,165,2,0,True,0.98539644,0.009858212,0.0047453344
134390,2022-11-29 18:00:00,28,1,1,False,0.0010081615,0.99892455,6.721361e-05
28805,2022-11-09 18:00:00,135,2,0,True,0.9932708,0.004092585,0.0026366562
60846,2022-11-04 02:00:00,176,2,0,True,0.62377024,0.0007196088,0.3755102
325831,2022-12-04 09:00:00,30,0,0,False,0.90993375,0.08983822,0.00022800281
371533,2022-12-16 00:00:00,9,1,1,False,0.35526732,0.6442705,0.00046221784
355264,2022-12-30 00:00:00,67,1,1,False,0.24698143,0.75277275,0.00024583237
148668,2022-11-28 20:00:00,46,2,2,False,0.3876997,0.00092349696,0.61137676
183574,2022-11-23 11:00:00,92,2,2,False,0.21896705,0.00075924664,0.78027374
316581,2022-12-09 12:00:00,262,0,0,False,0.997451,0.0023702611,0.0001786702
136071,2022-11-10 10:00:00,30,0,0,False,0.99017006,0.005876917,0.003953044
96071,2022-11-12 02:00:00,220,2,0,True,0.54815626,0.0012065321,0.45063722
144504,2022-11-04 05:00:00,41,2,2,False,0.04642259,0.00045115524,0.95312625
12252,2022-11-05 04:00:00,114,1,1,False,0.19645377,0.8033562,0.0001900484
52443,2022-11-11 13:00:00,165,2,2,False,0.26979196,0.0026076941,0.7276004
378145,2022-12-22 01:00:00,98,1,1,False,0.11393133,0.8858507,0.00021787902
284058,2022-12-06 06:00:00,218,1,1,False,0.079347014,0.9205127,0.00014029261
19515,2022-11-09 23:00:00,123,0,0,False,0.9889191,0.009962067,0.0011187954
302581,2022-12-27 22:00:00,243,2,2,False,0.09298533,0.000542005,0.9064727
241010,2022-12-15 02:00:00,164,0,0,False,0.99509865,0.004704208,0.00019712161
74295,2022-11-28 07:00:00,192,0,0,False,0.98416775,0.014331811,0.0015003968
271493,2022-12-24 09:00:00,201,0,0,False,0.9954724,0.0043558576,0.00017179873
183623,2022-11-25 12:00:00,92,2,2,False,0.12230084,0.00057138636,0.87712777
368553,2022-12-12 00:00:00,86,1,1,False,0.117297575,0.88252,0.00018243439
181404,2022-11-22 10:00:00,9,2,2,False,0.18090698,0.0008120191,0.81828105
23409,2022-11-23 06:00:00,128,0,0,False,0.8491,0.15059054,0.00030939587
31956,2022-11-21 21:00:00,139,2,0,True,0.51964885,0.00097364443,0.4793775
170350,2022-11-08 17:00:00,76,1,1,False,0.2944858,0.7052461,0.0002681224
104038,2022-11-16 08:00:00,231,1,0,True,0.5159976,0.4834836,0.0005188039
261067,2022-12-09 15:00:00,19,1,1,False,0.18522754,0.8145829,0.00018954398
151457,2022-11-25 21:00:00,5,2,0,True,0.76613283,0.0011931491,0.232674
189323,2022-12-25 09:00:00,1,1,1,False,0.0010539492,0.998877,6.906571e-05
138876,2022-11-08 01:00:00,34,1,0,True,0.8033716,0.1964165,0.00021185669
87560,2022-11-14 23:00:00,209,0,0,False,0.87835544,0.12138183,0.00026272936
178800,2022-11-03 05:00:00,87,1,1,False,0.0106417,0.98926663,9.166355e-05
52332,2022-11-06 20:00:00,165,1,1,False,0.17984678,0.81962603,0.00052719936
52335,2022-11-06 23:00:00,165,1,1,False,0.05545956,0.9441678,0.000372655
350052,2022-12-23 03:00:00,60,1,1,False,0.032477155,0.96743673,8.6128675e-05
29319,2022-11-01 04:00:00,136,2,2,False,0.28680468,0.0009884652,0.7122069
292902,2022-12-14 06:00:00,230,2,0,True,0.8083086,0.00078796677,0.1909034
378821,2022-12-20 02:00:00,99,1,1,False,0.04439516,0.9554479,0.00015695237
330842,2022-12-02 21:00:00,37,1,1,False,0.002893033,0.99700624,0.00010076566
69358,2022-11-01 03:00:00,187,2,2,False,0.06931065,0.0004132983,0.93027604
154166,2022-11-19 14:00:00,53,0,0,False,0.99187124,0.0063760662,0.0017526727
119498,2022-11-05 00:00:00,252,1,1,False,0.05331795,0.94649464,0.00018740413
330875,2022-12-04 06:00:00,37,1,1,False,0.0126918815,0.9872168,9.1351736e-05
50084,2022-11-02 10:00:00,162,2,2,False,0.15267897,0.00056784134,0.84675324
365493,2022-12-04 16:00:00,82,2,0,True,0.55635434,0.00073145755,0.44291422
194952,2022-12-19 12:00:00,106,1,0,True,0.9631039,0.036617737,0.00027832793
330461,2022-12-17 10:00:00,36,2,0,True,0.5357365,0.0012462406,0.46301728
268684,2022-12-27 12:00:00,199,1,1,False,0.17010841,0.8294917,0.000399892
346578,2022-12-28 14:00:00,56,2,0,True,0.98553514,0.00230842,0.012156441
49727,2022-11-17 13:00:00,161,0,0,False,0.9956382,0.0017749261,0.0025868504
101841,2022-11-14 04:00:00,228,2,2,False,0.022282293,0.00022876689,0.977489
178441,2022-11-18 03:00:00,86,1,0,True,0.8370717,0.162628,0.0003002574
92382,2022-11-07 06:00:00,215,0,0,False,0.99701995,0.0020954392,0.0008845334
292922,2022-12-15 02:00:00,230,2,2,False,0.02800835,0.0002409879,0.9717506
108968,2022-11-13 05:00:00,238,2,2,False,0.062121455,0.00036352754,0.937515
162789,2022-11-21 09:00:00,64,2,2,False,0.28748888,0.00095112965,0.71156
107558,2022-11-14 01:00:00,236,2,2,False,0.051699053,0.00034436214,0.94795656
285884,2022-12-23 04:00:00,220,2,2,False,0.10029689,0.00042221582,0.89928085
111848,2022-11-14 01:00:00,242,2,2,False,0.06450165,0.00039026316,0.9351081
206239,2022-12-08 07:00:00,120,0,0,False,0.9963582,0.0034103892,0.00023139745
198068,2022-12-29 06:00:00,11,1,1,False,0.057330467,0.9425491,0.000120421486
71068,2022-11-13 00:00:00,189,2,0,True,0.9605524,0.0007417991,0.038705803
105959,2022-11-06 22:00:00,234,2,0,True,0.8493478,0.00070568995,0.14994657
83409,2022-11-20 18:00:00,203,1,1,False,0.0010095036,0.9989237,6.669762e-05
326175,2022-12-19 13:00:00,30,0,0,False,0.99288964,0.0034461347,0.003664171
214027,2022-12-02 08:00:00,130,1,0,True,0.6466439,0.3530868,0.0002693002
80671,2022-11-25 20:00:00,20,1,1,False,0.0010430675,0.9988937,6.323177e-05
352078,2022-12-16 12:00:00,63,0,1,True,0.40853006,0.5910177,0.00045225464
373830,2022-12-22 12:00:00,92,2,2,False,0.32746097,0.00078417506,0.67175484
303349,2022-12-29 21:00:00,244,0,0,False,0.9526804,0.04685239,0.0004671719
210854,2022-12-21 06:00:00,126,0,0,False,0.99658453,0.0028160254,0.00059941574
321398,2022-12-30 21:00:00,268,0,0,False,0.9959155,0.00092315313,0.0031614183
42551,2022-11-16 11:00:00,152,2,2,False,0.13826346,0.00061633374,0.8611202
245226,2022-12-10 12:00:00,17,1,0,True,0.62953943,0.3700995,0.0003610386
290445,2022-12-02 00:00:00,227,2,2,False,0.039507348,0.00029250045,0.96020013
214065,2022-12-03 22:00:00,130,0,0,False,0.99749446,0.0016962474,0.0008092725
30937,2022-11-09 05:00:00,138,1,1,False,0.11620064,0.88359725,0.0002021629
210969,2022-12-26 01:00:00,126,0,0,False,0.99343807,0.00038746026,0.00617443
144907,2022-11-21 02:00:00,41,2,2,False,0.14302869,0.00049155985,0.85647976
97939,2022-11-30 08:00:00,222,2,0,True,0.84139895,0.004241161,0.15435989
357798,2022-12-14 12:00:00,72,1,1,False,0.0011407641,0.99877506,8.418457e-05
374336,2022-12-12 15:00:00,93,0,0,False,0.98429525,0.015216962,0.000487821
188872,2022-12-05 16:00:00,1,1,0,True,0.7664121,0.23336723,0.00022062911
68879,2022-11-11 04:00:00,186,2,0,True,0.95781535,0.00073452253,0.041450113
144290,2022-11-25 04:00:00,40,1,0,True,0.88181055,0.1179118,0.00027762208
27876,2022-11-30 15:00:00,133,2,2,False,0.39809826,0.0008818111,0.6010199
82385,2022-11-07 19:00:00,202,1,1,False,0.16107033,0.8386373,0.00029239367
206464,2022-12-18 01:00:00,120,0,0,False,0.99024606,0.009555576,0.00019833223
145853,2022-11-30 17:00:00,42,2,0,True,0.7262112,0.0016332188,0.2721556
213990,2022-12-31 18:00:00,13,1,1,False,0.2430077,0.7567982,0.00019409538
48191,2022-11-13 03:00:00,16,1,1,False,0.0011226634,0.99880576,7.155481e-05
104556,2022-11-08 01:00:00,232,2,2,False,0.049071033,0.00034598509,0.95058304
140610,2022-11-20 19:00:00,36,2,0,True,0.7096609,0.000973207,0.28936595
357819,2022-12-15 09:00:00,72,1,1,False,0.0011350942,0.99877864,8.629763e-05
269807,2022-12-13 07:00:00,20,1,1,False,0.0010684911,0.9988525,7.9029895e-05
367923,2022-12-15 19:00:00,85,0,0,False,0.99791926,0.0009103535,0.0011703727
93041,2022-11-04 22:00:00,216,0,0,False,0.5829669,0.41668758,0.0003454925
192203,2022-12-25 05:00:00,102,0,0,False,0.9962119,0.0036118822,0.00017625492
216163,2022-12-01 05:00:00,133,2,2,False,0.070265725,0.00040013832,0.92933416
171583,2022-11-30 07:00:00,77,0,0,False,0.9871622,0.0013589184,0.011478856
174440,2022-11-30 04:00:00,80,0,0,False,0.99543226,0.00045633983,0.0041113654
21559,2022-11-05 16:00:00,126,0,0,False,0.9359007,0.063723765,0.00037559093
159503,2022-11-03 13:00:00,60,1,1,False,0.16272648,0.83706045,0.00021310055
235512,2022-12-27 06:00:00,157,0,0,False,0.9961874,0.0030391153,0.0007735415
186676,2022-11-03 16:00:00,97,0,0,False,0.94210666,0.056739893,0.0011534601
223781,2022-12-19 01:00:00,142,1,1,False,0.003945466,0.9958449,0.00020968725
296602,2022-12-19 01:00:00,235,2,2,False,0.12388717,0.00050025916,0.87561256
9660,2022-11-16 10:00:00,110,2,2,False,0.20328988,0.00073872606,0.7959714
57595,2022-11-17 16:00:00,171,2,0,True,0.80482584,0.0013837673,0.19379042
279700,2022-12-04 22:00:00,212,0,0,False,0.92204756,0.07777549,0.00017690222
70027,2022-11-29 05:00:00,187,2,2,False,0.077163726,0.0005028329,0.9223335
160610,2022-11-19 23:00:00,61,1,1,False,0.23170078,0.76812875,0.00017043824
119595,2022-11-09 03:00:00,252,1,1,False,0.04781778,0.9519189,0.00026335055
258030,2022-12-03 06:00:00,186,2,2,False,0.0683901,0.0004091079,0.9312008
27474,2022-11-13 21:00:00,133,2,2,False,0.11625955,0.00057323126,0.88316727
15084,2022-11-04 00:00:00,118,0,0,False,0.9854041,0.01392488,0.0006710022
94857,2022-11-21 02:00:00,218,0,1,True,0.15586652,0.8439511,0.00018237531
296983,2022-12-04 01:00:00,236,2,2,False,0.14204307,0.00052943575,0.85742754
105655,2022-11-24 03:00:00,233,2,2,False,0.030628704,0.00024882014,0.96912247
346991,2022-12-14 20:00:00,57,2,0,True,0.81049275,0.0009508243,0.18855646
3380,2022-11-22 21:00:00,102,0,0,False,0.99789786,0.0009323157,0.0011698605
147833,2022-11-23 20:00:00,45,0,0,False,0.9681994,0.004420503,0.027380176
180732,2022-11-24 05:00:00,89,1,1,False,0.0011018469,0.9988207,7.744211e-05
276043,2022-12-02 18:00:00,208,1,0,True,0.7042534,0.29175735,0.003989245
305294,2022-12-20 19:00:00,247,0,0,False,0.99156064,0.008011682,0.0004276164
241859,2022-12-21 08:00:00,165,2,0,True,0.94003004,0.022149451,0.03782056
270095,2022-12-26 05:00:00,20,1,1,False,0.0010150896,0.9989191,6.5755696e-05
258048,2022-12-04 00:00:00,186,2,0,True,0.9705067,0.00070265867,0.02879061
309633,2022-12-21 08:00:00,252,2,0,True,0.60544765,0.0012282896,0.39332405
10720,2022-11-30 19:00:00,111,1,1,False,0.45108214,0.54841715,0.0005007056
79576,2022-11-10 00:00:00,2,0,0,False,0.9974993,0.0021429658,0.00035772496
183298,2022-11-11 23:00:00,92,1,1,False,0.06932013,0.9305626,0.000117192394
288647,2022-12-17 14:00:00,224,0,0,False,0.97685677,0.02255128,0.0005919607
183980,2022-11-10 14:00:00,93,2,2,False,0.21216574,0.00047755346,0.78735673
6671,2022-11-11 01:00:00,107,1,1,False,0.14605902,0.8537378,0.00020322314
159072,2022-11-15 11:00:00,6,0,0,False,0.8893617,0.11038445,0.0002538087
60427,2022-11-16 12:00:00,175,1,1,False,0.47843036,0.5212378,0.0003318634
345222,2022-12-01 05:00:00,55,0,0,False,0.9885648,0.011356617,7.853224e-05
180599,2022-11-18 16:00:00,89,1,1,False,0.0010776895,0.9988556,6.676613e-05
285395,2022-12-01 21:00:00,220,2,0,True,0.6963267,0.0022830104,0.30139026
173706,2022-11-29 09:00:00,8,1,0,True,0.674188,0.32494378,0.0008681895
351749,2022-12-02 19:00:00,63,1,1,False,0.34495026,0.65452963,0.00052009855
123863,2022-11-08 03:00:00,259,0,0,False,0.98653686,0.01333578,0.0001273779
206450,2022-12-17 11:00:00,120,0,0,False,0.97450495,0.025240144,0.00025485648
325396,2022-12-16 07:00:00,3,1,0,True,0.85183847,0.14791532,0.00024622914
15822,2022-11-04 23:00:00,119,1,0,True,0.6346477,0.36509478,0.00025745845
144977,2022-11-24 00:00:00,41,2,2,False,0.06093735,0.00037525277,0.9386874
175990,2022-11-05 07:00:00,83,2,0,True,0.5900699,0.0014250714,0.40850502
330330,2022-12-11 14:00:00,36,0,0,False,0.9960219,0.0024315817,0.0015465332
61591,2022-11-05 08:00:00,177,2,0,True,0.906622,0.0012446386,0.0921334
304532,2022-12-19 00:00:00,246,0,0,False,0.9972922,0.0015829403,0.0011247633
103200,2022-11-11 05:00:00,230,2,2,False,0.024056645,0.00024194391,0.97570145
301439,2022-12-09 11:00:00,242,0,0,False,0.9862825,0.013506814,0.00021063177
104606,2022-11-10 05:00:00,232,2,2,False,0.09277076,0.00045274312,0.9067764
303941,2022-12-24 12:00:00,245,1,1,False,0.0010655508,0.9988655,6.900355e-05
41621,2022-11-07 10:00:00,151,2,2,False,0.12138503,0.00061803224,0.8779969
67408,2022-11-09 11:00:00,184,2,2,False,0.23644555,0.00061901374,0.76293546
218034,2022-12-19 22:00:00,135,2,0,True,0.8698071,0.00078403746,0.12940885
96115,2022-11-13 22:00:00,220,2,0,True,0.943304,0.0015641638,0.05513182
188794,2022-12-02 10:00:00,1,1,1,False,0.0037920997,0.99601436,0.00019353
178689,2022-11-28 11:00:00,86,0,0,False,0.9921543,0.006780412,0.0010652888
183784,2022-11-02 05:00:00,93,0,0,False,0.98850435,0.011350926,0.00014474335
290596,2022-12-08 07:00:00,227,2,2,False,0.055236455,0.00030330627,0.9444602
177614,2022-11-13 11:00:00,85,2,0,True,0.93622315,0.0005333807,0.0632435
77543,2022-11-14 16:00:00,197,0,0,False,0.9790862,0.020480294,0.0004334407
55028,2022-11-29 21:00:00,168,0,0,False,0.98995143,0.0076659387,0.0023825679
199000,2022-12-07 02:00:00,111,0,0,False,0.99682534,0.0009401276,0.0022345912
7489,2022-11-15 08:00:00,108,2,0,True,0.8948508,0.0055795787,0.099569626
338370,2022-12-16 03:00:00,46,2,2,False,0.03515091,0.00035162788,0.9644975
80495,2022-11-18 12:00:00,20,1,1,False,0.0010332911,0.99889755,6.910693e-05
114089,2022-11-18 01:00:00,245,1,1,False,0.0010576186,0.99886924,7.312435e-05
319289,2022-12-02 04:00:00,266,1,1,False,0.065876245,0.9340045,0.000119258584
196696,2022-12-01 05:00:00,109,1,1,False,0.031588364,0.9682841,0.00012753416
8016,2022-11-07 10:00:00,109,2,2,False,0.41433582,0.0012976846,0.5843665
74073,2022-11-19 01:00:00,192,0,0,False,0.96461195,0.035121437,0.00026659176
250788,2022-12-01 22:00:00,177,2,2,False,0.34939018,0.00088656635,0.64972323
210909,2022-12-23 13:00:00,126,0,0,False,0.9967188,0.0020587412,0.0012224446
263847,2022-12-05 07:00:00,193,0,0,False,0.9931591,0.006162808,0.0006780896
93784,2022-11-06 02:00:00,217,0,0,False,0.998314,0.0010498822,0.000636068
309923,2022-12-02 11:00:00,253,1,1,False,0.2687161,0.73102516,0.00025871934
59410,2022-11-03 20:00:00,174,0,0,False,0.95167273,0.047940355,0.00038685848
350659,2022-12-17 20:00:00,61,1,1,False,0.2336685,0.766031,0.00030051434
36434,2022-11-29 17:00:00,144,1,0,True,0.75198853,0.24774714,0.00026434436
186688,2022-11-04 04:00:00,97,1,1,False,0.11431844,0.8855286,0.00015292827
189792,2022-12-13 23:00:00,10,1,0,True,0.71640974,0.28323987,0.00035038538
105945,2022-11-06 08:00:00,234,2,2,False,0.12298528,0.0005211481,0.8764936
294680,2022-12-29 04:00:00,232,2,2,False,0.0332897,0.00031739997,0.9663929
379021,2022-12-28 12:00:00,99,0,0,False,0.9914287,0.008039863,0.0005314968
99144,2022-11-20 23:00:00,224,2,2,False,0.121629596,0.000499951,0.87787044
123560,2022-11-25 09:00:00,258,2,0,True,0.58671755,0.0010077074,0.41227475
224268,2022-12-08 11:00:00,143,1,1,False,0.0010608643,0.9988626,7.653382e-05
106009,2022-11-09 02:00:00,234,2,0,True,0.9712484,0.0004229283,0.02832876
265389,2022-12-09 11:00:00,195,0,0,False,0.9977986,0.0015791501,0.0006221622
61322,2022-11-24 00:00:00,176,2,2,False,0.13951825,0.000637163,0.8598446
180887,2022-11-30 16:00:00,89,1,1,False,0.0010484322,0.99888474,6.678768e-05
33331,2022-11-19 14:00:00,140,0,0,False,0.98210275,0.017398966,0.0004982542
186214,2022-11-14 07:00:00,96,1,1,False,0.4410909,0.55806285,0.0008462419
107393,2022-11-07 02:00:00,236,2,2,False,0.41182745,0.00078586553,0.58738667
284490,2022-12-25 04:00:00,218,1,1,False,0.001083234,0.99884737,6.942727e-05
365911,2022-12-23 00:00:00,82,2,0,True,0.9411618,0.0009264794,0.057911754
39612,2022-11-13 04:00:00,149,2,2,False,0.036937427,0.0002798974,0.9627827
224655,2022-12-25 12:00:00,143,1,1,False,0.001018152,0.99891734,6.453715e-05
23872,2022-11-12 18:00:00,129,0,0,False,0.9950492,0.001589548,0.0033612596
238573,2022-12-03 16:00:00,161,1,0,True,0.9478246,0.051785532,0.00038989948
86095,2022-11-13 12:00:00,207,1,0,True,0.81949884,0.18029548,0.00020564624
349143,2022-12-14 09:00:00,6,1,1,False,0.111607455,0.88820595,0.00018657469
65546,2022-11-21 06:00:00,181,2,2,False,0.10799753,0.0004692575,0.8915332
340797,2022-12-28 01:00:00,49,2,2,False,0.04421472,0.00028948754,0.9554958
154811,2022-11-16 16:00:00,54,1,1,False,0.3335457,0.666213,0.0002413014
186981,2022-11-16 11:00:00,97,2,2,False,0.33335772,0.0005818103,0.6660604
134968,2022-11-24 01:00:00,29,1,1,False,0.028565811,0.9713478,8.646681e-05
172500,2022-11-08 22:00:00,79,2,2,False,0.4308581,0.0009569845,0.5681849
161591,2022-11-01 01:00:00,63,2,2,False,0.10818149,0.0006254535,0.8911931
222329,2022-12-18 04:00:00,140,0,0,False,0.99793243,0.0014099748,0.00065759785
105731,2022-11-27 07:00:00,233,2,2,False,0.03701238,0.00028223364,0.96270543
151010,2022-11-07 04:00:00,5,1,1,False,0.14493684,0.8548674,0.0001956794
229477,2022-12-15 05:00:00,15,1,1,False,0.16699535,0.83281606,0.00018862053
352877,2022-12-20 16:00:00,64,2,0,True,0.9480342,0.0007998413,0.051165905
135072,2022-11-28 09:00:00,29,1,1,False,0.0010711215,0.9988557,7.319334e-05
26716,2022-11-12 02:00:00,132,2,0,True,0.8666754,0.0007089211,0.13261575
70254,2022-11-08 21:00:00,188,2,2,False,0.22261304,0.00069432135,0.7766926
253495,2022-12-25 12:00:00,18,1,1,False,0.1216541,0.8781814,0.00016450486
60847,2022-11-04 03:00:00,176,2,2,False,0.0985711,0.000430505,0.9009984
55565,2022-11-22 11:00:00,169,0,1,True,0.3559035,0.64384305,0.00025340423
126097,2022-11-11 22:00:00,261,0,0,False,0.9118743,0.0877742,0.00035146848
65111,2022-11-03 01:00:00,181,2,2,False,0.058729224,0.000437271,0.9408335
335304,2022-12-08 13:00:00,42,0,0,False,0.99433064,0.004008985,0.0016602993
38935,2022-11-14 18:00:00,148,1,0,True,0.68987584,0.30985492,0.00026925205
22768,2022-11-26 08:00:00,127,0,0,False,0.9972652,0.0024091194,0.00032562666
186509,2022-11-26 14:00:00,96,1,1,False,0.4352667,0.56447524,0.00025803957
272706,2022-12-13 22:00:00,203,1,1,False,0.058187854,0.9417034,0.00010879493
183624,2022-11-25 13:00:00,92,2,2,False,0.24708793,0.0007817364,0.7521303
363265,2022-12-01 23:00:00,8,1,1,False,0.14913113,0.85061824,0.00025064725
185933,2022-11-02 09:00:00,96,1,1,False,0.0010623651,0.998863,7.471333e-05
170208,2022-11-02 14:00:00,76,1,0,True,0.98123723,0.018128037,0.0006347723
19417,2022-11-05 19:00:00,123,2,2,False,0.45436025,0.0008713153,0.54476845
186412,2022-11-22 13:00:00,96,0,0,False,0.8511564,0.14866039,0.0001832034
104604,2022-11-10 03:00:00,232,2,2,False,0.042214327,0.0003600308,0.9574256
188024,2022-11-30 03:00:00,98,1,1,False,0.030309226,0.9695915,9.924208e-05
7186,2022-11-02 12:00:00,108,2,2,False,0.33981898,0.0008228472,0.6593582
110947,2022-11-06 05:00:00,241,2,0,True,0.5093664,0.00087832223,0.4897553
243802,2022-12-11 06:00:00,168,0,0,False,0.9973258,0.0018190473,0.0008551276
104795,2022-11-18 02:00:00,232,2,2,False,0.09295465,0.00047824782,0.90656716
220474,2022-12-31 13:00:00,138,0,0,False,0.9953458,0.0006574615,0.003996722
201398,2022-12-16 21:00:00,114,1,1,False,0.33534533,0.6644571,0.00019755463
120483,2022-11-16 08:00:00,253,1,0,True,0.5684729,0.42917305,0.002353966
9584,2022-11-13 06:00:00,110,1,1,False,0.15326586,0.84655917,0.00017502878
275373,2022-12-04 21:00:00,207,0,0,False,0.99528694,0.0045321863,0.00018083332
290854,2022-12-19 21:00:00,227,2,2,False,0.24970387,0.00069580675,0.74960035
280388,2022-12-03 13:00:00,213,1,0,True,0.9788688,0.020600356,0.0005308875
354193,2022-12-14 12:00:00,66,0,2,True,0.10078131,0.00051112863,0.8987075
14242,2022-11-28 14:00:00,116,1,0,True,0.98665094,0.012994184,0.00035487418
188291,2022-11-11 11:00:00,99,2,2,False,0.32043612,0.0009510952,0.6786128
144836,2022-11-18 03:00:00,41,2,2,False,0.08929502,0.0005313805,0.91017365
292713,2022-12-06 09:00:00,230,0,0,False,0.9909575,0.0005537511,0.008488776
36706,2022-11-11 06:00:00,145,1,1,False,0.28005478,0.71959656,0.00034858045
126694,2022-11-06 22:00:00,262,2,2,False,0.25423875,0.00068554044,0.74507564
42017,2022-11-24 00:00:00,151,1,1,False,0.12601615,0.87379265,0.00019121713
224467,2022-12-16 18:00:00,143,1,1,False,0.0010689595,0.99886644,6.459445e-05
116206,2022-11-16 21:00:00,248,2,2,False,0.074673966,0.0003957596,0.9249303
94649,2022-11-12 10:00:00,218,1,1,False,0.21529625,0.7844432,0.00026058883
193133,2022-12-02 23:00:00,104,0,1,True,0.37004736,0.6292568,0.00069580134
103506,2022-11-23 23:00:00,230,2,2,False,0.18810156,0.00061033975,0.8112881
324022,2022-12-19 23:00:00,28,1,1,False,0.0009785554,0.99896073,6.069644e-05
331103,2022-12-13 18:00:00,37,1,0,True,0.66156316,0.33803883,0.0003980571
257037,2022-12-22 21:00:00,184,1,0,True,0.6571667,0.34257182,0.0002614036
163083,2022-11-03 18:00:00,65,1,1,False,0.34541488,0.65414745,0.0004377301
306774,2022-12-22 09:00:00,249,1,0,True,0.8229504,0.17685337,0.00019621127
279666,2022-12-03 12:00:00,212,0,0,False,0.91462934,0.08493062,0.0004400427
35022,2022-11-30 11:00:00,142,1,1,False,0.0010869772,0.9988405,7.249525e-05
98351,2022-11-17 17:00:00,223,0,0,False,0.9904929,0.00707325,0.002433881
246097,2022-12-16 18:00:00,170,1,0,True,0.68542135,0.31337684,0.001201796
55767,2022-11-30 21:00:00,169,0,0,False,0.9930052,0.005281169,0.0017136585
223576,2022-12-09 16:00:00,142,1,1,False,0.0010845166,0.9988483,6.710005e-05
378372,2022-12-31 12:00:00,98,1,1,False,0.11764054,0.8821913,0.00016811282
106010,2022-11-09 03:00:00,234,2,2,False,0.116422154,0.00056633394,0.8830116
259878,2022-12-21 02:00:00,188,0,0,False,0.9971316,0.0026590694,0.0002093759
210530,2022-12-06 20:00:00,126,0,0,False,0.9700716,0.0005849619,0.02934342
284644,2022-12-31 14:00:00,218,1,1,False,0.0011498609,0.9987841,6.607139e-05
309917,2022-12-02 05:00:00,253,2,2,False,0.08406728,0.0005248397,0.91540784
353108,2022-12-30 07:00:00,64,0,0,False,0.988374,0.01010449,0.0015214366
189796,2022-12-14 03:00:00,10,1,1,False,0.085974224,0.91380906,0.00021674282
300999,2022-12-22 02:00:00,241,2,2,False,0.081338346,0.00043078596,0.91823083
314014,2022-12-23 15:00:00,259,0,0,False,0.94022304,0.05879855,0.0009783435
47224,2022-11-02 10:00:00,159,2,2,False,0.12364586,0.0006005354,0.8757536
100190,2022-11-04 21:00:00,226,2,2,False,0.16151717,0.000621407,0.8378614
215182,2022-12-21 08:00:00,131,0,0,False,0.9639586,0.03566098,0.00038034763
11016,2022-11-13 08:00:00,112,1,1,False,0.14363262,0.85606813,0.00029927562
60277,2022-11-10 06:00:00,175,2,2,False,0.29329976,0.00071595964,0.70598423
96099,2022-11-13 06:00:00,220,2,2,False,0.061313987,0.0003654862,0.9383205
130608,2022-11-21 03:00:00,267,0,0,False,0.9980843,0.0015869904,0.0003287256
110665,2022-11-24 08:00:00,240,1,1,False,0.2630251,0.7366077,0.0003672127
184048,2022-11-13 10:00:00,93,0,0,False,0.99833906,0.0010297478,0.0006311424
334825,2022-12-19 11:00:00,41,1,1,False,0.38823333,0.61134416,0.0004225199
247553,2022-12-17 17:00:00,172,2,2,False,0.29948267,0.00066530047,0.69985205
692,2022-11-30 01:00:00,1,0,0,False,0.9983524,0.0010950867,0.0005525466
8035,2022-11-08 05:00:00,109,1,1,False,0.036419164,0.9634633,0.00011759877
162351,2022-11-03 01:00:00,64,1,1,False,0.12833577,0.87119216,0.00047213075
317661,2022-12-25 09:00:00,263,0,0,False,0.99829596,0.0006312072,0.0010728107
104992,2022-11-26 07:00:00,232,2,2,False,0.16587673,0.00066034566,0.83346295
25312,2022-11-13 04:00:00,130,1,0,True,0.6619106,0.33787048,0.00021893028
189292,2022-12-24 02:00:00,1,1,1,False,0.0038599765,0.99599445,0.00014550959
284123,2022-12-08 23:00:00,218,1,1,False,0.0010253468,0.99890804,6.6619585e-05
301547,2022-12-13 23:00:00,242,2,0,True,0.6902222,0.00081916444,0.30895862
270538,2022-12-13 17:00:00,200,0,0,False,0.997644,0.0020823048,0.00027368453
42700,2022-11-22 16:00:00,152,0,0,False,0.9970251,0.001443508,0.0015313982
254687,2022-12-14 04:00:00,181,2,2,False,0.02873619,0.00024513048,0.9710187
167122,2022-11-23 04:00:00,71,0,0,False,0.98875254,0.00030577192,0.010941659
94147,2022-11-21 07:00:00,217,0,0,False,0.9941981,0.0034541893,0.0023476828
35675,2022-11-27 21:00:00,143,1,1,False,0.001058032,0.99887663,6.535816e-05
254376,2022-12-01 05:00:00,181,2,2,False,0.035768423,0.00034448123,0.9638871
193258,2022-12-08 04:00:00,104,1,0,True,0.90579623,0.09404227,0.00016149796
175095,2022-11-27 16:00:00,81,2,0,True,0.61329454,0.0010650962,0.38564038
237413,2022-12-15 10:00:00,16,1,1,False,0.0011243315,0.9987913,8.441804e-05
284347,2022-12-19 03:00:00,218,1,1,False,0.026781954,0.9730848,0.00013324016
162265,2022-11-29 08:00:00,63,1,1,False,0.22857244,0.77109456,0.0003330491
105751,2022-11-28 03:00:00,233,2,2,False,0.027264211,0.00024222229,0.9724936
341598,2022-12-31 09:00:00,5,1,1,False,0.3325526,0.66699,0.00045741387
294679,2022-12-29 03:00:00,232,2,2,False,0.0323699,0.00028905063,0.967341
294427,2022-12-18 02:00:00,232,2,0,True,0.5997983,0.0009800219,0.39922163
330309,2022-12-10 17:00:00,36,2,2,False,0.265714,0.0008178211,0.7334682
240602,2022-12-29 01:00:00,163,0,0,False,0.99512815,0.0046284683,0.0002433663
340920,2022-12-02 05:00:00,5,1,1,False,0.021001335,0.9789048,9.392055e-05
262524,2022-12-10 06:00:00,191,0,0,False,0.99361527,0.006101596,0.00028311455
281747,2022-12-31 01:00:00,214,0,0,False,0.99828136,0.0008537649,0.0008649285
95491,2022-11-17 17:00:00,219,2,2,False,0.34105903,0.00082021026,0.65812075
223817,2022-12-20 15:00:00,142,1,1,False,0.0047634416,0.9949809,0.00025575855
216161,2022-12-01 03:00:00,133,2,2,False,0.066965476,0.00038804495,0.9326465
95007,2022-11-27 08:00:00,218,1,1,False,0.13018784,0.8696541,0.00015806967
165819,2022-11-28 11:00:00,69,2,0,True,0.50948393,0.00086944405,0.4896466
35324,2022-11-13 06:00:00,143,1,1,False,0.0010430333,0.99889094,6.600238e-05
63408,2022-11-21 13:00:00,179,0,0,False,0.94959754,0.050080433,0.0003219897
112690,2022-11-19 08:00:00,243,2,2,False,0.1432601,0.0005550816,0.8561848
28865,2022-11-12 06:00:00,135,2,2,False,0.28926146,0.00072590756,0.7100126
284527,2022-12-26 17:00:00,218,1,1,False,0.0011265727,0.99880373,6.966139e-05
356604,2022-12-25 18:00:00,7,0,0,False,0.9839279,0.015893826,0.00017829752
115181,2022-11-03 21:00:00,247,2,2,False,0.08191675,0.000510191,0.91757303
246762,2022-12-14 10:00:00,171,0,0,False,0.9794095,0.019871598,0.00071891677
308875,2022-12-19 17:00:00,251,1,1,False,0.3940908,0.6056192,0.0002899687
309915,2022-12-02 03:00:00,253,2,2,False,0.084880695,0.00048222858,0.9146371
331643,2022-12-06 05:00:00,38,1,0,True,0.93703884,0.062721096,0.00024001075
290879,2022-12-21 00:00:00,227,0,0,False,0.93371546,0.0007337015,0.06555079
46084,2022-11-14 17:00:00,157,0,0,False,0.97889817,0.010757502,0.010344313
215477,2022-12-02 16:00:00,132,0,0,False,0.97546536,0.0038751166,0.020659562
87088,2022-11-25 02:00:00,208,0,0,False,0.99815255,0.0012614352,0.00058596657
298153,2022-12-23 16:00:00,237,0,0,False,0.99749386,0.0011823461,0.001323771
96452,2022-11-27 23:00:00,220,2,2,False,0.19650161,0.0006285978,0.80286986
122825,2022-11-24 13:00:00,257,0,0,False,0.99763083,0.0014419599,0.0009271928
294915,2022-12-08 00:00:00,233,0,0,False,0.99814534,0.0007819379,0.0010727614
330602,2022-12-23 20:00:00,36,2,2,False,0.38819987,0.0011408154,0.6106593
141278,2022-11-18 20:00:00,37,2,2,False,0.21507461,0.00072532555,0.7842
159351,2022-11-27 02:00:00,6,1,0,True,0.5288756,0.47085312,0.0002713147
106678,2022-11-07 02:00:00,235,2,2,False,0.18741001,0.0007273142,0.81186265
367275,2022-12-19 16:00:00,84,0,0,False,0.9897115,0.0043345233,0.0059539624
199347,2022-12-22 11:00:00,111,0,0,False,0.9924293,0.0062296414,0.0013410809
273541,2022-12-19 12:00:00,204,0,0,False,0.99371815,0.0053245113,0.0009573711
281228,2022-12-08 12:00:00,214,0,0,False,0.9965544,0.0017321018,0.0017135402
73408,2022-11-21 03:00:00,191,0,1,True,0.12262745,0.87719035,0.0001821794
201634,2022-12-27 15:00:00,114,0,0,False,0.9948211,0.0050113825,0.00016750382
92218,2022-11-30 07:00:00,214,0,0,False,0.96823055,0.029679816,0.0020896224
327793,2022-12-26 23:00:00,32,1,1,False,0.27436826,0.7254191,0.00021261109
141118,2022-11-12 04:00:00,37,1,1,False,0.1510541,0.8486866,0.00025931987
331028,2022-12-10 15:00:00,37,1,1,False,0.0010804648,0.99883753,8.2041384e-05
369986,2022-12-11 15:00:00,88,0,0,False,0.99792695,0.0011996229,0.00087341695
45806,2022-11-03 01:00:00,157,1,1,False,0.037307348,0.962429,0.00026366816
302816,2022-12-06 18:00:00,244,0,2,True,0.3109403,0.00091288827,0.6881468
165252,2022-11-04 18:00:00,69,0,0,False,0.8608768,0.13849199,0.0006311961
373712,2022-12-16 16:00:00,92,0,0,False,0.99718297,0.0014609693,0.0013561472
106165,2022-11-15 14:00:00,234,0,0,False,0.99578875,0.0018261777,0.0023851069
163087,2022-11-03 22:00:00,65,0,1,True,0.32238263,0.677167,0.00045042153
34915,2022-11-26 00:00:00,142,1,1,False,0.0011421915,0.99879336,6.438481e-05
7517,2022-11-16 12:00:00,108,2,2,False,0.22225654,0.00094501465,0.7767984
179703,2022-11-11 03:00:00,88,2,0,True,0.9691274,0.0004627643,0.030409819
269336,2022-12-24 15:00:00,2,1,1,False,0.001063619,0.9988662,7.021188e-05
241310,2022-12-28 12:00:00,164,0,0,False,0.99754083,0.0015303956,0.0009288477
302845,2022-12-07 23:00:00,244,0,0,False,0.6772128,0.32242474,0.0003625104
241862,2022-12-21 11:00:00,165,2,2,False,0.13480747,0.0020798554,0.8631127
25630,2022-11-26 10:00:00,130,1,1,False,0.31254286,0.68721503,0.00024211593
6353,2022-11-27 14:00:00,106,1,1,False,0.0011776163,0.998755,6.734906e-05
134546,2022-11-06 09:00:00,29,1,1,False,0.07989304,0.91997004,0.00013692486
207237,2022-12-20 18:00:00,121,0,0,False,0.9973219,0.0017548545,0.00092323165
151301,2022-11-19 09:00:00,5,0,0,False,0.9748526,0.024726175,0.00042120757
104678,2022-11-13 05:00:00,232,2,2,False,0.048491575,0.0003870444,0.9511214
104390,2022-11-01 00:00:00,232,0,0,False,0.983897,0.015454076,0.00064896396
110946,2022-11-06 04:00:00,241,0,0,False,0.77268517,0.00091080857,0.22640404
67402,2022-11-09 05:00:00,184,2,2,False,0.044170648,0.00039479707,0.9554345
20609,2022-11-25 18:00:00,124,0,0,False,0.98689914,0.011879568,0.0012213517
145401,2022-11-11 21:00:00,42,2,2,False,0.16630512,0.0007461559,0.8329487
259236,2022-12-24 09:00:00,187,2,2,False,0.29384983,0.000592357,0.7055578
120478,2022-11-16 03:00:00,253,2,2,False,0.085671924,0.00053929293,0.91378874
133827,2022-11-06 05:00:00,28,1,1,False,0.17877036,0.821004,0.00022569996
148168,2022-11-07 22:00:00,46,2,0,True,0.76298803,0.0013663011,0.23564562
268082,2022-12-01 12:00:00,199,1,1,False,0.15941857,0.8401585,0.00042292156
103980,2022-11-13 22:00:00,231,2,2,False,0.25497708,0.0005412953,0.7444817
149601,2022-11-08 01:00:00,48,2,2,False,0.05396393,0.0004260607,0.94561005
190294,2022-12-04 20:00:00,100,1,0,True,0.7459575,0.2538344,0.00020815652
200973,2022-12-30 03:00:00,113,0,0,False,0.9942556,0.00538895,0.00035544828
35067,2022-11-02 08:00:00,143,1,1,False,0.0010617933,0.99886334,7.490006e-05
303822,2022-12-19 11:00:00,245,1,1,False,0.0032437944,0.9965659,0.00019035277
106940,2022-11-18 02:00:00,235,2,2,False,0.049811594,0.0003280872,0.94986033
352866,2022-12-20 03:00:00,64,1,1,False,0.030883485,0.96885544,0.00026106357
76198,2022-11-18 05:00:00,195,0,0,False,0.99644405,0.0032638179,0.00029218514
148264,2022-11-12 00:00:00,46,2,2,False,0.18654042,0.0006443844,0.8128152
208600,2022-12-16 13:00:00,123,0,0,False,0.9927764,0.006613423,0.0006101767
177828,2022-11-22 09:00:00,85,0,0,False,0.61332786,0.0010652232,0.3856069
62673,2022-11-20 17:00:00,178,0,0,False,0.977494,0.0007288123,0.02177725
162613,2022-11-14 01:00:00,64,1,1,False,0.034722216,0.96513355,0.00014418912
137009,2022-11-19 17:00:00,31,2,0,True,0.55565083,0.00083176384,0.44351736
25960,2022-11-10 09:00:00,131,0,0,False,0.7332527,0.26642135,0.0003259662
300868,2022-12-15 17:00:00,241,0,0,False,0.9701643,0.029357674,0.0004780234
203238,2022-12-03 10:00:00,117,0,0,False,0.9142261,0.085608855,0.00016503673
242244,2022-12-06 10:00:00,166,0,0,False,0.9975299,0.0019193805,0.00055074674
87988,2022-11-02 22:00:00,21,1,1,False,0.14927676,0.8504987,0.00022457178
371637,2022-12-21 06:00:00,9,1,1,False,0.056587163,0.94321364,0.00019917886
271220,2022-12-12 02:00:00,201,0,0,False,0.8831749,0.116609655,0.00021543635
11476,2022-11-02 12:00:00,113,2,2,False,0.34009036,0.00075563503,0.659154
117858,2022-11-26 03:00:00,25,0,0,False,0.99765635,0.0019861541,0.00035748235
6322,2022-11-26 07:00:00,106,1,1,False,0.0011547953,0.998779,6.618861e-05
237307,2022-12-11 00:00:00,16,1,1,False,0.0011160289,0.9988104,7.356482e-05
343086,2022-12-02 08:00:00,52,0,0,False,0.99222374,0.003448206,0.0043280707
338512,2022-12-22 23:00:00,46,2,2,False,0.1613401,0.0007500006,0.83790994
184245,2022-11-21 15:00:00,93,2,2,False,0.09416021,0.00036383563,0.9054759
237528,2022-12-21 03:00:00,16,1,1,False,0.003702454,0.9960741,0.00022351173
48436,2022-11-23 08:00:00,16,1,1,False,0.0011326721,0.9987664,0.00010095569
94103,2022-11-19 11:00:00,217,0,0,False,0.99781513,0.00073916523,0.0014456813
171320,2022-11-19 08:00:00,77,2,0,True,0.5703966,0.0015143863,0.428089
347810,2022-12-19 18:00:00,58,2,0,True,0.5342303,0.0013492438,0.46442047
298180,2022-12-24 19:00:00,237,2,2,False,0.06700307,0.0003747933,0.93262213
241787,2022-12-17 19:00:00,165,1,0,True,0.7733482,0.22591658,0.000735206
40998,2022-11-11 08:00:00,150,0,0,False,0.90478987,0.09449219,0.0007179935
196312,2022-12-15 06:00:00,108,0,0,False,0.9905359,0.009061863,0.00040221435
355864,2022-12-24 23:00:00,69,0,0,False,0.988525,0.011309541,0.00016551802
366833,2022-12-31 09:00:00,83,2,2,False,0.08789173,0.00038921682,0.9117191
161576,2022-11-30 10:00:00,62,0,0,False,0.98709273,0.012027085,0.0008802241
331419,2022-12-27 20:00:00,37,0,0,False,0.9922367,0.007004157,0.00075915654
101101,2022-11-13 03:00:00,227,2,2,False,0.02928168,0.00027190015,0.97044647
149204,2022-11-21 09:00:00,47,0,0,False,0.8846498,0.11464625,0.00070397236
249056,2022-12-20 19:00:00,174,1,1,False,0.003199104,0.99661547,0.00018548971
149817,2022-11-17 03:00:00,48,2,2,False,0.038643844,0.00040385395,0.9609523
105653,2022-11-24 01:00:00,233,2,2,False,0.045383878,0.00031720017,0.9542989
114271,2022-11-25 15:00:00,245,1,1,False,0.0010667398,0.9988686,6.465998e-05
286371,2022-12-12 12:00:00,221,2,0,True,0.85566616,0.0010683195,0.14326549
297324,2022-12-19 02:00:00,236,2,2,False,0.049137704,0.00039871404,0.9504636
106914,2022-11-17 00:00:00,235,2,2,False,0.11965264,0.00052183593,0.8798256
134980,2022-11-24 13:00:00,29,1,1,False,0.017891513,0.9817663,0.00034218788
373507,2022-12-08 03:00:00,92,1,1,False,0.13211653,0.86767167,0.00021177491
256323,2022-12-23 04:00:00,183,0,0,False,0.9046116,0.0007976795,0.0945907
339194,2022-12-21 08:00:00,47,1,1,False,0.13691334,0.86279595,0.00029064371
37526,2022-11-15 15:00:00,146,0,0,False,0.98867816,0.0018019269,0.00951996
1271,2022-11-24 09:00:00,10,0,0,False,0.99551755,0.0022926922,0.0021897564
38063,2022-11-08 03:00:00,147,1,1,False,0.0010555949,0.99887747,6.688912e-05
105243,2022-11-06 21:00:00,233,2,0,True,0.94502276,0.00045542294,0.054521784
348221,2022-12-06 00:00:00,59,0,0,False,0.68246806,0.31727898,0.0002529258
252449,2022-12-11 01:00:00,179,2,0,True,0.7172257,0.0012359276,0.28153843
284694,2022-12-02 17:00:00,219,2,0,True,0.54154474,0.000945696,0.45750955
6434,2022-11-30 23:00:00,106,1,1,False,0.0010488753,0.9988939,5.7238365e-05
293448,2022-12-06 23:00:00,231,2,2,False,0.40726468,0.00091026153,0.59182507
65691,2022-11-27 07:00:00,181,2,2,False,0.1976007,0.000553826,0.80184543
172497,2022-11-08 19:00:00,79,2,0,True,0.62610894,0.0009824422,0.37290856
108245,2022-11-12 21:00:00,237,1,1,False,0.29207292,0.7076798,0.00024723297
301059,2022-12-24 14:00:00,241,0,0,False,0.9827036,0.016934663,0.00036170732
99382,2022-11-30 21:00:00,224,2,2,False,0.16482486,0.0006703896,0.8345048
366175,2022-12-03 01:00:00,83,2,0,True,0.91916335,0.00084285607,0.07999385
290832,2022-12-18 23:00:00,227,2,2,False,0.09317012,0.00051014643,0.90631974
52563,2022-11-16 13:00:00,165,2,2,False,0.41378027,0.0039170454,0.5823027
102025,2022-11-21 20:00:00,228,0,0,False,0.9957047,0.00060790585,0.0036874153
349682,2022-12-06 19:00:00,60,0,0,False,0.9980933,0.0010824105,0.0008243313
88422,2022-11-21 02:00:00,21,1,1,False,0.04396491,0.9558844,0.00015067427
258683,2022-12-31 09:00:00,186,2,0,True,0.5175594,0.00078444305,0.4816561
202556,2022-12-05 01:00:00,116,0,0,False,0.9942636,0.0054347985,0.0003015751
249343,2022-12-01 19:00:00,175,0,0,False,0.9853828,0.005396986,0.00922025
22453,2022-11-13 05:00:00,127,2,2,False,0.110502414,0.00057852216,0.88891906
295882,2022-12-19 02:00:00,234,0,0,False,0.9969995,0.0024895312,0.00051097095
100573,2022-11-20 22:00:00,226,2,2,False,0.17777921,0.00042268404,0.82179815
286152,2022-12-03 09:00:00,221,2,0,True,0.8015894,0.00066400436,0.1977465
113544,2022-11-25 03:00:00,244,0,0,False,0.996781,0.0007198565,0.0024991778
180365,2022-11-08 22:00:00,89,1,1,False,0.003176923,0.99663097,0.00019206275
254636,2022-12-12 01:00:00,181,2,2,False,0.054124285,0.00033036468,0.9455454
137141,2022-11-25 05:00:00,31,0,0,False,0.98020375,0.019623555,0.00017271083
174562,2022-11-05 09:00:00,81,2,2,False,0.492269,0.0008717352,0.50685924
196618,2022-12-28 22:00:00,108,1,1,False,0.11703476,0.88277644,0.00018879765
286332,2022-12-10 21:00:00,221,0,0,False,0.9916648,0.0063617006,0.0019734073
373347,2022-12-01 11:00:00,92,2,2,False,0.37578666,0.0009757488,0.6232376
342624,2022-12-13 03:00:00,51,0,0,False,0.9984492,0.0009064677,0.00064434024
150426,2022-11-12 17:00:00,49,0,0,False,0.97083473,0.0272574,0.0019079084
180526,2022-11-15 15:00:00,89,1,1,False,0.0010816139,0.9988476,7.08089e-05
371610,2022-12-20 01:00:00,9,1,1,False,0.09124508,0.90858716,0.00016775935
182688,2022-11-16 08:00:00,91,2,0,True,0.83378077,0.0035781479,0.16264114
204337,2022-12-20 00:00:00,118,0,0,False,0.99469215,0.004945256,0.00036259257
11536,2022-11-05 03:00:00,113,1,1,False,0.095545135,0.90426123,0.00019368604
83945,2022-11-13 07:00:00,204,0,0,False,0.9700164,0.029700516,0.00028300582
256032,2022-12-10 03:00:00,183,0,0,False,0.924835,0.0010801384,0.074084796
51603,2022-11-06 06:00:00,164,1,1,False,0.02400587,0.9758892,0.00010496294
70700,2022-11-27 11:00:00,188,2,2,False,0.24462219,0.0004884343,0.75488937
145781,2022-11-27 17:00:00,42,2,2,False,0.17377296,0.0006088887,0.82561815
159147,2022-11-18 14:00:00,6,0,0,False,0.9499223,0.04934269,0.000734976
88969,2022-11-14 02:00:00,210,2,2,False,0.04252122,0.0003068341,0.9571719
252799,2022-12-26 13:00:00,179,1,0,True,0.5188527,0.4808802,0.00026710526
237572,2022-12-22 23:00:00,16,1,1,False,0.0010409768,0.9988906,6.849584e-05
148189,2022-11-08 21:00:00,46,2,2,False,0.38292786,0.0010463985,0.61602575
83058,2022-11-06 01:00:00,203,1,1,False,0.027812023,0.9720641,0.00012387606
236011,2022-12-17 11:00:00,158,1,0,True,0.69467837,0.30503234,0.00028925503
112425,2022-11-08 05:00:00,243,2,2,False,0.04928581,0.00037502998,0.9503392
240722,2022-12-03 02:00:00,164,1,1,False,0.042363927,0.9575278,0.000108283675
243393,2022-12-25 04:00:00,167,1,1,False,0.032306764,0.96736664,0.00032660362
159316,2022-11-25 15:00:00,6,0,0,False,0.99589515,0.0021018025,0.0020030937
69117,2022-11-21 02:00:00,186,0,0,False,0.99675864,0.0006080423,0.0026333681
229446,2022-12-13 22:00:00,15,0,0,False,0.7698374,0.22984235,0.00032026885
69586,2022-11-10 20:00:00,187,2,0,True,0.5498482,0.00071708014,0.4494347
350419,2022-12-07 11:00:00,61,0,0,False,0.9946641,0.0051043443,0.00023154568
93884,2022-11-10 08:00:00,217,1,0,True,0.7541119,0.24564402,0.00024407
273595,2022-12-21 20:00:00,204,0,0,False,0.79121387,0.20837708,0.0004090593
38117,2022-11-10 11:00:00,147,1,1,False,0.001053709,0.9988746,7.1668204e-05
85993,2022-11-09 06:00:00,207,0,0,False,0.99743575,0.0022463962,0.00031791622
8231,2022-11-16 11:00:00,109,2,2,False,0.3640243,0.0008351213,0.63514054
166839,2022-11-11 09:00:00,71,0,0,False,0.9874142,0.001912613,0.010673133
19059,2022-11-20 18:00:00,122,1,1,False,0.3169716,0.6827724,0.00025600544
324966,2022-12-29 08:00:00,29,1,1,False,0.0010655075,0.9988506,8.388542e-05
158473,2022-11-20 07:00:00,59,0,1,True,0.16195512,0.8377601,0.0002848521
96188,2022-11-16 23:00:00,220,2,2,False,0.3888783,0.0010940478,0.6100277
293308,2022-12-01 03:00:00,231,2,2,False,0.07222604,0.00041677614,0.9273572
54583,2022-11-11 08:00:00,168,1,0,True,0.74326205,0.2558088,0.000929101
88139,2022-11-09 07:00:00,21,1,1,False,0.12375889,0.87601334,0.000227764
221435,2022-12-10 14:00:00,14,2,2,False,0.13566843,0.0005574979,0.863774
156761,2022-11-08 13:00:00,57,0,0,False,0.9918719,0.0018703543,0.006257743
189072,2022-12-14 00:00:00,1,0,0,False,0.9693925,0.030494418,0.00011311641
346628,2022-12-30 16:00:00,56,0,0,False,0.9237364,0.0017371279,0.07452653
258572,2022-12-26 18:00:00,186,0,0,False,0.99491006,0.002893592,0.0021963788
52706,2022-11-22 12:00:00,165,2,0,True,0.9031436,0.0031525467,0.09370389
135855,2022-11-01 05:00:00,30,1,0,True,0.6175531,0.38208452,0.00036238143
33816,2022-11-10 00:00:00,141,0,0,False,0.9970884,0.0022590733,0.000652544
183676,2022-11-27 17:00:00,92,2,2,False,0.2593956,0.00058717164,0.74001724
46967,2022-11-21 17:00:00,158,1,1,False,0.31355542,0.6861948,0.00024977128
106055,2022-11-11 00:00:00,234,2,0,True,0.96324444,0.0007772614,0.035978265
182959,2022-11-27 15:00:00,91,2,0,True,0.55175394,0.00087120704,0.44737488
269169,2022-12-16 18:00:00,2,1,1,False,0.0042529423,0.9956092,0.00013782502
331299,2022-12-22 20:00:00,37,0,0,False,0.99240077,0.0071701934,0.00042898703
105693,2022-11-25 17:00:00,233,2,2,False,0.11404494,0.00048757799,0.88546747
373460,2022-12-06 04:00:00,92,0,0,False,0.9957231,0.0040073907,0.00026946666
69587,2022-11-10 21:00:00,187,2,2,False,0.12070313,0.00054499076,0.8787518
183523,2022-11-21 08:00:00,92,2,0,True,0.79902065,0.0011315313,0.19984776
261508,2022-12-28 22:00:00,19,2,2,False,0.49311078,0.00075916,0.5061301
189797,2022-12-14 04:00:00,10,1,1,False,0.07101412,0.92878973,0.00019614007
60065,2022-11-01 05:00:00,175,2,2,False,0.07986772,0.0006686523,0.91946363
375222,2022-12-20 08:00:00,94,1,0,True,0.96889305,0.030347489,0.00075944077
97075,2022-11-24 03:00:00,221,2,2,False,0.033895373,0.0002733286,0.9658313
169694,2022-11-11 04:00:00,75,2,2,False,0.037528504,0.00029747363,0.962174
303039,2022-12-16 01:00:00,244,2,0,True,0.76563805,0.0009081002,0.2334538
183162,2022-11-06 05:00:00,92,1,1,False,0.0009950184,0.998941,6.3973566e-05
260037,2022-12-27 17:00:00,188,2,0,True,0.91342735,0.00071751577,0.08585511
237544,2022-12-21 19:00:00,16,1,1,False,0.0010827179,0.9988463,7.0967406e-05
301561,2022-12-14 13:00:00,242,0,0,False,0.9980546,0.0007141919,0.0012311693
98679,2022-11-01 09:00:00,224,2,0,True,0.564017,0.0009801276,0.43500286
149814,2022-11-17 00:00:00,48,2,2,False,0.094376005,0.00051744777,0.90510654
164432,2022-11-30 06:00:00,66,0,0,False,0.99071103,0.009142944,0.00014603046
73253,2022-11-14 16:00:00,191,1,1,False,0.0010316261,0.99889475,7.3651194e-05
334315,2022-12-28 08:00:00,40,0,0,False,0.94564587,0.053933393,0.00042077867
355678,2022-12-16 07:00:00,69,0,0,False,0.9917868,0.007680792,0.0005323874
277654,2022-12-09 19:00:00,21,1,0,True,0.6019227,0.39772502,0.00035233522
34402,2022-11-04 13:00:00,142,1,1,False,0.0011177614,0.9988166,6.560138e-05
94585,2022-11-09 18:00:00,218,0,0,False,0.9859553,0.013735336,0.00030942768
88987,2022-11-14 20:00:00,210,0,0,False,0.9945785,0.0017725189,0.0036489705
1595,2022-11-08 00:00:00,100,1,1,False,0.045280408,0.9546158,0.00010382434
112522,2022-11-12 08:00:00,243,2,2,False,0.15951782,0.0005844741,0.83989763
106827,2022-11-13 09:00:00,235,2,0,True,0.93918395,0.00070117385,0.06011488
173155,2022-11-06 08:00:00,8,1,1,False,0.04420925,0.9556158,0.00017490766
129402,2022-11-30 11:00:00,265,2,0,True,0.93609536,0.0010398648,0.06286478
3855,2022-11-12 21:00:00,103,2,2,False,0.23554167,0.00074088585,0.7637174
297266,2022-12-15 20:00:00,236,2,0,True,0.7179481,0.0011024263,0.28094953
143687,2022-11-29 20:00:00,4,1,1,False,0.48417023,0.51518685,0.00064293324
336696,2022-12-06 11:00:00,44,0,0,False,0.9975381,0.001246393,0.0012154841
332118,2022-12-26 22:00:00,38,1,1,False,0.0010018927,0.99893326,6.483367e-05
373774,2022-12-20 02:00:00,92,1,1,False,0.1365996,0.8631804,0.00021999219
146048,2022-11-09 01:00:00,43,2,2,False,0.12548041,0.00052977004,0.8739899
278725,2022-12-25 07:00:00,210,0,0,False,0.9963135,0.0034576852,0.00022876679
88114,2022-11-08 04:00:00,21,1,1,False,0.020826152,0.9791028,7.107761e-05
148040,2022-11-02 11:00:00,46,1,1,False,0.35025382,0.6493888,0.00035738476
224483,2022-12-17 19:00:00,143,1,1,False,0.003136992,0.99666935,0.00019361849
284475,2022-12-24 13:00:00,218,1,1,False,0.0011622512,0.9987679,6.980028e-05
79955,2022-11-25 19:00:00,2,1,1,False,0.004041715,0.99581283,0.00014537404
166487,2022-11-26 12:00:00,7,0,0,False,0.90470976,0.09498341,0.00030683627
88235,2022-11-13 07:00:00,21,1,1,False,0.11144489,0.8883842,0.00017092824
147214,2022-11-27 20:00:00,44,2,2,False,0.18377419,0.0007046059,0.81552124
250813,2022-12-02 23:00:00,177,2,2,False,0.23324981,0.00054477714,0.76620543
20745,2022-11-01 10:00:00,125,1,0,True,0.9263734,0.0733063,0.0003203038
118435,2022-11-20 09:00:00,250,1,1,False,0.001046029,0.9988856,6.8364985e-05
348701,2022-12-26 22:00:00,59,0,0,False,0.9975107,0.000911655,0.001577677
52656,2022-11-20 10:00:00,165,1,1,False,0.065653495,0.933845,0.0005015221
324027,2022-12-20 04:00:00,28,1,1,False,0.0010166956,0.99892175,6.160367e-05
65756,2022-11-30 00:00:00,181,2,2,False,0.097227,0.00045968447,0.9023133
26590,2022-11-06 18:00:00,132,2,2,False,0.2699258,0.0006747479,0.72939944
241940,2022-12-24 17:00:00,165,1,1,False,0.17271149,0.8268274,0.0004611483
83165,2022-11-10 14:00:00,203,1,0,True,0.5946762,0.405013,0.0003107876
198952,2022-12-05 02:00:00,111,0,0,False,0.9964461,0.002946593,0.0006073869
303334,2022-12-29 06:00:00,244,0,0,False,0.99697506,0.00071748457,0.0023073955
61544,2022-11-03 09:00:00,177,0,0,False,0.9173147,0.08230132,0.00038397065
101074,2022-11-12 00:00:00,227,2,0,True,0.5323677,0.0008072005,0.46682513
52190,2022-11-30 19:00:00,164,1,1,False,0.34775996,0.6519815,0.00025856373
107045,2022-11-22 11:00:00,235,1,0,True,0.91064703,0.088942066,0.0004108894
288743,2022-12-22 03:00:00,224,0,0,False,0.99716336,0.000888606,0.0019479636
105743,2022-11-27 19:00:00,233,2,0,True,0.78924835,0.00080477755,0.2099469
177356,2022-11-02 12:00:00,85,2,2,False,0.114863284,0.00047676123,0.8846599
180531,2022-11-15 20:00:00,89,1,1,False,0.0010394425,0.99889165,6.891697e-05
324075,2022-12-22 06:00:00,28,1,1,False,0.0010348362,0.9988858,7.941165e-05
243274,2022-12-20 03:00:00,167,1,1,False,0.12045084,0.8793842,0.00016489711
301155,2022-12-28 14:00:00,241,0,0,False,0.63946396,0.3599738,0.00056221464
174583,2022-11-06 06:00:00,81,2,2,False,0.10061298,0.0006394428,0.89874756
247692,2022-12-24 01:00:00,172,0,0,False,0.9907302,0.009097323,0.00017246735
175500,2022-11-14 18:00:00,82,2,2,False,0.36613333,0.0008247486,0.6330419
271675,2022-12-01 00:00:00,202,1,0,True,0.6155,0.38427293,0.00022712542
269002,2022-12-09 19:00:00,2,1,1,False,0.0010208278,0.9989141,6.5058e-05
253083,2022-12-07 10:00:00,18,1,0,True,0.593852,0.40583417,0.00031382605
370819,2022-12-16 07:00:00,89,1,1,False,0.0011005043,0.99883157,6.796851e-05
54602,2022-11-12 03:00:00,168,1,1,False,0.18371634,0.8160794,0.00020423875
304343,2022-12-10 07:00:00,246,0,0,False,0.9968977,0.002568614,0.0005337202
210260,2022-12-26 13:00:00,125,0,0,False,0.9960051,0.0036267512,0.0003681195
173614,2022-11-25 13:00:00,8,0,0,False,0.9710324,0.02679255,0.0021750194
196464,2022-12-22 12:00:00,108,0,2,True,0.42747134,0.0008886572,0.57164
304025,2022-12-28 00:00:00,245,1,1,False,0.001061133,0.9988778,6.105376e-05
237391,2022-12-14 12:00:00,16,1,1,False,0.0011240065,0.998793,8.2947874e-05
162337,2022-11-02 08:00:00,64,2,0,True,0.9041905,0.05806626,0.037743255
50103,2022-11-03 08:00:00,162,2,0,True,0.9814325,0.010803369,0.007764125
378103,2022-12-20 05:00:00,98,1,1,False,0.07823974,0.9215453,0.0002149384
256237,2022-12-19 12:00:00,183,0,0,False,0.65492797,0.3442438,0.0008282531
185612,2022-11-19 00:00:00,95,1,0,True,0.6669611,0.33279172,0.00024723777
217011,2022-12-06 12:00:00,134,0,0,False,0.9896741,0.010009304,0.00031665878
268982,2022-12-08 23:00:00,2,1,1,False,0.00093333906,0.9990018,6.487523e-05
55172,2022-11-06 00:00:00,169,0,0,False,0.97090596,0.028810639,0.0002834594
54241,2022-11-26 21:00:00,167,2,0,True,0.76331145,0.00096483086,0.23572373
363597,2022-12-15 19:00:00,8,1,0,True,0.9385188,0.060986638,0.00049451576
73062,2022-11-06 15:00:00,191,1,0,True,0.83979875,0.15999258,0.00020861156
331221,2022-12-19 12:00:00,37,1,1,False,0.31289026,0.68674606,0.0003636713
144635,2022-11-09 18:00:00,41,0,0,False,0.98045874,0.0028842208,0.01665704
135041,2022-11-27 02:00:00,29,1,1,False,0.0010292835,0.9989016,6.906386e-05
6525,2022-11-04 21:00:00,107,1,1,False,0.24493824,0.7548477,0.00021407111
19312,2022-11-01 07:00:00,123,1,1,False,0.067336634,0.9324453,0.00021802288
292942,2022-12-15 22:00:00,230,2,2,False,0.13721915,0.0004853408,0.8622955
99340,2022-11-29 03:00:00,224,2,2,False,0.19480187,0.00074516505,0.80445296
193333,2022-12-11 07:00:00,104,0,0,False,0.99395955,0.005782874,0.000257578
67403,2022-11-09 06:00:00,184,2,2,False,0.2132811,0.00069866463,0.7860203
351606,2022-12-27 19:00:00,62,2,2,False,0.26967427,0.00089756196,0.7294282
352440,2022-12-01 13:00:00,64,0,0,False,0.99138814,0.0041962243,0.0044156383
156213,2022-11-15 12:00:00,56,0,0,False,0.97896326,0.020296615,0.0007401172
310477,2022-12-26 11:00:00,253,0,0,False,0.99779725,0.0012836766,0.000919145
242090,2022-12-30 23:00:00,165,1,1,False,0.15103959,0.8484943,0.00046617226
96076,2022-11-12 07:00:00,220,2,2,False,0.14873989,0.00069834304,0.85056174
183622,2022-11-25 11:00:00,92,2,2,False,0.16001405,0.0006968798,0.83928907
259254,2022-12-25 03:00:00,187,2,2,False,0.048682127,0.0003140218,0.95100385
290080,2022-12-16 20:00:00,226,0,0,False,0.9924247,0.0006869475,0.006888296
116735,2022-11-09 03:00:00,249,0,0,False,0.9889326,0.010846632,0.00022078118
228497,2022-12-04 10:00:00,149,0,0,False,0.97491384,0.024694916,0.00039127283
19419,2022-11-05 21:00:00,123,2,2,False,0.19496417,0.00071828393,0.80431753
1651,2022-11-10 10:00:00,100,2,2,False,0.103833,0.00058406685,0.8955829
324545,2022-12-10 21:00:00,29,1,1,False,0.0010350297,0.998895,6.995724e-05
288401,2022-12-06 23:00:00,224,0,0,False,0.99422896,0.0042463695,0.0015246674
7469,2022-11-14 12:00:00,108,2,2,False,0.36203298,0.0009244113,0.63704264
104939,2022-11-24 02:00:00,232,2,2,False,0.036928397,0.00027960664,0.962792
67627,2022-11-18 14:00:00,184,1,1,False,0.001056517,0.99887985,6.363026e-05
66960,2022-11-20 14:00:00,183,0,0,False,0.9801993,0.01804486,0.0017558667
172418,2022-11-05 10:00:00,79,2,2,False,0.2128785,0.0007852731,0.78633624
303794,2022-12-17 20:00:00,245,1,1,False,0.0029981695,0.99681985,0.00018197924
276517,2022-12-23 10:00:00,208,1,0,True,0.7545061,0.24521475,0.0002791264
36805,2022-11-15 09:00:00,145,2,2,False,0.26545992,0.0013069628,0.73323315
294249,2022-12-10 07:00:00,232,2,2,False,0.077663004,0.0003891632,0.92194784
177144,2022-11-23 16:00:00,84,0,0,False,0.9791768,0.010417847,0.010405365
280730,2022-12-18 04:00:00,213,2,0,True,0.67596835,0.0014624208,0.32256925
170989,2022-11-05 11:00:00,77,0,0,False,0.9948126,0.001819053,0.0033684094
196730,2022-12-02 15:00:00,109,0,0,False,0.97880435,0.01877208,0.002423495
63490,2022-11-24 23:00:00,179,0,0,False,0.9903555,0.009067218,0.0005772603
269202,2022-12-18 23:00:00,2,0,1,True,0.00396779,0.99581236,0.00021985658
1548,2022-11-06 01:00:00,100,1,0,True,0.736909,0.26288489,0.00020612046
10079,2022-11-04 00:00:00,111,1,1,False,0.085105985,0.91466284,0.0002311828
335124,2022-12-01 01:00:00,42,2,2,False,0.09656276,0.0005429034,0.9028943
222005,2022-12-04 07:00:00,140,0,0,False,0.99728906,0.0020707776,0.0006402099
38385,2022-11-21 15:00:00,147,0,0,False,0.65620863,0.0008986976,0.34289265
112277,2022-11-01 22:00:00,243,0,0,False,0.997405,0.002036852,0.000558184
246040,2022-12-14 09:00:00,170,2,0,True,0.877528,0.0016412409,0.12083075
126701,2022-11-07 05:00:00,262,2,2,False,0.029584123,0.00025539927,0.9701605
196318,2022-12-15 12:00:00,108,2,2,False,0.103317715,0.0005970776,0.89608514
105773,2022-11-29 01:00:00,233,2,2,False,0.052522328,0.00034369994,0.94713396
372536,2022-12-28 16:00:00,90,0,0,False,0.85048366,0.14920743,0.00030891862
277987,2022-12-24 14:00:00,21,1,1,False,0.11531954,0.8845101,0.0001703129
41484,2022-11-01 14:00:00,151,1,0,True,0.66310585,0.3366235,0.00027065334
1650,2022-11-10 09:00:00,100,2,0,True,0.7028492,0.0011390088,0.29601175
103583,2022-11-27 04:00:00,230,2,2,False,0.33989078,0.00071253866,0.6593967
34805,2022-11-21 10:00:00,142,1,1,False,0.001094137,0.99883217,7.369604e-05
28312,2022-11-19 00:00:00,134,2,2,False,0.22277743,0.0008050399,0.77641755
96146,2022-11-15 05:00:00,220,2,2,False,0.037473973,0.0002876186,0.96223843
87162,2022-11-28 04:00:00,208,2,0,True,0.72046906,0.00070860586,0.27882236
287627,2022-12-04 18:00:00,223,0,0,False,0.9927816,0.00696443,0.00025396305
63936,2022-11-13 18:00:00,18,1,1,False,0.15318902,0.84650856,0.00030241348
1908,2022-11-21 03:00:00,100,1,1,False,0.06631422,0.9335596,0.00012614543
346778,2022-12-05 23:00:00,57,0,0,False,0.9754812,0.024005247,0.0005135299
276814,2022-12-04 20:00:00,209,0,0,False,0.8676561,0.1321213,0.00022252531
331182,2022-12-17 10:00:00,37,1,1,False,0.0045907274,0.9951639,0.00024538868
217191,2022-12-14 00:00:00,134,2,0,True,0.94835746,0.0010147818,0.050627682
379034,2022-12-29 01:00:00,99,1,1,False,0.06826738,0.9315438,0.00018885081
238068,2022-12-12 16:00:00,160,0,0,False,0.9863028,0.013488491,0.0002086665
232665,2022-12-28 19:00:00,153,0,0,False,0.9964155,0.0014801032,0.0021044065
18694,2022-11-05 11:00:00,122,0,0,False,0.96640575,0.0009927044,0.032601494
223570,2022-12-09 10:00:00,142,1,1,False,0.0010864753,0.99884546,6.799591e-05
263762,2022-12-01 18:00:00,193,0,0,False,0.9900433,0.009726164,0.0002305584
223949,2022-12-26 03:00:00,142,1,1,False,0.0010552545,0.9988763,6.840765e-05
165897,2022-11-01 17:00:00,7,0,0,False,0.9738129,0.025759896,0.00042728384
112209,2022-11-29 02:00:00,242,2,2,False,0.026890213,0.00023697293,0.97287273
80279,2022-11-09 12:00:00,20,1,1,False,0.0031870396,0.9966042,0.00020878097
55142,2022-11-04 18:00:00,169,0,0,False,0.9385711,0.0029847175,0.058444202
100173,2022-11-04 04:00:00,226,2,0,True,0.7200806,0.0005882563,0.27933112
7844,2022-11-30 03:00:00,108,1,1,False,0.096751794,0.903003,0.0002451589
136476,2022-11-27 07:00:00,30,1,1,False,0.08466083,0.9151402,0.0001990159
329732,2022-12-16 17:00:00,35,1,1,False,0.0054348055,0.99439764,0.0001676089
63872,2022-11-11 02:00:00,18,0,0,False,0.9688247,0.030978454,0.00019694233
145386,2022-11-11 06:00:00,42,0,0,False,0.9867964,0.00060220854,0.012601376
204533,2022-12-28 06:00:00,118,0,0,False,0.9946354,0.0005437593,0.004820759
6319,2022-11-26 04:00:00,106,1,1,False,0.0011335674,0.99880123,6.513923e-05
47186,2022-11-30 20:00:00,158,1,1,False,0.30616805,0.6935882,0.00024374486
329598,2022-12-11 03:00:00,35,1,1,False,0.0011130007,0.9988171,6.9962196e-05
290128,2022-12-19 16:00:00,226,2,2,False,0.15735605,0.0006049748,0.842039
342583,2022-12-11 10:00:00,51,2,0,True,0.91461927,0.0009276584,0.084453076
103069,2022-11-05 16:00:00,230,2,0,True,0.5399361,0.00092130277,0.4591426
88740,2022-11-04 11:00:00,210,1,1,False,0.40888265,0.59068877,0.00042857224
58388,2022-11-20 22:00:00,172,2,0,True,0.57991755,0.00082048646,0.419262
370897,2022-12-20 09:00:00,89,1,1,False,0.0010849778,0.99884653,6.841905e-05
74128,2022-11-21 08:00:00,192,1,1,False,0.0952798,0.90455246,0.00016776548
309635,2022-12-21 10:00:00,252,2,2,False,0.396145,0.00086816767,0.6029869
185647,2022-11-20 11:00:00,95,1,1,False,0.35651937,0.64321023,0.00027037298
100333,2022-11-10 22:00:00,226,2,0,True,0.904306,0.00089081796,0.094803214
19051,2022-11-20 10:00:00,122,1,0,True,0.9332859,0.066533156,0.00018099051
191186,2022-12-11 23:00:00,101,0,0,False,0.9920547,0.007683984,0.0002613546
25493,2022-11-20 17:00:00,130,1,1,False,0.15827791,0.8415466,0.00017548905
51056,2022-11-13 08:00:00,163,1,1,False,0.08320334,0.9166503,0.0001463842
309586,2022-12-19 07:00:00,252,2,0,True,0.92868793,0.0007297378,0.07058226
287618,2022-12-04 09:00:00,223,0,0,False,0.88722426,0.0006503919,0.11212534
77801,2022-11-25 10:00:00,197,1,0,True,0.55995685,0.43963492,0.00040819473
107512,2022-11-12 03:00:00,236,2,2,False,0.045946952,0.00034598968,0.95370704
100858,2022-11-02 22:00:00,227,2,0,True,0.52484155,0.0009964212,0.47416207
198374,2022-12-11 01:00:00,110,1,1,False,0.14251542,0.85729545,0.00018911064
722,2022-11-01 07:00:00,10,1,1,False,0.119678594,0.880147,0.00017440226
358959,2022-12-02 19:00:00,74,0,0,False,0.9709264,0.028545223,0.00052834913
7245,2022-11-05 02:00:00,108,1,1,False,0.039376393,0.9604929,0.00013068895
67615,2022-11-18 02:00:00,184,1,1,False,0.0010576271,0.99887735,6.503972e-05
232785,2022-12-02 20:00:00,154,1,0,True,0.7246056,0.27498916,0.0004051837
199775,2022-12-09 08:00:00,112,0,0,False,0.97095406,0.028360216,0.0006857209
98793,2022-11-06 06:00:00,224,2,2,False,0.111002125,0.00054507743,0.8884528
5130,2022-11-06 08:00:00,105,0,0,False,0.84854174,0.15121222,0.000246093
287620,2022-12-04 11:00:00,223,2,2,False,0.29435393,0.000664379,0.7049817
97195,2022-11-29 03:00:00,221,2,2,False,0.039569084,0.000250248,0.9601807
361340,2022-12-11 21:00:00,77,0,0,False,0.99682546,0.0026684394,0.0005061391
138714,2022-11-01 04:00:00,34,1,1,False,0.028359123,0.9715557,8.525182e-05
13882,2022-11-13 14:00:00,116,1,0,True,0.7664212,0.23331366,0.00026518412
144599,2022-11-08 04:00:00,41,2,2,False,0.03323524,0.00036945162,0.9663953
151942,2022-11-16 07:00:00,50,2,0,True,0.57981646,0.00087342924,0.41931012
186367,2022-11-20 16:00:00,96,1,1,False,0.14820296,0.8515866,0.00021048344
192963,2022-12-26 20:00:00,103,0,0,False,0.99242556,0.0057425518,0.0018319305
349136,2022-12-14 02:00:00,6,1,1,False,0.042862322,0.95684934,0.00028834748
256821,2022-12-12 23:00:00,184,0,0,False,0.99741864,0.001069241,0.0015121254
49003,2022-11-17 04:00:00,160,0,0,False,0.9982304,0.0005042935,0.0012652958
337318,2022-12-02 08:00:00,45,0,0,False,0.8750696,0.12412098,0.00080944673
121286,2022-11-20 00:00:00,254,0,0,False,0.9548889,0.00096704444,0.04414404
152921,2022-11-27 07:00:00,51,2,0,True,0.9865811,0.0004007617,0.013018133
378104,2022-12-20 06:00:00,98,1,1,False,0.1881262,0.81156486,0.00030892238
228822,2022-12-18 08:00:00,149,0,2,True,0.1891131,0.000662015,0.81022483
160352,2022-11-09 05:00:00,61,0,0,False,0.99683976,0.0026661146,0.0004941663
223640,2022-12-12 08:00:00,142,1,1,False,0.0011014896,0.9988254,7.307778e-05
268952,2022-12-07 17:00:00,2,1,1,False,0.0009468888,0.99898964,6.344915e-05
156092,2022-11-10 11:00:00,56,0,0,False,0.964664,0.034874644,0.00046137816
95466,2022-11-16 16:00:00,219,2,2,False,0.42306468,0.0006995368,0.57623583
159640,2022-11-09 08:00:00,60,0,0,False,0.9969116,0.0015153392,0.0015730901
64403,2022-11-03 08:00:00,180,0,0,False,0.98504055,0.007704393,0.00725505
22439,2022-11-12 15:00:00,127,0,0,False,0.99116397,0.008249379,0.0005866495
232803,2022-12-03 14:00:00,154,1,0,True,0.8090196,0.19052553,0.00045487497
258460,2022-12-22 02:00:00,186,2,2,False,0.14507379,0.00053474226,0.8543915
145074,2022-11-28 01:00:00,41,2,0,True,0.9249812,0.0010985297,0.07392031
349260,2022-12-20 02:00:00,6,0,0,False,0.997888,0.0018291996,0.00028282456
107011,2022-11-21 01:00:00,235,2,2,False,0.14807728,0.0005759001,0.85134685
147666,2022-11-16 21:00:00,45,2,2,False,0.44430467,0.0009428161,0.5547525
148175,2022-11-08 05:00:00,46,2,2,False,0.07479305,0.0005624583,0.92464453
43608,2022-11-30 17:00:00,153,1,0,True,0.5285456,0.4710354,0.0004189813
245169,2022-12-08 03:00:00,17,1,1,False,0.14763436,0.85210377,0.00026190782
176356,2022-11-20 15:00:00,83,1,1,False,0.33461094,0.6650938,0.0002953268
294084,2022-12-03 10:00:00,232,2,0,True,0.9799099,0.0013936196,0.018696478
175581,2022-11-18 03:00:00,82,2,2,False,0.051878337,0.00040632838,0.9477153
346638,2022-12-31 02:00:00,56,0,2,True,0.08899867,0.00047056467,0.91053075
180557,2022-11-16 22:00:00,89,1,1,False,0.001025348,0.99890924,6.538199e-05
189354,2022-12-26 16:00:00,1,1,1,False,0.0010534632,0.99887973,6.685235e-05
82465,2022-11-11 05:00:00,202,1,0,True,0.6656251,0.33399734,0.00037757223
8915,2022-11-15 04:00:00,11,1,1,False,0.029375477,0.97053415,9.041835e-05
119256,2022-11-24 19:00:00,251,1,1,False,0.4141333,0.5855171,0.00034957303
325948,2022-12-09 06:00:00,30,1,1,False,0.05086578,0.9490092,0.00012507521
79935,2022-11-24 23:00:00,2,1,0,True,0.9974021,0.001961014,0.00063695165
259181,2022-12-22 02:00:00,187,2,2,False,0.11795135,0.0005059207,0.88154274
49966,2022-11-27 12:00:00,161,1,0,True,0.59989893,0.3997905,0.0003105938
55980,2022-11-09 23:00:00,17,1,0,True,0.60319483,0.3964805,0.00032471298
9738,2022-11-19 16:00:00,110,0,0,False,0.9956494,0.002090969,0.0022596694
106259,2022-11-19 12:00:00,234,0,0,False,0.99452436,0.004902146,0.00057354564
47223,2022-11-02 09:00:00,159,2,0,True,0.55974334,0.0012900102,0.43896663
314566,2022-12-15 16:00:00,26,1,1,False,0.1759275,0.82373714,0.00033533346
53374,2022-11-20 13:00:00,166,1,1,False,0.35181192,0.6478372,0.00035085526
376220,2022-12-01 00:00:00,96,0,0,False,0.9724911,0.02725178,0.0002570712
183220,2022-11-08 17:00:00,92,1,1,False,0.003306588,0.99650455,0.00018885567
118348,2022-11-16 18:00:00,250,1,1,False,0.0010188965,0.9989126,6.854675e-05
234273,2022-12-04 18:00:00,156,1,1,False,0.0010471863,0.998885,6.778662e-05
54967,2022-11-27 08:00:00,168,0,0,False,0.99701774,0.0016700303,0.0013122702
81291,2022-11-21 21:00:00,200,1,1,False,0.23668446,0.7630919,0.00022358724
112530,2022-11-12 16:00:00,243,2,2,False,0.17158052,0.00056678435,0.82785267
187411,2022-11-04 12:00:00,98,0,0,False,0.9859262,0.013714159,0.00035965722
84150,2022-11-21 20:00:00,204,2,2,False,0.42586938,0.0010209391,0.5731097
342411,2022-12-04 06:00:00,51,2,2,False,0.46015203,0.0008473389,0.5390007
183678,2022-11-27 19:00:00,92,2,2,False,0.42340395,0.0008155765,0.57578045
338481,2022-12-21 16:00:00,46,1,1,False,0.23191269,0.76789093,0.00019639135
142350,2022-11-03 20:00:00,39,1,0,True,0.89612067,0.103604876,0.00027441903
173177,2022-11-07 06:00:00,8,1,1,False,0.05710254,0.94273376,0.00016371798
205834,2022-12-22 09:00:00,12,1,1,False,0.06790135,0.931875,0.00022369956
116699,2022-11-07 13:00:00,249,0,0,False,0.75821817,0.2415819,0.00019997887
16470,2022-11-02 01:00:00,12,0,0,False,0.9765412,0.023052257,0.00040649922
36697,2022-11-10 21:00:00,145,0,0,False,0.9325782,0.06472153,0.0027002727
227980,2022-12-12 22:00:00,148,0,0,False,0.9669376,0.03283151,0.00023093165
243655,2022-12-05 03:00:00,168,2,0,True,0.6609469,0.0008049025,0.33824816
114092,2022-11-18 04:00:00,245,1,1,False,0.0010670065,0.9988669,6.611116e-05
207504,2022-12-31 21:00:00,121,2,2,False,0.10155411,0.00047742322,0.8979685
180860,2022-11-29 13:00:00,89,1,1,False,0.0010812485,0.998852,6.67876e-05
219153,2022-12-05 15:00:00,137,0,0,False,0.99780744,0.0010152962,0.0011772129
2740,2022-11-26 00:00:00,101,1,1,False,0.082486205,0.91737556,0.00013817086
309487,2022-12-14 08:00:00,252,2,0,True,0.5102437,0.000768393,0.4889879
141461,2022-11-26 11:00:00,37,1,1,False,0.0032777383,0.9966068,0.00011539074
84170,2022-11-22 16:00:00,204,0,0,False,0.9948695,0.0020538652,0.0030766272
176029,2022-11-06 22:00:00,83,2,2,False,0.21946757,0.0006482732,0.77988416
230182,2022-12-14 13:00:00,150,1,1,False,0.1481399,0.8516578,0.00020228056
180843,2022-11-28 20:00:00,89,1,1,False,0.0010354839,0.9988918,7.2711126e-05
291736,2022-12-26 16:00:00,228,0,0,False,0.9905291,0.0005160192,0.008954865
190714,2022-12-23 06:00:00,100,0,0,False,0.8814224,0.11832598,0.0002515977
53553,2022-11-28 00:00:00,166,0,0,False,0.9615018,0.038251158,0.0002470475
20183,2022-11-07 22:00:00,124,1,1,False,0.21583068,0.7839097,0.00025966688
337521,2022-12-10 19:00:00,45,2,0,True,0.90456575,0.0015965246,0.09383773
173617,2022-11-25 16:00:00,8,1,0,True,0.73652244,0.26273376,0.0007438385
94852,2022-11-20 21:00:00,218,1,0,True,0.65233535,0.34743148,0.00023317132
131743,2022-11-08 20:00:00,269,1,0,True,0.993863,0.0052899667,0.00084709673
37900,2022-11-01 05:00:00,147,1,1,False,0.0010172807,0.9989182,6.456343e-05
202380,2022-12-28 16:00:00,115,0,0,False,0.99618465,0.0011306404,0.0026846998
166024,2022-11-07 03:00:00,7,1,1,False,0.028266044,0.9716598,7.420553e-05
113882,2022-11-09 10:00:00,245,1,1,False,0.0031488005,0.9966444,0.0002068197
237477,2022-12-18 22:00:00,16,1,1,False,0.011452709,0.9881104,0.00043683685
354183,2022-12-14 02:00:00,66,0,0,False,0.9977695,0.001693456,0.0005371022
302040,2022-12-04 11:00:00,243,0,0,False,0.5634053,0.0007932583,0.4358015
268834,2022-12-02 19:00:00,2,1,1,False,0.0030324208,0.996828,0.00013957577
234333,2022-12-07 06:00:00,156,1,1,False,0.0010377752,0.99888915,7.31037e-05
349604,2022-12-03 13:00:00,60,2,0,True,0.80004334,0.0006401292,0.19931652
21757,2022-11-14 00:00:00,126,1,1,False,0.0017433376,0.9980951,0.00016157153
105462,2022-11-16 02:00:00,233,2,0,True,0.6864406,0.0007207208,0.3128387
172648,2022-11-15 02:00:00,79,2,2,False,0.10299457,0.00050589006,0.8964995
304089,2022-12-30 16:00:00,245,1,1,False,0.0010656505,0.99886835,6.5999e-05
151272,2022-11-18 04:00:00,5,1,1,False,0.041759647,0.9581152,0.00012517394
106822,2022-11-13 04:00:00,235,2,2,False,0.07293952,0.0004372041,0.9266232
210598,2022-12-09 16:00:00,126,0,0,False,0.9464413,0.05326157,0.0002972005
185503,2022-11-14 11:00:00,95,2,2,False,0.1804487,0.00065585674,0.81889546
35378,2022-11-15 12:00:00,143,1,1,False,0.0010069557,0.9989267,6.632845e-05
365807,2022-12-18 03:00:00,82,2,2,False,0.11264406,0.00053484825,0.88682103
105672,2022-11-24 20:00:00,233,2,2,False,0.038935732,0.0002472122,0.96081704
97659,2022-11-18 16:00:00,222,1,1,False,0.15554357,0.8442519,0.00020458063
145186,2022-11-02 20:00:00,42,2,0,True,0.8252133,0.0017319934,0.17305465
33451,2022-11-24 14:00:00,140,0,0,False,0.9929789,0.0018477199,0.0051733707
347329,2022-12-29 20:00:00,57,2,0,True,0.9281605,0.00065045734,0.07118904
260513,2022-12-16 14:00:00,189,0,0,False,0.9958943,0.0034419745,0.0006637525
320340,2022-12-15 22:00:00,267,1,1,False,0.001542856,0.9983364,0.00012078694
224745,2022-12-29 06:00:00,143,1,1,False,0.0010707328,0.9988532,7.600381e-05
98790,2022-11-06 03:00:00,224,2,0,True,0.7699457,0.0015051573,0.22854921
210678,2022-12-13 00:00:00,126,0,0,False,0.9974125,0.0006082311,0.0019792423
48002,2022-11-05 04:00:00,16,1,1,False,0.0011226627,0.99880505,7.229322e-05
325777,2022-12-02 03:00:00,30,1,1,False,0.030310282,0.96958387,0.0001058853
105670,2022-11-24 18:00:00,233,2,2,False,0.044624485,0.00030174048,0.9550738
22481,2022-11-14 09:00:00,127,2,2,False,0.3539524,0.000651212,0.6453964
225020,2022-12-09 18:00:00,144,0,0,False,0.9946254,0.004703572,0.00067100854
168866,2022-11-06 09:00:00,74,0,0,False,0.97955793,0.019889286,0.0005527774
81467,2022-11-29 05:00:00,200,0,0,False,0.9971902,0.0026528323,0.000156949
43620,2022-11-01 05:00:00,154,1,1,False,0.18847074,0.8112749,0.00025435368
157575,2022-11-12 16:00:00,58,0,0,False,0.7909379,0.20825772,0.0008043934
160609,2022-11-19 22:00:00,61,1,1,False,0.08916105,0.9107264,0.0001125379
104075,2022-11-17 21:00:00,231,0,0,False,0.9760849,0.0022321197,0.021683043
130038,2022-11-27 04:00:00,266,0,0,False,0.99391264,0.0056689465,0.0004184181
35180,2022-11-07 04:00:00,143,1,1,False,0.0010755401,0.99885905,6.546779e-05
159027,2022-11-13 14:00:00,6,1,1,False,0.28683847,0.71294266,0.00021890193
132587,2022-11-14 05:00:00,27,0,0,False,0.9963588,0.003447556,0.00019356352
248216,2022-12-14 22:00:00,173,0,0,False,0.96911454,0.030616863,0.00026862146
78878,2022-11-10 17:00:00,199,1,1,False,0.20159747,0.79793984,0.0004627174
181346,2022-11-20 00:00:00,9,1,0,True,0.7153314,0.2844172,0.00025138177
65474,2022-11-18 06:00:00,181,2,2,False,0.2023539,0.00075890764,0.79688716
302212,2022-12-11 15:00:00,243,2,2,False,0.085544944,0.00037767895,0.9140774
359298,2022-12-16 22:00:00,74,0,0,False,0.9944449,0.0037543827,0.0018007763
177357,2022-11-02 13:00:00,85,2,2,False,0.20894028,0.0005775081,0.79048216
20623,2022-11-26 08:00:00,124,1,1,False,0.28553694,0.71418995,0.00027312877
335491,2022-12-16 08:00:00,42,0,0,False,0.9706819,0.020897469,0.008420555
147665,2022-11-16 20:00:00,45,2,0,True,0.9525092,0.0034592212,0.044031482
112164,2022-11-27 05:00:00,242,2,0,True,0.5064216,0.00087831245,0.49270004
249527,2022-12-09 11:00:00,175,0,0,False,0.9971251,0.00074910786,0.0021258018
67497,2022-11-13 04:00:00,184,2,2,False,0.04198008,0.00029497637,0.9577249
77070,2022-11-24 18:00:00,196,0,0,False,0.98949105,0.010066223,0.00044275905
28069,2022-11-08 21:00:00,134,2,2,False,0.2409093,0.0009086106,0.7581821
264438,2022-12-30 20:00:00,193,1,1,False,0.24671334,0.75309086,0.00019579082
213754,2022-12-21 22:00:00,13,0,0,False,0.94011664,0.059452478,0.00043094924
45927,2022-11-08 02:00:00,157,1,1,False,0.12010294,0.87963724,0.0002597433
373222,2022-12-27 05:00:00,91,0,0,False,0.9888177,0.011000933,0.00018144105
125474,2022-11-15 18:00:00,260,0,0,False,0.9952343,0.0045436895,0.00022196694
183447,2022-11-18 04:00:00,92,1,1,False,0.105577566,0.89424485,0.00017751461
144011,2022-11-13 13:00:00,40,2,2,False,0.2828932,0.0006609073,0.71644586
278220,2022-12-03 08:00:00,210,2,0,True,0.9311688,0.00074863795,0.068082586
173033,2022-11-01 03:00:00,8,1,1,False,0.050065015,0.9497226,0.0002124045
69612,2022-11-11 22:00:00,187,2,2,False,0.05107163,0.00034681935,0.9485815
38659,2022-11-03 04:00:00,148,0,0,False,0.9973386,0.0006101145,0.0020512252
315127,2022-12-09 00:00:00,260,0,0,False,0.9979481,0.0015832005,0.00046869376
302644,2022-12-30 13:00:00,243,2,0,True,0.8711946,0.00072743313,0.12807804
202887,2022-12-19 16:00:00,116,0,0,False,0.95795095,0.041639626,0.00040938516
117725,2022-11-20 14:00:00,25,0,0,False,0.7902341,0.20952013,0.00024582108
177832,2022-11-22 13:00:00,85,0,0,False,0.9828122,0.00065683754,0.01653099
87695,2022-11-20 14:00:00,209,0,0,False,0.9789296,0.0008618865,0.020208588
341837,2022-12-10 09:00:00,50,2,0,True,0.5802356,0.000763124,0.41900128
229628,2022-12-22 10:00:00,15,0,0,False,0.9802563,0.019315852,0.00042779668
40712,2022-11-29 05:00:00,15,0,0,False,0.9982804,0.0011346225,0.00058499014
172260,2022-11-28 17:00:00,78,2,0,True,0.97080743,0.001967514,0.027225057
238338,2022-12-24 20:00:00,160,0,0,False,0.9795385,0.020274516,0.0001869372
332077,2022-12-25 05:00:00,38,1,1,False,0.0009832255,0.99894637,7.0420974e-05
117629,2022-11-16 14:00:00,25,2,2,False,0.35251,0.00069552235,0.6467945
68742,2022-11-05 09:00:00,186,2,2,False,0.30985647,0.00060452346,0.689539
140774,2022-11-27 15:00:00,36,2,0,True,0.6678885,0.0009578605,0.3311536
199035,2022-12-08 13:00:00,111,0,0,False,0.9741483,0.025272373,0.00057941274
10325,2022-11-14 08:00:00,111,0,0,False,0.78618836,0.21345724,0.0003543753
80313,2022-11-10 22:00:00,20,1,1,False,0.0010085554,0.9989281,6.328976e-05
183380,2022-11-15 09:00:00,92,2,0,True,0.93762326,0.002153201,0.060223546
361458,2022-12-16 19:00:00,77,2,0,True,0.57958585,0.0008349455,0.41957918
302217,2022-12-11 20:00:00,243,2,2,False,0.18306108,0.00058065786,0.81635827
226720,2022-12-21 10:00:00,146,2,2,False,0.13554788,0.0006390638,0.8638131
284620,2022-12-30 14:00:00,218,1,1,False,0.006064802,0.99374336,0.00019185763
290971,2022-12-24 20:00:00,227,2,2,False,0.2852442,0.0006787012,0.7140771
106793,2022-11-11 23:00:00,235,2,0,True,0.8121843,0.001440288,0.1863754
98817,2022-11-07 06:00:00,224,2,0,True,0.8090219,0.0009811999,0.18999693
47442,2022-11-11 17:00:00,159,1,1,False,0.4065854,0.5930717,0.00034285831
40268,2022-11-10 17:00:00,15,0,0,False,0.96357006,0.0009859374,0.03544399
27087,2022-11-27 13:00:00,132,2,0,True,0.9296508,0.0009276554,0.06942162
214975,2022-12-11 19:00:00,131,0,0,False,0.9972452,0.0023754083,0.00037940763
258941,2022-12-11 04:00:00,187,2,0,True,0.78773034,0.00068684487,0.21158285
320911,2022-12-09 16:00:00,268,0,0,False,0.9817855,0.01801429,0.00020019102
217235,2022-12-15 20:00:00,134,0,0,False,0.9916524,0.002950846,0.0053966953
277183,2022-12-21 03:00:00,209,0,0,False,0.98153013,0.01829157,0.00017833333
68827,2022-11-09 00:00:00,186,2,2,False,0.14629784,0.0005525412,0.8531496
352356,2022-12-29 00:00:00,63,0,0,False,0.9953366,0.0030176933,0.0016456926
234968,2022-12-03 16:00:00,157,1,1,False,0.43206152,0.567483,0.00045541802
215545,2022-12-05 12:00:00,132,0,0,False,0.9972404,0.0023518875,0.00040764673
294052,2022-12-02 02:00:00,232,2,2,False,0.060229197,0.0004024251,0.9393684
349541,2022-12-31 21:00:00,6,1,1,False,0.2303664,0.7694023,0.00023127801
35333,2022-11-13 15:00:00,143,1,1,False,0.0010554406,0.99887913,6.5439155e-05
346234,2022-12-13 08:00:00,56,0,0,False,0.99365646,0.004723091,0.0016204667
315094,2022-12-07 15:00:00,260,0,0,False,0.9979965,0.0013085199,0.00069499435
269689,2022-12-08 09:00:00,20,1,1,False,0.0010583716,0.99886477,7.684503e-05
225198,2022-12-17 13:00:00,144,0,0,False,0.98975134,0.00911028,0.0011383567
37977,2022-11-04 13:00:00,147,1,1,False,0.0010715845,0.9988643,6.413669e-05
89441,2022-11-03 21:00:00,211,1,1,False,0.09098492,0.9088188,0.00019630519
318841,2022-12-13 13:00:00,265,0,0,False,0.99607265,0.00064588507,0.0032814958
144956,2022-11-23 03:00:00,41,2,2,False,0.049705755,0.00041640617,0.94987786
324846,2022-12-24 08:00:00,29,1,1,False,0.0010561821,0.9988738,7.0049355e-05
290834,2022-12-19 01:00:00,227,2,2,False,0.044266306,0.00037179058,0.95536196
144596,2022-11-08 01:00:00,41,2,2,False,0.13832809,0.0006284033,0.8610435
224338,2022-12-11 09:00:00,143,1,1,False,0.001082076,0.998845,7.289969e-05
324871,2022-12-25 09:00:00,29,1,1,False,0.0010683757,0.9988618,6.9810034e-05
300612,2022-12-05 01:00:00,241,0,0,False,0.997279,0.00062066567,0.0021003957
181348,2022-11-20 02:00:00,9,1,1,False,0.43223113,0.56747174,0.00029707697
360032,2022-12-17 20:00:00,75,2,0,True,0.99421304,0.0034944154,0.0022924803
73511,2022-11-25 10:00:00,191,0,0,False,0.99645364,0.002877107,0.00066923583
304113,2022-12-31 16:00:00,245,1,1,False,0.0010628366,0.99887365,6.354824e-05
47749,2022-11-24 12:00:00,159,2,0,True,0.5536347,0.0010471725,0.44531807
180708,2022-11-23 05:00:00,89,1,1,False,0.0010864163,0.99883646,7.718541e-05
61630,2022-11-06 23:00:00,177,2,2,False,0.11088665,0.0005283236,0.88858503
108451,2022-11-21 11:00:00,237,1,1,False,0.243672,0.75610274,0.0002253004
307399,2022-12-17 20:00:00,25,0,0,False,0.96435523,0.035302613,0.00034209286
183524,2022-11-21 09:00:00,92,2,2,False,0.12234983,0.00052128936,0.8771289
187005,2022-11-17 11:00:00,97,2,2,False,0.21094595,0.000601953,0.78845215
234443,2022-12-11 20:00:00,156,1,1,False,0.0010354853,0.9988978,6.6670254e-05
27856,2022-11-29 19:00:00,133,0,0,False,0.9846369,0.004005852,0.011357217
95980,2022-11-08 05:00:00,220,2,2,False,0.048396267,0.0004183575,0.95118535
110926,2022-11-05 08:00:00,241,2,0,True,0.96435845,0.0013103196,0.03433119
233311,2022-12-25 16:00:00,154,0,0,False,0.97642297,0.023167705,0.00040926298
22066,2022-11-26 21:00:00,126,0,0,False,0.97229666,0.027374022,0.00032928368
70905,2022-11-06 03:00:00,189,2,2,False,0.082251474,0.00045789772,0.9172906
308425,2022-12-31 02:00:00,250,0,0,False,0.99828845,0.0014313443,0.00028016762
132909,2022-11-27 15:00:00,27,1,1,False,0.25324085,0.7465533,0.00020585001
68904,2022-11-12 05:00:00,186,0,0,False,0.91090804,0.0011747512,0.08791717
11801,2022-11-16 06:00:00,113,0,0,False,0.9908208,0.0087692235,0.00040995865
274967,2022-12-18 09:00:00,206,1,1,False,0.0904232,0.9093706,0.000206256
266242,2022-12-14 23:00:00,196,1,0,True,0.7919218,0.20784383,0.00023438793
198114,2022-12-31 04:00:00,11,1,1,False,0.16308302,0.8366871,0.00022985548
229515,2022-12-16 19:00:00,15,0,0,False,0.91639084,0.08317617,0.00043301005
55250,2022-11-09 08:00:00,169,1,1,False,0.14803031,0.8515555,0.00041417123
13001,2022-11-06 14:00:00,115,2,2,False,0.186588,0.0005810877,0.8128309
30386,2022-11-16 01:00:00,137,0,0,False,0.9967114,0.0031120921,0.00017654893
121717,2022-11-08 02:00:00,256,0,0,False,0.8880696,0.111717954,0.00021245106
39926,2022-11-26 06:00:00,149,0,0,False,0.99524814,0.004012738,0.0007391581
112496,2022-11-11 06:00:00,243,2,2,False,0.14965577,0.00059896876,0.8497453
110641,2022-11-23 08:00:00,240,0,0,False,0.9528744,0.044462744,0.002662802
296203,2022-12-01 14:00:00,235,1,0,True,0.50532556,0.49437714,0.0002973392
355447,2022-12-06 16:00:00,69,0,0,False,0.997445,0.00092380587,0.0016312574
71545,2022-11-03 00:00:00,19,1,1,False,0.2078036,0.7918487,0.00034762052
257629,2022-12-16 14:00:00,185,0,0,False,0.9546221,0.045077223,0.00030073413
255439,2022-12-15 11:00:00,182,1,1,False,0.14918917,0.8502209,0.000589838
317192,2022-12-04 22:00:00,263,1,1,False,0.26296207,0.7367187,0.00031921404
197415,2022-12-01 03:00:00,11,1,1,False,0.028470732,0.9714301,9.915453e-05
101853,2022-11-14 16:00:00,228,2,2,False,0.050090827,0.00030002947,0.94960916
319264,2022-12-01 03:00:00,266,1,1,False,0.06530096,0.93456334,0.00013566055
144621,2022-11-09 04:00:00,41,2,2,False,0.08172697,0.0004943441,0.9177787
42649,2022-11-20 13:00:00,152,1,1,False,0.30932376,0.6904136,0.00026262773
52230,2022-11-02 11:00:00,165,2,2,False,0.34240833,0.0029323807,0.65465933
370241,2022-12-23 04:00:00,88,0,0,False,0.9974873,0.0014369276,0.0010757175
107921,2022-11-29 04:00:00,236,2,2,False,0.03414557,0.00032575312,0.9655287
106944,2022-11-18 06:00:00,235,2,2,False,0.40355822,0.0005755939,0.5958662
65233,2022-11-08 03:00:00,181,0,0,False,0.99273735,0.000392466,0.0068701617
192862,2022-12-22 15:00:00,103,0,0,False,0.9541029,0.045356892,0.0005402294
70046,2022-11-30 00:00:00,187,2,0,True,0.50768983,0.00076214934,0.49154803
159395,2022-11-28 22:00:00,6,0,0,False,0.9964814,0.0020865246,0.0014320083
11899,2022-11-20 08:00:00,113,1,1,False,0.07500141,0.9248482,0.00015037673
301061,2022-12-24 16:00:00,241,0,0,False,0.9569913,0.042579625,0.00042903688
16740,2022-11-13 12:00:00,12,1,1,False,0.06952547,0.9302645,0.00021002493
290831,2022-12-18 22:00:00,227,2,2,False,0.13085495,0.00070160744,0.8684434
51644,2022-11-07 23:00:00,164,1,1,False,0.17835644,0.8213761,0.00026750396
23198,2022-11-14 11:00:00,128,0,0,False,0.98720413,0.012233008,0.0005629303
290588,2022-12-07 23:00:00,227,2,0,True,0.5287652,0.0008975944,0.47033718
188711,2022-11-28 23:00:00,99,1,1,False,0.21205315,0.7875969,0.00034992688
67500,2022-11-13 07:00:00,184,2,2,False,0.082553126,0.00043763645,0.91700923
217639,2022-12-02 15:00:00,135,2,0,True,0.967539,0.0010835411,0.031377397
34323,2022-11-01 03:00:00,142,1,1,False,0.0010575327,0.9988758,6.6683475e-05
141164,2022-11-14 02:00:00,37,1,1,False,0.035906088,0.96398765,0.00010630249
197832,2022-12-19 08:00:00,11,0,0,False,0.8771076,0.12264965,0.00024275176
258488,2022-12-23 06:00:00,186,2,2,False,0.4673735,0.0006680655,0.53195846
65707,2022-11-27 23:00:00,181,2,2,False,0.11851815,0.00051190745,0.88096994
167354,2022-11-02 23:00:00,72,1,1,False,0.17400308,0.8256593,0.00033766803
375711,2022-12-09 20:00:00,95,1,0,True,0.5605115,0.43925536,0.0002331122
172182,2022-11-25 11:00:00,78,0,1,True,0.33810663,0.6614863,0.0004069908
150365,2022-11-10 04:00:00,49,2,2,False,0.07606968,0.00037561086,0.9235547
216965,2022-12-04 14:00:00,134,0,0,False,0.9946325,0.0032837729,0.0020837635
60131,2022-11-04 02:00:00,175,0,0,False,0.90368855,0.00089083734,0.095420636
180474,2022-11-13 11:00:00,89,1,1,False,0.0010864008,0.9988432,7.0345115e-05
120814,2022-11-30 03:00:00,253,2,2,False,0.1074072,0.00051302655,0.8920798
156268,2022-11-17 19:00:00,56,2,0,True,0.9933589,0.003396464,0.0032445933
215048,2022-12-14 20:00:00,131,1,0,True,0.67303914,0.32672998,0.00023086437
290818,2022-12-17 22:00:00,227,2,2,False,0.11030308,0.0005883431,0.8891086
107654,2022-11-18 01:00:00,236,0,0,False,0.6369253,0.0010233187,0.36205137
271909,2022-12-10 18:00:00,202,1,0,True,0.8660705,0.1336887,0.00024079799
324345,2022-12-02 13:00:00,29,1,1,False,0.0010671056,0.9988691,6.3797765e-05
259968,2022-12-24 20:00:00,188,2,0,True,0.680677,0.000661652,0.3186614
103120,2022-11-07 19:00:00,230,2,0,True,0.6029736,0.0011123805,0.39591405
53224,2022-11-14 07:00:00,166,2,0,True,0.9842683,0.0009319544,0.014799767
307431,2022-12-19 15:00:00,25,1,1,False,0.25182775,0.7479078,0.0002644424
320345,2022-12-16 03:00:00,267,1,1,False,0.0015463039,0.99831796,0.0001358225
127842,2022-11-25 01:00:00,263,0,0,False,0.9978707,0.0014885346,0.00064077455
119931,2022-11-23 03:00:00,252,1,1,False,0.09887568,0.90094113,0.00018317043
128027,2022-11-02 21:00:00,264,0,0,False,0.9906125,0.008303869,0.0010835438
365718,2022-12-14 01:00:00,82,2,2,False,0.07209167,0.00039253006,0.9275158
180515,2022-11-15 04:00:00,89,1,1,False,0.0010864246,0.998844,6.947903e-05
368446,2022-12-07 13:00:00,86,0,0,False,0.98943883,0.010167812,0.00039338035
18521,2022-11-28 03:00:00,121,2,2,False,0.118523665,0.0004918835,0.8809844
20846,2022-11-05 18:00:00,125,0,0,False,0.99319565,0.006245702,0.0005586621
337547,2022-12-11 21:00:00,45,0,1,True,0.39353165,0.6058781,0.000590201
154131,2022-11-18 03:00:00,53,2,2,False,0.054593503,0.00043113992,0.9449754
2573,2022-11-19 01:00:00,101,1,1,False,0.18415509,0.8156623,0.00018264295
326089,2022-12-15 03:00:00,30,1,1,False,0.032883644,0.96701396,0.000102373204
129955,2022-11-23 17:00:00,266,0,0,False,0.8959197,0.10391334,0.00016694365
261130,2022-12-12 06:00:00,19,0,0,False,0.9893455,0.010473894,0.0001805553
57474,2022-11-12 15:00:00,171,1,1,False,0.3545952,0.6451718,0.0002329485
334038,2022-12-15 21:00:00,40,0,0,False,0.9958643,0.0032182196,0.00091754115
70898,2022-11-05 20:00:00,189,0,0,False,0.9891266,0.0013632663,0.009510079
59441,2022-11-05 03:00:00,174,2,2,False,0.07007116,0.00043714658,0.9294917
140102,2022-11-29 10:00:00,35,0,0,False,0.9974082,0.0011593581,0.0014324116
152954,2022-11-28 16:00:00,51,1,0,True,0.80246025,0.19724613,0.00029359365
364432,2022-12-21 11:00:00,80,0,0,False,0.96546423,0.034230277,0.00030552802
29449,2022-11-06 17:00:00,136,0,0,False,0.98799604,0.0020868464,0.009917153
229036,2022-12-27 19:00:00,149,1,0,True,0.8118371,0.18789802,0.00026484425
262621,2022-12-14 07:00:00,191,1,1,False,0.49419743,0.5046805,0.0011220044
92992,2022-11-02 21:00:00,216,1,1,False,0.16686112,0.832861,0.0002778007
151583,2022-11-01 03:00:00,50,1,1,False,0.13634367,0.86347127,0.00018500947
110067,2022-11-29 05:00:00,239,0,0,False,0.9708114,0.00045565583,0.028732881
172982,2022-11-29 00:00:00,79,2,2,False,0.43509057,0.0011939451,0.56371546
146044,2022-11-08 21:00:00,43,2,0,True,0.5957002,0.0016090908,0.40269068
81036,2022-11-11 06:00:00,200,1,0,True,0.71971214,0.28008842,0.00019941713
128734,2022-11-02 10:00:00,265,2,2,False,0.3627438,0.0008420225,0.6364142
150336,2022-11-08 23:00:00,49,2,2,False,0.116637364,0.00060935476,0.8827533
54390,2022-11-03 05:00:00,168,0,0,False,0.99791807,0.0011753466,0.0009065914
107943,2022-11-30 02:00:00,236,2,2,False,0.034032147,0.00027303933,0.9656948
203210,2022-12-02 06:00:00,117,0,0,False,0.9961423,0.0036713136,0.0001863413
105747,2022-11-27 23:00:00,233,2,2,False,0.099903025,0.0004001843,0.89969677
208386,2022-12-07 15:00:00,123,0,0,False,0.9596675,0.04007267,0.0002598506
270069,2022-12-25 03:00:00,20,1,1,False,0.0010331523,0.99889576,7.106751e-05
291042,2022-12-27 19:00:00,227,0,0,False,0.91473806,0.0010370495,0.08422489
290670,2022-12-11 09:00:00,227,2,2,False,0.05331524,0.0002997394,0.94638497
34670,2022-11-15 19:00:00,142,1,1,False,0.0010837559,0.99884415,7.210945e-05
287196,2022-12-16 20:00:00,222,1,1,False,0.121957324,0.8778658,0.00017686826
294899,2022-12-07 08:00:00,233,0,0,False,0.99652845,0.0022565562,0.0012150566
67502,2022-11-13 09:00:00,184,2,2,False,0.14093578,0.00048297126,0.8585812
228481,2022-12-03 18:00:00,149,1,1,False,0.23233464,0.76746905,0.00019632933
151319,2022-11-20 03:00:00,5,1,0,True,0.9252024,0.07447693,0.0003206477
40961,2022-11-09 19:00:00,150,1,1,False,0.1907952,0.80904335,0.00016144372
37130,2022-11-28 22:00:00,145,1,1,False,0.2308964,0.7686965,0.00040712967
288767,2022-12-23 03:00:00,224,2,2,False,0.17112568,0.00056724425,0.8283071
180687,2022-11-22 08:00:00,89,1,1,False,0.001065622,0.99885786,7.6574564e-05
370510,2022-12-03 10:00:00,89,1,1,False,0.0010773763,0.99885297,6.964623e-05
208302,2022-12-04 03:00:00,123,0,0,False,0.99811447,0.000846372,0.0010392271
48861,2022-11-11 06:00:00,160,1,1,False,0.30281964,0.69695354,0.00022682952
340381,2022-12-09 19:00:00,49,1,0,True,0.9652665,0.034166507,0.00056702294
140372,2022-11-10 21:00:00,36,0,0,False,0.98444504,0.015098415,0.0004565766
78134,2022-11-09 12:00:00,198,1,0,True,0.89895445,0.10081907,0.0002264329
110993,2022-11-08 03:00:00,241,0,0,False,0.9222136,0.0006056638,0.077180766
329600,2022-12-11 05:00:00,35,1,1,False,0.001107143,0.99881786,7.4982556e-05
208471,2022-12-11 04:00:00,123,1,1,False,0.10901284,0.89079136,0.00019579203
234335,2022-12-07 08:00:00,156,1,1,False,0.0010538616,0.998872,7.408431e-05
61215,2022-11-19 13:00:00,176,0,0,False,0.9875557,0.0029771314,0.009467207
364473,2022-12-23 04:00:00,80,2,2,False,0.028462214,0.00027441824,0.9712633
104284,2022-11-26 14:00:00,231,0,0,False,0.9070318,0.09236511,0.0006031048
182329,2022-11-01 04:00:00,91,1,1,False,0.03707768,0.9627308,0.00019148269
245870,2022-12-07 07:00:00,170,2,0,True,0.97250915,0.0005884822,0.026902394
293488,2022-12-08 15:00:00,231,2,0,True,0.94998413,0.00091617985,0.049099643
180275,2022-11-05 02:00:00,89,1,1,False,0.0010500359,0.99888176,6.820758e-05
27930,2022-11-03 00:00:00,134,1,0,True,0.56954455,0.43002066,0.00043478503
291023,2022-12-27 00:00:00,227,2,2,False,0.13203631,0.0005401245,0.8674236
65544,2022-11-21 04:00:00,181,2,2,False,0.025951775,0.00023201178,0.9738163
125630,2022-11-22 06:00:00,260,0,0,False,0.9940433,0.0055971113,0.0003596478
217373,2022-12-22 12:00:00,134,0,0,False,0.9926838,0.0063006575,0.0010155449
224209,2022-12-06 00:00:00,143,1,1,False,0.0010381327,0.9989016,6.023133e-05
364946,2022-12-11 22:00:00,81,0,0,False,0.9944906,0.0014340308,0.004075352
281037,2022-12-31 12:00:00,213,1,0,True,0.6021989,0.39746347,0.0003376736
330914,2022-12-05 21:00:00,37,1,1,False,0.0034980364,0.9963715,0.00013043046
29580,2022-11-12 06:00:00,136,2,2,False,0.42517737,0.00091176934,0.5739109
78305,2022-11-16 15:00:00,198,2,2,False,0.18414961,0.0006612355,0.8151892
142428,2022-11-07 02:00:00,39,0,0,False,0.99620384,0.0009967621,0.0027994553
284516,2022-12-26 06:00:00,218,1,1,False,0.0010914672,0.99884284,6.562201e-05
55648,2022-11-25 22:00:00,169,2,0,True,0.57622266,0.0013164156,0.42246094
355934,2022-12-27 21:00:00,69,1,1,False,0.24058227,0.7591984,0.00021927505
250425,2022-12-16 20:00:00,176,0,0,False,0.9899086,0.0011775983,0.0089138085
243195,2022-12-16 00:00:00,167,1,1,False,0.31819844,0.68146276,0.00033877816
300998,2022-12-22 01:00:00,241,2,2,False,0.11466574,0.0005485814,0.8847857
152419,2022-11-06 07:00:00,51,0,0,False,0.9974039,0.0009612181,0.0016348142
303525,2022-12-06 06:00:00,245,1,1,False,0.0010145771,0.9989215,6.3990985e-05
250797,2022-12-02 07:00:00,177,0,0,False,0.99362844,0.0028912264,0.0034803348
121997,2022-11-19 20:00:00,256,0,0,False,0.99813616,0.00087818934,0.000985584
59278,2022-11-28 05:00:00,173,0,0,False,0.9786683,0.02123926,9.247411e-05
188974,2022-12-09 22:00:00,1,1,1,False,0.0010030387,0.9989297,6.730433e-05
62331,2022-11-06 09:00:00,178,2,0,True,0.6889124,0.00068225875,0.3104053
335089,2022-12-30 13:00:00,41,0,0,False,0.922881,0.07671563,0.0004033416
294078,2022-12-03 04:00:00,232,2,2,False,0.145867,0.00064035575,0.8534927
19630,2022-11-14 18:00:00,123,0,0,False,0.93404347,0.065128125,0.0008284203
373949,2022-12-27 11:00:00,92,2,0,True,0.5836793,0.0009408381,0.4153798
171323,2022-11-19 11:00:00,77,2,0,True,0.5198849,0.0009695837,0.47914556
80789,2022-11-30 18:00:00,20,1,1,False,0.0010134137,0.99892044,6.6172484e-05
288639,2022-12-16 21:00:00,224,2,0,True,0.9544621,0.0005697117,0.044968177
14778,2022-11-21 03:00:00,117,0,0,False,0.99807763,0.0012758974,0.00064651587
10936,2022-11-10 00:00:00,112,1,1,False,0.09885678,0.90089345,0.00024981966
109414,2022-11-01 19:00:00,239,0,0,False,0.94308466,0.05663508,0.00028027088
95986,2022-11-08 13:00:00,220,0,0,False,0.83864814,0.16110593,0.00024592978
83280,2022-11-15 09:00:00,203,1,1,False,0.25216702,0.74759525,0.00023773643
100709,2022-11-26 14:00:00,226,2,0,True,0.5053707,0.0007901185,0.49383917
183438,2022-11-17 19:00:00,92,0,0,False,0.94431216,0.05517845,0.0005094349
324903,2022-12-26 17:00:00,29,1,1,False,0.0010588372,0.9988715,6.966612e-05
368041,2022-12-21 15:00:00,85,2,2,False,0.26036903,0.00070327614,0.7389277
77783,2022-11-24 16:00:00,197,0,0,False,0.99023354,0.008771418,0.000995096
16728,2022-11-13 00:00:00,12,1,0,True,0.6783503,0.3213833,0.00026634248
159622,2022-11-08 14:00:00,60,0,0,False,0.9896852,0.009500071,0.0008147793
120178,2022-11-03 13:00:00,253,1,1,False,0.10422823,0.89552593,0.00024585953
1601,2022-11-08 06:00:00,100,1,1,False,0.090345256,0.9095042,0.00015056663
100572,2022-11-20 21:00:00,226,2,2,False,0.09744244,0.00045462482,0.9021029
97334,2022-11-05 01:00:00,222,1,1,False,0.033464506,0.96643865,9.683815e-05
259182,2022-12-22 03:00:00,187,2,2,False,0.049352203,0.00031825993,0.9503295
286308,2022-12-09 21:00:00,221,2,2,False,0.08738636,0.0004067266,0.9122069
175404,2022-11-10 18:00:00,82,2,2,False,0.16655946,0.00065205205,0.83278847
221546,2022-12-15 05:00:00,14,0,0,False,0.9980106,0.0017255244,0.0002639336
131193,2022-11-15 17:00:00,268,0,0,False,0.9855047,0.013763031,0.00073230336
234546,2022-12-16 03:00:00,156,1,1,False,0.0010700254,0.9988631,6.685073e-05
275136,2022-12-25 23:00:00,206,0,0,False,0.99580526,0.0039429734,0.00025169938
107539,2022-11-13 06:00:00,236,2,2,False,0.15223433,0.00047438138,0.8472913
85122,2022-11-02 13:00:00,206,2,2,False,0.42261696,0.00073607406,0.576647
97219,2022-11-30 03:00:00,221,2,2,False,0.046850007,0.0002873825,0.9528626
240827,2022-12-07 11:00:00,164,2,0,True,0.8026761,0.0012656796,0.1960582
128736,2022-11-02 12:00:00,265,2,2,False,0.1300828,0.00056532345,0.8693519
357921,2022-12-20 11:00:00,72,2,2,False,0.35561362,0.00076368835,0.6436227
141694,2022-11-06 07:00:00,38,1,1,False,0.119446345,0.8803745,0.00017915109
149691,2022-11-11 21:00:00,48,2,0,True,0.82326835,0.0022854186,0.17444621
293296,2022-12-31 14:00:00,230,2,0,True,0.80874306,0.0010720956,0.19018488
324712,2022-12-18 05:00:00,29,1,1,False,0.0038869893,0.9958919,0.00022102139
193402,2022-12-14 04:00:00,104,1,1,False,0.07123859,0.9286277,0.00013369598
55549,2022-11-21 19:00:00,169,2,0,True,0.6926105,0.0012426357,0.3061469
34379,2022-11-03 14:00:00,142,1,1,False,0.003528487,0.9962692,0.00020222964
22108,2022-11-28 15:00:00,126,2,2,False,0.16440482,0.0006293538,0.8349658
36984,2022-11-22 20:00:00,145,1,0,True,0.6521863,0.34745952,0.00035424982
158862,2022-11-06 15:00:00,6,1,0,True,0.54842126,0.45124277,0.0003359601
190071,2022-12-26 12:00:00,10,2,0,True,0.8842412,0.0009783374,0.114780486
96734,2022-11-09 22:00:00,221,2,2,False,0.1519015,0.00090234866,0.8471961
107200,2022-11-28 22:00:00,235,2,0,True,0.86652386,0.0008287387,0.1326474
296119,2022-12-29 01:00:00,234,0,0,False,0.963331,0.0003738846,0.036295094
292926,2022-12-15 06:00:00,230,2,2,False,0.10599152,0.00042982385,0.89357865
121532,2022-11-30 06:00:00,254,1,1,False,0.08214927,0.9176887,0.00016202932
80499,2022-11-18 16:00:00,20,1,1,False,0.0010563933,0.9988782,6.5446766e-05
22972,2022-11-04 23:00:00,128,0,0,False,0.9947189,0.00464123,0.0006398243
120472,2022-11-15 21:00:00,253,2,2,False,0.17439121,0.00065098534,0.8249578
124835,2022-11-18 22:00:00,26,2,2,False,0.15814103,0.0007100383,0.841149
267462,2022-12-05 17:00:00,198,0,0,False,0.9964491,0.0032897312,0.00026117289
54858,2022-11-22 19:00:00,168,2,0,True,0.94724655,0.0015619397,0.051191486
180665,2022-11-21 10:00:00,89,1,1,False,0.0010700809,0.9988564,7.3503055e-05
167080,2022-11-21 10:00:00,71,2,0,True,0.9626957,0.0008647858,0.036439463
143939,2022-11-10 13:00:00,40,0,0,False,0.85753256,0.1422183,0.00024910428
51630,2022-11-07 09:00:00,164,0,0,False,0.9120356,0.0875667,0.0003976739
190225,2022-12-01 23:00:00,100,1,1,False,0.17109084,0.8286798,0.00022935307
253604,2022-12-30 01:00:00,18,1,0,True,0.98142827,0.01839591,0.0001757582
367485,2022-12-28 12:00:00,84,0,0,False,0.97849864,0.00061709125,0.020884262
112423,2022-11-08 03:00:00,243,2,2,False,0.06397692,0.00048692155,0.9355361
48435,2022-11-23 07:00:00,16,1,1,False,0.0011618832,0.9987464,9.16585e-05
338027,2022-12-01 20:00:00,46,2,0,True,0.6834819,0.0018076196,0.31471053
371218,2022-12-02 21:00:00,9,2,0,True,0.93371797,0.001844117,0.06443789
305601,2022-12-02 15:00:00,248,0,0,False,0.99556327,0.0041828663,0.0002538567
65326,2022-11-12 02:00:00,181,2,0,True,0.7425275,0.0012255583,0.25624695
334425,2022-12-01 23:00:00,41,2,2,False,0.23765408,0.00079970725,0.76154625
38726,2022-11-05 23:00:00,148,1,1,False,0.29959828,0.7002009,0.00020078363
113429,2022-11-20 08:00:00,244,2,0,True,0.5856709,0.0009536259,0.41337547
320280,2022-12-13 10:00:00,267,1,1,False,0.13445815,0.86440814,0.0011337664
67475,2022-11-12 06:00:00,184,2,2,False,0.32209197,0.000755342,0.67715275
207231,2022-12-20 10:00:00,121,0,0,False,0.9945333,0.0037512912,0.001715358
114339,2022-11-28 11:00:00,245,1,1,False,0.0010581011,0.9988732,6.875401e-05
174719,2022-11-12 00:00:00,81,2,0,True,0.8334965,0.001175174,0.16532834
280734,2022-12-18 08:00:00,213,2,2,False,0.08733458,0.0005881147,0.91207737
78307,2022-11-16 17:00:00,198,2,2,False,0.105049126,0.00052437524,0.8944265
151964,2022-11-17 05:00:00,50,2,0,True,0.8493709,0.0007805233,0.14984858
237341,2022-12-12 10:00:00,16,1,1,False,0.0011231008,0.9987956,8.119948e-05
171285,2022-11-17 21:00:00,77,0,0,False,0.96645945,0.032642372,0.00089813577
259206,2022-12-23 03:00:00,187,2,2,False,0.12207329,0.00047095498,0.8774558
51749,2022-11-12 10:00:00,164,1,1,False,0.14730594,0.85238177,0.0003122763
258310,2022-12-14 22:00:00,186,2,2,False,0.19304717,0.00061847054,0.8063343
135033,2022-11-26 18:00:00,29,1,1,False,0.0010729394,0.99886,6.70232e-05
237343,2022-12-12 12:00:00,16,1,1,False,0.0011392246,0.9987802,8.06143e-05
28767,2022-11-08 02:00:00,135,2,0,True,0.5703396,0.0007286077,0.4289318
361320,2022-12-11 01:00:00,77,0,0,False,0.99725443,0.00072797283,0.0020175593
261082,2022-12-10 06:00:00,19,1,1,False,0.03817457,0.96165866,0.00016674417
27691,2022-11-22 22:00:00,133,2,2,False,0.1351,0.0007312757,0.86416876
258644,2022-12-29 18:00:00,186,0,0,False,0.9793417,0.019948972,0.00070929265
341299,2022-12-18 09:00:00,5,1,1,False,0.054332063,0.9454736,0.0001942724
146252,2022-11-17 13:00:00,43,1,0,True,0.9000903,0.09785561,0.002054093
185154,2022-11-29 17:00:00,94,1,0,True,0.8129671,0.18655802,0.00047485114
117302,2022-11-02 21:00:00,25,1,0,True,0.82763255,0.17202234,0.0003451048
177705,2022-11-17 06:00:00,85,2,2,False,0.44822243,0.0008130896,0.5509645
166072,2022-11-09 05:00:00,7,0,0,False,0.9877907,0.01201328,0.00019604286
26919,2022-11-20 13:00:00,132,0,0,False,0.7033476,0.0007423431,0.29591
302288,2022-12-14 19:00:00,243,0,0,False,0.9875823,0.01198019,0.00043745214
373130,2022-12-23 09:00:00,91,1,1,False,0.2048122,0.79483783,0.0003499348
370013,2022-12-12 18:00:00,88,0,0,False,0.9979395,0.0011199582,0.000940536
362921,2022-12-18 01:00:00,79,0,0,False,0.9943428,0.0054363464,0.00022081105
5646,2022-11-27 22:00:00,105,2,2,False,0.20855634,0.0005554193,0.7908882
239388,2022-12-07 14:00:00,162,0,0,False,0.98808306,0.001076081,0.01084088
141545,2022-11-29 23:00:00,37,0,0,False,0.98941785,0.009623242,0.0009589514
179240,2022-11-21 15:00:00,87,1,0,True,0.6450749,0.35465917,0.00026593456
235939,2022-12-14 02:00:00,158,0,0,False,0.8757794,0.12400541,0.00021526104
323695,2022-12-05 12:00:00,28,1,1,False,0.0010393149,0.99889153,6.922663e-05
115309,2022-11-09 07:00:00,247,2,2,False,0.448828,0.0009391422,0.5502328
238648,2022-12-06 19:00:00,161,0,0,False,0.99031925,0.009483004,0.00019772044
9461,2022-11-08 01:00:00,110,1,1,False,0.045252096,0.9546119,0.00013596629
319991,2022-12-01 09:00:00,267,0,0,False,0.98946625,0.000671373,0.009862348
96932,2022-11-18 04:00:00,221,2,2,False,0.10586215,0.0005054146,0.8936324
189135,2022-12-16 15:00:00,1,1,1,False,0.0048359213,0.9950039,0.00016022543
156168,2022-11-13 15:00:00,56,0,0,False,0.73404086,0.26494026,0.0010188309
642,2022-11-27 23:00:00,1,1,1,False,0.0031813097,0.996705,0.0001136832
180607,2022-11-19 00:00:00,89,1,1,False,0.0010674617,0.99886143,7.111442e-05
100359,2022-11-12 00:00:00,226,0,0,False,0.9408275,0.0009693349,0.05820317
9972,2022-11-29 10:00:00,110,2,2,False,0.10035264,0.00059020426,0.89905715
112540,2022-11-13 02:00:00,243,2,2,False,0.06255047,0.0003680846,0.93708146
103746,2022-11-04 02:00:00,231,2,2,False,0.045235693,0.00030437743,0.9544599
303986,2022-12-26 09:00:00,245,1,1,False,0.0010821369,0.9988464,7.140557e-05
116816,2022-11-12 12:00:00,249,1,0,True,0.9379421,0.061740834,0.00031705305
39613,2022-11-13 05:00:00,149,2,2,False,0.029719621,0.00027729778,0.97000307
142854,2022-11-24 22:00:00,39,0,0,False,0.9968064,0.0015815581,0.0016120772
107681,2022-11-19 04:00:00,236,2,2,False,0.12861124,0.00062429236,0.8707645
230349,2022-12-22 10:00:00,150,1,0,True,0.6064011,0.39323446,0.00036446712
61562,2022-11-04 03:00:00,177,2,2,False,0.08095377,0.00047016176,0.918576
32360,2022-11-08 22:00:00,14,2,2,False,0.42221344,0.0010746887,0.5767119
328904,2022-12-12 06:00:00,34,1,1,False,0.037121426,0.9627365,0.00014212319
8907,2022-11-14 20:00:00,11,1,1,False,0.22848509,0.77123564,0.00027929796
82717,2022-11-21 17:00:00,202,1,0,True,0.7501423,0.24929766,0.00056002196
370701,2022-12-11 09:00:00,89,1,1,False,0.0010942308,0.99883157,7.41926e-05
34355,2022-11-02 11:00:00,142,1,1,False,0.0010978618,0.99882895,7.322126e-05
44152,2022-11-23 14:00:00,154,0,0,False,0.98463213,0.013161127,0.0022067158
65849,2022-11-04 00:00:00,182,2,0,True,0.76689035,0.0008069702,0.23230265
92129,2022-11-26 14:00:00,214,1,1,False,0.38119146,0.61853135,0.0002772189
145974,2022-11-05 21:00:00,43,2,0,True,0.5847969,0.0015882924,0.41361478
136280,2022-11-19 03:00:00,30,1,0,True,0.8500482,0.14973521,0.00021654427
367786,2022-12-10 02:00:00,85,0,0,False,0.9613744,0.00052351103,0.03810202
289747,2022-12-02 23:00:00,226,2,0,True,0.91469353,0.00064728997,0.084659144
288976,2022-12-31 20:00:00,224,2,2,False,0.34240553,0.0007107623,0.6568837
144978,2022-11-24 01:00:00,41,2,2,False,0.057095937,0.00037481225,0.9425292
352873,2022-12-20 10:00:00,64,2,2,False,0.26888433,0.0007190906,0.73039657
162319,2022-11-01 14:00:00,64,2,2,False,0.27981928,0.00085498195,0.7193257
216907,2022-12-02 04:00:00,134,2,2,False,0.08122126,0.0005098332,0.9182689
159106,2022-11-16 21:00:00,6,1,1,False,0.1180657,0.8817742,0.0001601446
37047,2022-11-25 11:00:00,145,0,0,False,0.97646105,0.0031635207,0.020375406
66865,2022-11-16 15:00:00,183,0,0,False,0.9765277,0.0226255,0.00084685645
148025,2022-11-01 20:00:00,46,2,0,True,0.9524329,0.0036996542,0.0438674
378559,2022-12-08 08:00:00,99,1,1,False,0.3249951,0.6744576,0.00054726255
262262,2022-12-30 07:00:00,190,0,0,False,0.9886686,0.010893738,0.00043766986
110435,2022-11-14 18:00:00,240,0,0,False,0.9606678,0.03885619,0.00047594428
145693,2022-11-24 01:00:00,42,2,2,False,0.084708706,0.00052710914,0.91476417
104535,2022-11-07 04:00:00,232,2,2,False,0.030049246,0.00027431684,0.96967643
104879,2022-11-21 14:00:00,232,1,0,True,0.85001725,0.1496628,0.0003199134
283931,2022-12-31 22:00:00,217,2,2,False,0.20124008,0.00057021546,0.7981897
242187,2022-12-04 01:00:00,166,1,1,False,0.050969314,0.9489296,0.00010105233
1879,2022-11-19 22:00:00,100,0,0,False,0.95760953,0.04218417,0.00020632175
127683,2022-11-18 10:00:00,263,0,0,False,0.9908783,0.008675616,0.0004460617
105246,2022-11-07 00:00:00,233,2,2,False,0.052412663,0.00033887575,0.94724846
372301,2022-12-18 08:00:00,90,1,0,True,0.91630876,0.08351134,0.00017984323
353769,2022-12-27 19:00:00,65,0,0,False,0.9925161,0.0024834254,0.0050005172
204111,2022-12-09 18:00:00,118,0,0,False,0.9965558,0.0032267827,0.00021740657
165628,2022-11-20 12:00:00,69,1,0,True,0.9813509,0.018102761,0.00054634904
187468,2022-11-06 21:00:00,98,1,0,True,0.6377513,0.3619578,0.00029089165
321128,2022-12-19 13:00:00,268,0,0,False,0.9941322,0.0016393852,0.004228391
172766,2022-11-20 00:00:00,79,0,0,False,0.96973395,0.029960115,0.00030589275
104349,2022-11-29 07:00:00,231,0,0,False,0.9909685,0.004648947,0.004382565
64113,2022-11-21 03:00:00,18,0,0,False,0.9914119,0.008130926,0.00045716812
49246,2022-11-27 07:00:00,160,0,0,False,0.9873251,0.012476584,0.00019836483
133059,2022-11-04 00:00:00,270,1,1,False,0.055904377,0.9439928,0.00010277067
374000,2022-12-29 14:00:00,92,2,0,True,0.69925314,0.001490232,0.2992566
269471,2022-12-30 06:00:00,2,1,0,True,0.99329233,0.0065531568,0.00015447245
67630,2022-11-18 17:00:00,184,1,1,False,0.0010322271,0.9989021,6.564581e-05
154410,2022-11-29 18:00:00,53,0,0,False,0.98897296,0.00880953,0.0022174895
10636,2022-11-27 07:00:00,111,1,1,False,0.12855218,0.8711908,0.00025703484
366368,2022-12-11 02:00:00,83,2,0,True,0.948002,0.00061297824,0.05138504
292488,2022-12-27 23:00:00,229,2,0,True,0.9709937,0.0004351787,0.028571144
294055,2022-12-02 05:00:00,232,2,2,False,0.050081212,0.0003968127,0.94952196
275506,2022-12-10 10:00:00,207,0,0,False,0.9978302,0.0017418298,0.00042789755
227466,2022-12-22 11:00:00,147,0,0,False,0.987252,0.001546618,0.011201389
103368,2022-11-18 05:00:00,230,2,2,False,0.027188538,0.0002481645,0.97256327
269642,2022-12-06 10:00:00,20,1,1,False,0.0010613223,0.9988697,6.893873e-05
180524,2022-11-15 13:00:00,89,1,1,False,0.0010721117,0.9988574,7.048835e-05
188836,2022-12-04 04:00:00,1,1,1,False,0.025550345,0.97432977,0.00011988757
303889,2022-12-22 08:00:00,245,1,1,False,0.0010685165,0.99884677,8.463531e-05
138040,2022-11-03 00:00:00,33,1,1,False,0.18156923,0.81816006,0.00027074068
223263,2022-12-27 14:00:00,141,0,0,False,0.9930066,0.002130179,0.0048632063
264485,2022-12-01 20:00:00,194,1,0,True,0.5883645,0.41125518,0.00038029332
331664,2022-12-07 02:00:00,38,1,1,False,0.0039438186,0.99590623,0.00014992699
105687,2022-11-25 11:00:00,233,2,2,False,0.052511122,0.00033505654,0.9471538
218464,2022-12-06 23:00:00,136,0,0,False,0.9970285,0.002752318,0.00021922255
310942,2022-12-14 21:00:00,254,0,0,False,0.9921848,0.0030652964,0.004749904
2952,2022-11-04 23:00:00,102,1,1,False,0.26181492,0.7379521,0.00023294162
23818,2022-11-10 12:00:00,129,0,0,False,0.9366122,0.06280297,0.0005847978
324689,2022-12-16 21:00:00,29,1,1,False,0.0010231655,0.9989184,5.8479487e-05
58284,2022-11-16 14:00:00,172,2,0,True,0.5346245,0.0007798423,0.46459565
107918,2022-11-29 01:00:00,236,2,2,False,0.04931297,0.00036712014,0.95031995
197491,2022-12-04 07:00:00,11,1,1,False,0.06636271,0.93349266,0.00014459154
259101,2022-12-18 05:00:00,187,0,0,False,0.97506386,0.0004844696,0.024451671
345816,2022-12-26 21:00:00,55,0,0,False,0.9941368,0.0056426437,0.00022059504
232536,2022-12-23 10:00:00,153,0,0,False,0.81003445,0.18971485,0.0002506792
46079,2022-11-14 12:00:00,157,0,0,False,0.9286631,0.07087372,0.0004632523
194478,2022-12-29 21:00:00,105,0,0,False,0.9968232,0.0029628626,0.00021398115
8987,2022-11-18 04:00:00,11,1,1,False,0.04279394,0.95701,0.00019609582
214113,2022-12-05 22:00:00,130,0,0,False,0.9753293,0.024445198,0.00022551994
191904,2022-12-11 20:00:00,102,0,0,False,0.97816145,0.021693781,0.00014472993
81012,2022-11-10 06:00:00,200,0,0,False,0.8002842,0.19952552,0.00019026452
96754,2022-11-10 18:00:00,221,1,0,True,0.9268071,0.07059442,0.002598505
52751,2022-11-24 09:00:00,165,2,0,True,0.5079407,0.0034411673,0.4886181
324346,2022-12-02 14:00:00,29,1,1,False,0.0010765629,0.9988588,6.463308e-05
317277,2022-12-08 11:00:00,263,0,0,False,0.998483,0.0006568291,0.00086019415
180049,2022-11-25 13:00:00,88,1,1,False,0.30997103,0.689793,0.00023593719
358648,2022-12-20 19:00:00,73,0,0,False,0.9966008,0.003033712,0.00036554088
54747,2022-11-18 04:00:00,168,2,2,False,0.09357741,0.00056555646,0.90585697
238239,2022-12-20 17:00:00,160,2,2,False,0.44980416,0.00093114923,0.54926467
301236,2022-12-01 00:00:00,242,2,2,False,0.33201528,0.00074171415,0.667243
43979,2022-11-16 09:00:00,154,0,0,False,0.5341974,0.001547004,0.4642556
118427,2022-11-20 01:00:00,250,1,1,False,0.0010170706,0.9989171,6.5819615e-05
154875,2022-11-19 08:00:00,54,0,0,False,0.9920499,0.0076830056,0.00026709557
224628,2022-12-24 09:00:00,143,1,1,False,0.0010655053,0.99886465,6.988817e-05
332393,2022-12-07 10:00:00,39,0,0,False,0.57977337,0.41997656,0.00025011346
284637,2022-12-31 07:00:00,218,1,1,False,0.0011035679,0.99882966,6.6806046e-05
357654,2022-12-08 12:00:00,72,1,1,False,0.0011319406,0.9987822,8.588119e-05
84466,2022-11-05 03:00:00,205,0,0,False,0.98721176,0.00061852025,0.012169692
42286,2022-11-05 08:00:00,152,0,0,False,0.9975091,0.0018129386,0.00067786215
308033,2022-12-13 20:00:00,250,0,0,False,0.9964598,0.0005581796,0.0029819831
69361,2022-11-01 06:00:00,187,2,2,False,0.107787795,0.00059003703,0.8916222
97160,2022-11-27 16:00:00,221,2,2,False,0.20536031,0.00051002536,0.79412967
285425,2022-12-03 03:00:00,220,2,2,False,0.3301827,0.00071526715,0.6691021
228823,2022-12-18 09:00:00,149,2,2,False,0.4220678,0.0009834105,0.57694876
351649,2022-12-29 14:00:00,62,0,0,False,0.9852631,0.014344259,0.00039259045
7825,2022-11-29 08:00:00,108,2,0,True,0.9432088,0.012262347,0.044528842
7490,2022-11-15 09:00:00,108,2,2,False,0.13320091,0.00068939896,0.8661097
140271,2022-11-06 14:00:00,36,2,0,True,0.6778763,0.00089362456,0.3212301
291289,2022-12-07 03:00:00,228,2,2,False,0.062217463,0.00035866737,0.9374239
168156,2022-11-06 14:00:00,73,2,2,False,0.31353045,0.00069805805,0.6857715
113872,2022-11-09 00:00:00,245,1,1,False,0.0030326282,0.996774,0.00019337198
286374,2022-12-12 15:00:00,221,2,2,False,0.09452597,0.00040772927,0.9050663
323470,2022-12-27 02:00:00,270,0,0,False,0.98878396,0.011048774,0.00016723397
64436,2022-11-04 17:00:00,180,0,0,False,0.9281913,0.0013798957,0.070428774
196661,2022-12-30 17:00:00,108,2,0,True,0.95819336,0.0012804671,0.040526148
197109,2022-12-19 06:00:00,109,1,1,False,0.24481082,0.7548275,0.00036167452
343277,2022-12-10 07:00:00,52,1,1,False,0.15034623,0.84943944,0.00021425914
105877,2022-11-03 12:00:00,234,1,1,False,0.3181541,0.68156403,0.00028186422
202744,2022-12-12 21:00:00,116,2,0,True,0.9173503,0.0007107172,0.08193901
260679,2022-12-24 10:00:00,189,1,0,True,0.6253206,0.37441444,0.00026491733
387,2022-11-17 08:00:00,1,0,0,False,0.9919802,0.0019835525,0.0060362904
8321,2022-11-20 05:00:00,109,1,1,False,0.23934992,0.7603071,0.00034300357
79818,2022-11-20 02:00:00,2,0,0,False,0.9965912,0.0025824597,0.00082637207
52226,2022-11-02 07:00:00,165,2,0,True,0.97204643,0.0035232594,0.024430288
190693,2022-12-22 09:00:00,100,0,0,False,0.99201715,0.0028565815,0.0051263007
18520,2022-11-28 02:00:00,121,2,2,False,0.07172899,0.00038472176,0.9278863
356067,2022-12-02 11:00:00,7,1,1,False,0.086564265,0.9132412,0.00019457056
65190,2022-11-06 08:00:00,181,2,2,False,0.33446673,0.0007114199,0.66482186
350260,2022-12-31 19:00:00,60,1,1,False,0.13286649,0.8669523,0.00018116129
47931,2022-11-02 02:00:00,16,1,1,False,0.0011563045,0.99876523,7.844243e-05
182288,2022-11-29 11:00:00,90,0,0,False,0.92190063,0.002065044,0.07603436
288783,2022-12-23 19:00:00,224,0,0,False,0.96792555,0.0019177988,0.030156627
326706,2022-12-10 19:00:00,31,0,0,False,0.9925822,0.0048107225,0.0026070774
85687,2022-11-26 07:00:00,206,1,1,False,0.0872618,0.9125279,0.00021028139
254634,2022-12-11 23:00:00,181,2,0,True,0.7792394,0.00084025046,0.21992032
47829,2022-11-27 20:00:00,159,0,1,True,0.26891658,0.73079354,0.0002899221
359488,2022-12-25 18:00:00,74,2,2,False,0.38290402,0.0006521083,0.6164439
32886,2022-11-30 20:00:00,14,2,2,False,0.2551885,0.001006835,0.74380463
332995,2022-12-02 11:00:00,4,0,0,False,0.9840776,0.015386055,0.0005363218
68498,2022-11-25 02:00:00,185,0,0,False,0.99156135,0.008138575,0.00030011998
101338,2022-11-23 00:00:00,227,2,2,False,0.043587867,0.0002909367,0.9561212
142148,2022-11-25 07:00:00,38,1,1,False,0.0038508405,0.99601173,0.00013747778
41809,2022-11-15 08:00:00,151,2,0,True,0.8860261,0.0039406205,0.11003331
175579,2022-11-18 01:00:00,82,2,0,True,0.85782695,0.0011339384,0.14103913
97072,2022-11-24 00:00:00,221,2,2,False,0.13884191,0.0004579043,0.8607002
315643,2022-12-31 10:00:00,260,0,0,False,0.9973827,0.0023659978,0.00025128465
241323,2022-12-29 01:00:00,164,1,0,True,0.7936416,0.20613255,0.00022584434
294805,2022-12-03 10:00:00,233,2,2,False,0.1992027,0.0004619719,0.80033535
346330,2022-12-17 17:00:00,56,0,0,False,0.9638389,0.0008719586,0.035289105
356851,2022-12-05 02:00:00,71,2,2,False,0.08317172,0.00041137746,0.9164169
297391,2022-12-21 23:00:00,236,2,0,True,0.68014675,0.0011294836,0.31872374
188975,2022-12-09 23:00:00,1,1,1,False,0.001003043,0.998934,6.303911e-05
103364,2022-11-18 01:00:00,230,2,2,False,0.03506183,0.00029133144,0.9646469
82400,2022-11-08 10:00:00,202,1,0,True,0.5456477,0.45395508,0.0003972428
38000,2022-11-05 12:00:00,147,1,1,False,0.0010649356,0.99886864,6.641764e-05
59438,2022-11-05 00:00:00,174,2,2,False,0.4219612,0.0007903301,0.5772485
80802,2022-11-01 07:00:00,200,1,1,False,0.0038713473,0.99599,0.00013873243
177683,2022-11-16 08:00:00,85,2,2,False,0.19923341,0.0006849412,0.8000817
105966,2022-11-07 05:00:00,234,2,2,False,0.041845147,0.00029844805,0.9578565
58055,2022-11-06 23:00:00,172,0,0,False,0.9955871,0.0028568176,0.0015561071
124163,2022-11-20 17:00:00,259,0,0,False,0.99530905,0.0019575288,0.002733388
128238,2022-11-11 18:00:00,264,0,0,False,0.94283205,0.056791387,0.00037654178
300498,2022-12-31 06:00:00,240,0,0,False,0.99781835,0.0019333668,0.0002483161
106843,2022-11-14 01:00:00,235,2,2,False,0.059593167,0.00036743388,0.9400394
312369,2022-12-14 06:00:00,257,0,0,False,0.9981363,0.0016296558,0.00023403838
80067,2022-11-30 11:00:00,2,2,2,False,0.14941284,0.00049541495,0.8500917
145332,2022-11-09 00:00:00,42,2,2,False,0.07959337,0.00045866572,0.919948
177562,2022-11-11 07:00:00,85,2,2,False,0.16485068,0.0004850324,0.8346643
96138,2022-11-14 21:00:00,220,2,0,True,0.5527765,0.00093517656,0.44628832
277696,2022-12-11 13:00:00,21,1,0,True,0.68256235,0.31721228,0.00022540576
231346,2022-12-02 23:00:00,152,0,0,False,0.9921713,0.007546051,0.00028260122
241518,2022-12-06 05:00:00,165,1,1,False,0.06946272,0.93013287,0.0004044393
237226,2022-12-07 15:00:00,16,1,1,False,0.0011463298,0.9987789,7.472892e-05
156995,2022-11-18 07:00:00,57,0,0,False,0.844789,0.15340748,0.0018034466
28932,2022-11-15 01:00:00,135,2,2,False,0.11106304,0.0004851714,0.88845176
277610,2022-12-07 23:00:00,21,0,0,False,0.97106254,0.028603908,0.0003336108
145713,2022-11-24 21:00:00,42,2,2,False,0.23203339,0.00077764184,0.7671889
169092,2022-11-15 21:00:00,74,1,1,False,0.10097159,0.8988615,0.00016687208
51761,2022-11-12 22:00:00,164,1,1,False,0.22103453,0.77877814,0.00018730974
282330,2022-12-25 07:00:00,215,0,0,False,0.9944089,0.0051589203,0.0004321126
315727,2022-12-03 23:00:00,261,1,1,False,0.16158888,0.8381717,0.00023941702
65689,2022-11-27 05:00:00,181,2,2,False,0.113736376,0.000443249,0.8858203
78677,2022-11-02 03:00:00,199,0,0,False,0.94667226,0.00087689783,0.05245079
48197,2022-11-13 09:00:00,16,1,1,False,0.0011615398,0.99876404,7.447595e-05
53880,2022-11-11 20:00:00,167,1,1,False,0.30165312,0.69815016,0.00019674818
324216,2022-12-28 03:00:00,28,1,1,False,0.0010371588,0.99889153,7.1335824e-05
135257,2022-11-06 05:00:00,3,1,1,False,0.032736026,0.967145,0.00011889519
316228,2022-12-25 18:00:00,261,0,0,False,0.97448665,0.025307277,0.00020604751
72362,2022-11-07 06:00:00,190,0,0,False,0.99695265,0.0022821678,0.00076516496
207208,2022-12-19 11:00:00,121,0,0,False,0.96838164,0.03125491,0.0003634128
180462,2022-11-12 23:00:00,89,1,1,False,0.0010785412,0.998855,6.641946e-05
223075,2022-12-19 16:00:00,141,0,0,False,0.985706,0.013692808,0.0006012068
297346,2022-12-20 00:00:00,236,2,0,True,0.9130556,0.00070513017,0.086239226
331227,2022-12-19 18:00:00,37,1,1,False,0.3233349,0.6752945,0.0013705468
7515,2022-11-16 10:00:00,108,2,2,False,0.22178683,0.00077201915,0.77744114
250403,2022-12-15 22:00:00,176,0,0,False,0.9843992,0.0014192207,0.014181561
147736,2022-11-19 19:00:00,45,2,0,True,0.8983721,0.0029127898,0.09871513
223606,2022-12-10 22:00:00,142,1,1,False,0.0010796308,0.99884677,7.361915e-05
182811,2022-11-21 11:00:00,91,2,2,False,0.37507161,0.0009805937,0.62394774
328260,2022-12-15 11:00:00,33,0,0,False,0.924242,0.00087925023,0.074878775
331482,2022-12-30 11:00:00,37,1,1,False,0.0035852408,0.99627316,0.00014156007
22485,2022-11-14 13:00:00,127,2,2,False,0.45757344,0.0007609755,0.54166555
126693,2022-11-06 21:00:00,262,2,0,True,0.92199385,0.00079052325,0.07721561
116200,2022-11-16 15:00:00,248,2,2,False,0.19140932,0.00047824538,0.80811244
148158,2022-11-07 12:00:00,46,1,1,False,0.2129264,0.78668344,0.0003901653
177386,2022-11-03 21:00:00,85,0,0,False,0.99610895,0.0023343074,0.0015567222
12491,2022-11-15 05:00:00,114,0,0,False,0.98751813,0.012350511,0.00013139079
83022,2022-11-04 13:00:00,203,1,0,True,0.5867091,0.41299805,0.00029285555
24120,2022-11-23 02:00:00,129,0,0,False,0.9975852,0.001808422,0.00060635037
42878,2022-11-30 02:00:00,152,1,1,False,0.078002244,0.92186415,0.00013355896
241762,2022-12-16 09:00:00,165,2,2,False,0.14899792,0.001923768,0.84907836
73961,2022-11-14 09:00:00,192,0,0,False,0.72473425,0.27493492,0.0003308076
330519,2022-12-20 07:00:00,36,1,0,True,0.84239626,0.15599807,0.0016056589
325175,2022-12-07 02:00:00,3,0,0,False,0.99308926,0.006689698,0.00022110864
234307,2022-12-06 04:00:00,156,1,1,False,0.001026315,0.9989102,6.3461535e-05
370302,2022-12-25 17:00:00,88,0,0,False,0.99774265,0.00057849113,0.0016789236
216904,2022-12-02 01:00:00,134,2,0,True,0.5551845,0.0012825235,0.443533
22483,2022-11-14 11:00:00,127,2,2,False,0.18809538,0.0005965316,0.81130815
324287,2022-12-31 02:00:00,28,1,1,False,0.001010553,0.9989231,6.632145e-05
324845,2022-12-24 07:00:00,29,1,1,False,0.0010466637,0.9988865,6.6841014e-05
106633,2022-11-05 05:00:00,235,2,2,False,0.03760393,0.00033620663,0.96205986
185482,2022-11-13 14:00:00,95,0,0,False,0.905302,0.0945276,0.00017043074
302132,2022-12-08 07:00:00,243,0,0,False,0.99769044,0.0010433745,0.00126617
35024,2022-11-30 13:00:00,142,1,1,False,0.0011143369,0.99881136,7.431998e-05
116339,2022-11-22 10:00:00,248,0,0,False,0.9797937,0.01999186,0.00021438717
371143,2022-12-30 17:00:00,89,1,1,False,0.0010674061,0.99886656,6.6107794e-05
152644,2022-11-15 18:00:00,51,0,0,False,0.94895935,0.050631102,0.00040953912
64545,2022-11-09 08:00:00,180,2,2,False,0.20186391,0.00061296043,0.7975231
324055,2022-12-21 10:00:00,28,1,1,False,0.003231593,0.9965743,0.00019410175
139592,2022-11-08 02:00:00,35,1,1,False,0.030827342,0.96908545,8.727895e-05
362285,2022-12-22 03:00:00,78,0,0,False,0.99767107,0.0016824647,0.00064641214
28934,2022-11-15 03:00:00,135,2,2,False,0.078296974,0.0005048004,0.92119825
79073,2022-11-18 20:00:00,199,1,1,False,0.38609403,0.6135722,0.0003337547
165965,2022-11-04 16:00:00,7,0,0,False,0.88960963,0.11002064,0.0003697206
140769,2022-11-27 10:00:00,36,2,0,True,0.50751,0.0013259083,0.4911641
237593,2022-12-23 20:00:00,16,1,1,False,0.001083245,0.99884903,6.772099e-05
243565,2022-12-01 09:00:00,168,1,1,False,0.29232603,0.7072691,0.0004048609
147881,2022-11-25 20:00:00,45,2,0,True,0.87114805,0.0014812447,0.12737069
23894,2022-11-13 16:00:00,129,0,0,False,0.9031453,0.0008911305,0.09596354
172651,2022-11-15 05:00:00,79,2,2,False,0.10378102,0.00049681915,0.89572215
134757,2022-11-15 06:00:00,29,0,0,False,0.9898073,0.009794061,0.0003986478
101104,2022-11-13 06:00:00,227,2,2,False,0.056765366,0.00033291057,0.94290173
265501,2022-12-14 03:00:00,195,0,0,False,0.9988096,0.0005893167,0.000601144
63887,2022-11-11 17:00:00,18,1,1,False,0.33984852,0.65982616,0.00032536493
366836,2022-12-31 12:00:00,83,2,0,True,0.94783866,0.0008452328,0.051316176
186576,2022-11-29 09:00:00,96,1,1,False,0.26708394,0.73265624,0.00025981036
288072,2022-12-24 05:00:00,223,2,2,False,0.03721343,0.00028333007,0.9625032
269305,2022-12-23 08:00:00,2,1,1,False,0.011331927,0.9883548,0.0003132982
269025,2022-12-10 18:00:00,2,1,1,False,0.0010344343,0.9988971,6.848473e-05
200099,2022-12-23 18:00:00,112,0,1,True,0.44485262,0.5546716,0.00047579838
97603,2022-11-16 08:00:00,222,2,0,True,0.92774016,0.0023967747,0.06986305
294320,2022-12-13 06:00:00,232,0,0,False,0.99217236,0.0005822384,0.0072453422
234772,2022-12-26 11:00:00,156,0,0,False,0.9970861,0.0024226117,0.00049123645
103123,2022-11-07 22:00:00,230,2,2,False,0.11650645,0.00070369145,0.88278985
172370,2022-11-03 10:00:00,79,0,0,False,0.9400103,0.05861032,0.001379363
323681,2022-12-04 22:00:00,28,1,1,False,0.0010123862,0.9989236,6.401884e-05
300906,2022-12-17 16:00:00,241,0,0,False,0.9946548,0.0040952736,0.0012499149
141843,2022-11-12 14:00:00,38,2,0,True,0.87517357,0.0014974202,0.123329006
11091,2022-11-16 11:00:00,112,2,2,False,0.26161087,0.00087090407,0.7375182
33348,2022-11-20 07:00:00,140,0,0,False,0.99425757,0.005329976,0.00041246272
371931,2022-12-02 13:00:00,90,1,0,True,0.67225873,0.32740596,0.00033529563
4646,2022-11-16 01:00:00,104,0,0,False,0.9981413,0.0007778162,0.001080911
65538,2022-11-20 22:00:00,181,2,2,False,0.097984985,0.0004304381,0.90158457
477,2022-11-21 02:00:00,1,1,1,False,0.12307551,0.87674415,0.00018037463
182477,2022-11-07 11:00:00,91,2,2,False,0.31776488,0.0009952266,0.6812399
277331,2022-12-27 07:00:00,209,0,0,False,0.98978347,0.009848989,0.00036757643
144853,2022-11-18 20:00:00,41,2,0,True,0.56736034,0.00099181,0.43164784
151857,2022-11-12 18:00:00,50,2,0,True,0.7317701,0.0010304074,0.2671995
252338,2022-12-06 10:00:00,179,0,0,False,0.99499965,0.0046522105,0.00034812756
198664,2022-12-24 01:00:00,110,1,1,False,0.3117701,0.6878758,0.00035409463
237334,2022-12-12 03:00:00,16,1,1,False,0.0011335684,0.9987896,7.6864104e-05
376040,2022-12-24 11:00:00,95,1,0,True,0.6456316,0.35411087,0.00025754646
340888,2022-12-31 20:00:00,49,1,0,True,0.60803294,0.3913149,0.0006521338
345318,2022-12-05 05:00:00,55,0,0,False,0.9966401,0.0032049213,0.00015503092
62684,2022-11-21 04:00:00,178,2,2,False,0.033179414,0.00025517654,0.96656543
351101,2022-12-05 20:00:00,62,0,0,False,0.9923562,0.0021869969,0.005456873
277885,2022-12-20 06:00:00,21,0,0,False,0.79797626,0.20177571,0.0002480598
65188,2022-11-06 06:00:00,181,2,2,False,0.07627591,0.00038704657,0.923337
105793,2022-11-29 21:00:00,233,0,0,False,0.9977858,0.0015020114,0.00071219465
231001,2022-12-19 11:00:00,151,2,2,False,0.15056029,0.0007198846,0.8487198
370532,2022-12-04 08:00:00,89,1,1,False,0.0010773744,0.9988513,7.133826e-05
97742,2022-11-22 03:00:00,222,0,0,False,0.97795916,0.021929178,0.000111635745
182571,2022-11-11 11:00:00,91,2,2,False,0.116870694,0.00066335517,0.8824659
363769,2022-12-23 21:00:00,8,0,0,False,0.989613,0.00721217,0.0031748153
302812,2022-12-06 14:00:00,244,2,0,True,0.8699953,0.000866844,0.12913786
100434,2022-11-15 03:00:00,226,2,2,False,0.07285604,0.00043667975,0.92670727
286309,2022-12-09 22:00:00,221,2,2,False,0.089567415,0.00039882254,0.9100337
323890,2022-12-13 15:00:00,28,1,1,False,0.0010562476,0.9988733,7.041046e-05
99960,2022-11-25 04:00:00,225,0,0,False,0.9970227,0.0027703883,0.00020688795
145334,2022-11-09 02:00:00,42,2,2,False,0.041643243,0.00038279398,0.95797396
239209,2022-12-31 02:00:00,161,1,1,False,0.04053459,0.9593855,7.987037e-05
145513,2022-11-16 13:00:00,42,1,1,False,0.14692126,0.85259813,0.00048056827
297350,2022-12-20 04:00:00,236,0,0,False,0.9845258,0.000446555,0.015027595
247201,2022-12-02 16:00:00,172,0,0,False,0.9905681,0.0072067142,0.002225156
107582,2022-11-15 01:00:00,236,2,2,False,0.04669223,0.00030377402,0.953004
252235,2022-12-02 03:00:00,179,2,2,False,0.04068209,0.0003581959,0.95895964
103061,2022-11-05 08:00:00,230,2,2,False,0.17671633,0.00053514726,0.8227485
8983,2022-11-18 00:00:00,11,1,1,False,0.11697533,0.8828406,0.00018413702
153720,2022-11-30 19:00:00,52,2,0,True,0.5380786,0.0010662794,0.46085513
226456,2022-12-09 12:00:00,146,0,0,False,0.99784064,0.0015594851,0.0005998185
336006,2022-12-07 18:00:00,43,2,0,True,0.8812339,0.0033731568,0.11539293
351605,2022-12-27 18:00:00,62,2,0,True,0.98917586,0.0016788163,0.009145276
108187,2022-11-10 11:00:00,237,0,0,False,0.9843987,0.015193809,0.00040740948
231292,2022-12-31 16:00:00,151,2,0,True,0.9600184,0.00060545746,0.03937618
254808,2022-12-20 01:00:00,181,2,2,False,0.060959898,0.00037084406,0.9386692
302767,2022-12-04 17:00:00,244,0,0,False,0.9948095,0.0013170955,0.0038733634
360201,2022-12-25 10:00:00,75,0,0,False,0.9964361,0.00056343566,0.0030004613
360038,2022-12-18 02:00:00,75,2,2,False,0.13696353,0.0005685102,0.86246794
175441,2022-11-12 07:00:00,82,2,2,False,0.088605575,0.00041887545,0.9109755
328796,2022-12-07 18:00:00,34,0,0,False,0.946191,0.053615175,0.00019384606
124920,2022-11-22 11:00:00,26,0,0,False,0.99562633,0.0038624157,0.000511293
234271,2022-12-04 16:00:00,156,1,1,False,0.0010617741,0.99887055,6.767422e-05
300885,2022-12-16 10:00:00,241,0,0,False,0.9895756,0.010144939,0.0002794642
323835,2022-12-11 08:00:00,28,1,1,False,0.0010485512,0.99887997,7.142894e-05
335145,2022-12-01 22:00:00,42,2,0,True,0.5355983,0.0012230525,0.46317866
201520,2022-12-22 21:00:00,114,0,0,False,0.86295396,0.13689981,0.00014618276
43491,2022-11-25 20:00:00,153,0,0,False,0.9532301,0.045415092,0.0013547795
136194,2022-11-15 13:00:00,30,2,0,True,0.8065162,0.001051254,0.19243258
194252,2022-12-20 09:00:00,105,0,0,False,0.9810589,0.018539375,0.0004016901
52814,2022-11-27 00:00:00,165,1,1,False,0.07146874,0.92800015,0.00053118524
231663,2022-12-16 04:00:00,152,0,0,False,0.9885592,0.011261209,0.00017954194
141937,2022-11-16 12:00:00,38,1,1,False,0.14984503,0.84982187,0.00033302215
149603,2022-11-08 03:00:00,48,2,2,False,0.03873745,0.0003636975,0.9608989
215984,2022-12-24 17:00:00,132,2,0,True,0.9257567,0.00052084913,0.07372245
348049,2022-12-29 19:00:00,58,2,0,True,0.9756488,0.0038662856,0.02048488
283897,2022-12-30 12:00:00,217,0,0,False,0.99783725,0.00083455903,0.0013282284
29622,2022-11-14 00:00:00,136,2,2,False,0.43197528,0.0009348415,0.5670899
39997,2022-11-29 05:00:00,149,0,0,False,0.9949162,0.0016023929,0.0034814437
376302,2022-12-04 10:00:00,96,1,1,False,0.1284981,0.87133807,0.00016377757
336466,2022-12-27 20:00:00,43,2,0,True,0.70383066,0.001128478,0.29504082
91472,2022-11-29 00:00:00,213,2,0,True,0.8377866,0.0009288157,0.1612846
329439,2022-12-04 12:00:00,35,1,1,False,0.0038777483,0.9959865,0.00013576479
249042,2022-12-20 03:00:00,174,1,1,False,0.0034250037,0.99645555,0.00011944859
120533,2022-11-18 10:00:00,253,0,0,False,0.79002494,0.20725326,0.0027217702
265100,2022-12-28 09:00:00,194,1,0,True,0.64402586,0.3557737,0.00020046608
97462,2022-11-10 11:00:00,222,2,2,False,0.29121262,0.0007743212,0.7080131
69988,2022-11-27 14:00:00,187,0,0,False,0.89905447,0.10031317,0.00063234335
49526,2022-11-09 04:00:00,161,1,1,False,0.12591995,0.87387985,0.00020016189
303845,2022-12-20 10:00:00,245,1,1,False,0.0010506049,0.99888355,6.5842956e-05
96117,2022-11-14 00:00:00,220,2,2,False,0.081594475,0.00045255502,0.917953
75676,2022-11-26 06:00:00,194,0,0,False,0.9493174,0.050537284,0.00014530089
252450,2022-12-11 02:00:00,179,2,2,False,0.15790884,0.00063416566,0.84145695
29401,2022-11-04 17:00:00,136,0,0,False,0.986155,0.013302628,0.0005423583
297343,2022-12-19 21:00:00,236,2,0,True,0.91136056,0.001306427,0.08733305
309433,2022-12-12 02:00:00,252,1,1,False,0.024937037,0.97497976,8.318576e-05
104980,2022-11-25 19:00:00,232,1,0,True,0.9217583,0.07775382,0.00048790616
265323,2022-12-06 17:00:00,195,0,0,False,0.73557085,0.26408368,0.00034548162
363236,2022-12-31 17:00:00,79,0,0,False,0.97463655,0.024363723,0.0009996804
84327,2022-11-29 05:00:00,204,0,0,False,0.9976417,0.0011640214,0.001194355
27339,2022-11-08 04:00:00,133,2,2,False,0.0673669,0.00042896683,0.9322042
148595,2022-11-25 19:00:00,46,2,0,True,0.7728024,0.0011578054,0.22603975
77957,2022-11-01 22:00:00,198,1,1,False,0.0010009739,0.9989374,6.154421e-05
221380,2022-12-08 07:00:00,14,0,0,False,0.99502593,0.0041708876,0.00080319983
162936,2022-11-27 12:00:00,64,2,0,True,0.9926127,0.0047567794,0.002630508
50001,2022-11-28 23:00:00,161,0,0,False,0.981954,0.01770483,0.00034116145
61693,2022-11-09 16:00:00,177,2,0,True,0.75935376,0.00076635013,0.23987995
23448,2022-11-24 21:00:00,128,2,0,True,0.52011704,0.0011526997,0.47873026
163768,2022-11-02 09:00:00,66,2,0,True,0.92642623,0.001918485,0.07165523
25380,2022-11-16 00:00:00,130,1,0,True,0.6852365,0.31448016,0.0002833014
112705,2022-11-19 23:00:00,243,2,0,True,0.78727037,0.00090977276,0.21181986
23425,2022-11-23 22:00:00,128,1,0,True,0.9930917,0.004809822,0.0020984518
49934,2022-11-26 04:00:00,161,1,1,False,0.048374146,0.95152044,0.000105454455
69018,2022-11-16 23:00:00,186,0,0,False,0.994416,0.0039212275,0.0016627981
370991,2022-12-24 09:00:00,89,1,1,False,0.0010774742,0.9988514,7.1127746e-05
105752,2022-11-28 04:00:00,233,2,2,False,0.030934192,0.00026673177,0.96879905
46049,2022-11-13 06:00:00,157,1,1,False,0.09984834,0.89992446,0.00022718798
263431,2022-12-18 09:00:00,192,0,0,False,0.74455357,0.25524074,0.00020567252
48521,2022-11-26 21:00:00,16,1,1,False,0.0011556353,0.99877566,6.869716e-05
336226,2022-12-16 22:00:00,43,2,0,True,0.64432335,0.001334134,0.35434255
134397,2022-11-30 01:00:00,28,1,1,False,0.0010378322,0.99889106,7.1099705e-05
98597,2022-11-27 23:00:00,223,0,0,False,0.9970716,0.0007220579,0.0022062599
271327,2022-12-16 13:00:00,201,1,0,True,0.7289404,0.2708139,0.00024564753
170928,2022-11-02 22:00:00,77,2,2,False,0.15641455,0.00069962605,0.84288585
252232,2022-12-02 00:00:00,179,2,2,False,0.142396,0.00051478023,0.8570892
131310,2022-11-20 14:00:00,268,1,1,False,0.28660583,0.71315366,0.0002404872
322861,2022-12-31 18:00:00,27,1,1,False,0.24091186,0.7588858,0.00020237397
363072,2022-12-24 21:00:00,79,2,2,False,0.19379796,0.000599457,0.80560255
232116,2022-12-05 00:00:00,153,0,0,False,0.9257832,0.07391752,0.00029928397
336566,2022-12-01 01:00:00,44,2,2,False,0.35859987,0.0007297615,0.64067036
303699,2022-12-13 12:00:00,245,1,1,False,0.0010609094,0.9988626,7.642967e-05
71320,2022-11-23 12:00:00,189,1,1,False,0.18225425,0.8174076,0.00033812717
192486,2022-12-06 01:00:00,103,0,0,False,0.9940866,0.005646116,0.0002672667
280649,2022-12-14 10:00:00,213,1,1,False,0.2828665,0.71673745,0.00039603218
122941,2022-11-29 09:00:00,257,0,0,False,0.99540496,0.0029520378,0.0016430322
8351,2022-11-21 11:00:00,109,0,0,False,0.8758585,0.0013588854,0.12278261
313892,2022-12-18 00:00:00,259,0,0,False,0.996289,0.0030963903,0.0006145897
91943,2022-11-18 20:00:00,214,1,0,True,0.61007416,0.3895913,0.00033456573
6328,2022-11-26 13:00:00,106,1,1,False,0.0012023438,0.99873215,6.547272e-05
288880,2022-12-27 20:00:00,224,2,0,True,0.5061107,0.0008804809,0.49300876
364328,2022-12-16 05:00:00,80,2,2,False,0.06484058,0.00041607465,0.9347433
98368,2022-11-18 10:00:00,223,0,0,False,0.9960891,0.002678,0.0012329658
323616,2022-12-02 05:00:00,28,1,1,False,0.0010221512,0.99891555,6.232599e-05
238537,2022-12-02 04:00:00,161,1,1,False,0.027357226,0.9725223,0.00012046463
254399,2022-12-02 04:00:00,181,2,2,False,0.025334366,0.00024522378,0.9744204
236153,2022-12-23 22:00:00,158,0,0,False,0.9893945,0.010279061,0.00032642466
132110,2022-11-24 03:00:00,269,0,0,False,0.99546486,0.004265404,0.0002697873
30721,2022-11-30 00:00:00,137,1,0,True,0.80253005,0.19723266,0.00023731281
46172,2022-11-18 09:00:00,157,0,0,False,0.8933276,0.10480291,0.001869465
150319,2022-11-08 04:00:00,49,2,2,False,0.07367857,0.0004664875,0.925855
288975,2022-12-31 19:00:00,224,2,0,True,0.720548,0.0009261102,0.27852586
75710,2022-11-27 16:00:00,194,1,0,True,0.75943476,0.24027883,0.00028636833
284172,2022-12-11 00:00:00,218,1,1,False,0.0011263603,0.9988059,6.782121e-05
156802,2022-11-10 06:00:00,57,1,1,False,0.18946481,0.81034225,0.00019291813
51265,2022-11-22 01:00:00,163,0,0,False,0.8037927,0.19597276,0.00023459893
2145,2022-11-01 00:00:00,101,0,0,False,0.9972657,0.0025293748,0.00020492713
279392,2022-12-23 01:00:00,211,0,0,False,0.99710923,0.0025014055,0.00038934444
219467,2022-12-19 13:00:00,137,0,0,False,0.99546766,0.0032289205,0.0013034017
267302,2022-12-30 00:00:00,197,0,0,False,0.9962835,0.0022442075,0.0014722878
144529,2022-11-05 06:00:00,41,2,2,False,0.44373333,0.0007661831,0.5555005
315695,2022-12-02 15:00:00,261,1,0,True,0.7099975,0.289514,0.00048857386
217194,2022-12-14 03:00:00,134,2,2,False,0.07006033,0.00046091605,0.92947876
282153,2022-12-17 09:00:00,215,0,0,False,0.9896097,0.0024004448,0.007989869
52520,2022-11-14 18:00:00,165,1,1,False,0.16145325,0.83803594,0.00051079533
29838,2022-11-23 00:00:00,136,0,0,False,0.9763525,0.023381535,0.00026600013
183617,2022-11-25 06:00:00,92,0,0,False,0.93600667,0.06383164,0.00016161117
43779,2022-11-07 23:00:00,154,0,1,True,0.23885143,0.76086503,0.00028349855
330928,2022-12-06 11:00:00,37,1,1,False,0.0034342303,0.99643505,0.00013068257
298594,2022-12-11 02:00:00,238,0,0,False,0.9974017,0.0005929737,0.0020052823
329455,2022-12-05 04:00:00,35,0,0,False,0.99639565,0.0034703126,0.0001340504
83767,2022-11-05 19:00:00,204,1,1,False,0.3774602,0.6221697,0.00037007115
128953,2022-11-11 18:00:00,265,0,0,False,0.82463276,0.0011864738,0.17418078
227565,2022-12-26 14:00:00,147,0,0,False,0.9959668,0.002965225,0.0010679691
11837,2022-11-17 18:00:00,113,0,0,False,0.97430676,0.003206828,0.0224864
105677,2022-11-25 01:00:00,233,2,2,False,0.023090908,0.00020965115,0.9766995
105654,2022-11-24 02:00:00,233,2,2,False,0.032800574,0.00026409506,0.96693534
290199,2022-12-22 17:00:00,226,2,0,True,0.94928086,0.0009467669,0.0497724
297368,2022-12-21 00:00:00,236,2,0,True,0.8856806,0.0007475514,0.113571845
307796,2022-12-03 23:00:00,250,0,0,False,0.8940965,0.105726026,0.00017745637
47323,2022-11-06 16:00:00,159,0,0,False,0.99735236,0.0017947265,0.0008528833
370547,2022-12-04 23:00:00,89,1,1,False,0.0010809903,0.9988506,6.835698e-05
142784,2022-11-22 00:00:00,39,0,0,False,0.9955544,0.00405242,0.00039317654
188615,2022-11-24 23:00:00,99,0,0,False,0.9474137,0.0521757,0.00041060877
253943,2022-12-13 05:00:00,180,0,0,False,0.99838305,0.0011008339,0.00051612855
188116,2022-11-04 02:00:00,99,1,1,False,0.04070315,0.95911515,0.00018166711
237495,2022-12-19 16:00:00,16,1,1,False,0.0033414273,0.9964735,0.0001851044
291686,2022-12-24 14:00:00,228,2,0,True,0.6365534,0.0009712952,0.36247528
366975,2022-12-06 08:00:00,84,0,0,False,0.99396014,0.002709668,0.003330213
26559,2022-11-05 11:00:00,132,0,0,False,0.9250631,0.0019201918,0.07301674
224409,2022-12-14 08:00:00,143,1,1,False,0.0010756094,0.99883956,8.4857915e-05
169430,2022-11-29 23:00:00,74,1,1,False,0.16141288,0.838415,0.00017210082
118964,2022-11-12 15:00:00,251,1,0,True,0.5020055,0.4976973,0.00029717365
35824,2022-11-04 05:00:00,144,1,1,False,0.081200086,0.918633,0.0001669825
200849,2022-12-24 23:00:00,113,1,1,False,0.04286722,0.9569947,0.00013802214
120605,2022-11-21 10:00:00,253,1,1,False,0.272535,0.72722495,0.0002400965
285268,2022-12-27 13:00:00,219,2,0,True,0.94565034,0.0010716894,0.05327792
283867,2022-12-29 06:00:00,217,0,0,False,0.9974087,0.002369453,0.00022182123
241788,2022-12-17 20:00:00,165,1,1,False,0.2213309,0.7780708,0.00059830275
367537,2022-12-30 16:00:00,84,2,0,True,0.5729938,0.00093827955,0.42606792
97940,2022-11-30 09:00:00,222,2,2,False,0.13980027,0.0006338385,0.85956585
370864,2022-12-19 00:00:00,89,1,1,False,0.003777956,0.99600405,0.00021803888
73865,2022-11-10 09:00:00,192,1,0,True,0.6116403,0.38804317,0.0003165617
258384,2022-12-18 09:00:00,186,2,2,False,0.27198642,0.00058995554,0.7274236
90670,2022-11-25 09:00:00,212,1,1,False,0.44161952,0.5579635,0.00041703752
309943,2022-12-03 07:00:00,253,2,0,True,0.85475785,0.0012356339,0.14400652
224427,2022-12-15 02:00:00,143,1,1,False,0.0010898253,0.99883276,7.739712e-05
41624,2022-11-07 13:00:00,151,2,2,False,0.16094863,0.0005048156,0.8385466
12707,2022-11-24 05:00:00,114,0,0,False,0.99362576,0.006155634,0.00021858275
277835,2022-12-17 17:00:00,21,1,1,False,0.15640327,0.8433443,0.00025244977
327603,2022-12-18 23:00:00,32,1,1,False,0.10985934,0.8897894,0.00035120302
346815,2022-12-07 12:00:00,57,0,0,False,0.9891348,0.010133869,0.0007312655
92663,2022-11-19 01:00:00,215,0,0,False,0.9643525,0.035385348,0.00026214364
104793,2022-11-18 00:00:00,232,2,0,True,0.5198963,0.00082940015,0.4792743
117233,2022-11-29 21:00:00,249,1,1,False,0.074781284,0.9251015,0.00011716861
223730,2022-12-16 02:00:00,142,1,1,False,0.0011161366,0.9988167,6.72109e-05
302210,2022-12-11 13:00:00,243,2,0,True,0.58735484,0.000703035,0.41194212
345462,2022-12-11 05:00:00,55,0,0,False,0.9963464,0.0035120791,0.00014148948
215140,2022-12-19 12:00:00,131,0,0,False,0.9719052,0.027790634,0.00030420112
259400,2022-12-31 05:00:00,187,2,2,False,0.04503378,0.0003214695,0.9546448
175484,2022-11-14 02:00:00,82,2,2,False,0.19358663,0.0006334154,0.80577993
142834,2022-11-24 02:00:00,39,2,0,True,0.6827032,0.00082457025,0.31647226
62962,2022-11-02 21:00:00,179,2,0,True,0.55991095,0.0011339353,0.4389551
5647,2022-11-27 23:00:00,105,2,2,False,0.37849376,0.00096525665,0.620541
241717,2022-12-14 12:00:00,165,2,2,False,0.09625263,0.0015454113,0.90220195
303764,2022-12-16 05:00:00,245,1,1,False,0.0010606198,0.99887437,6.503953e-05
55344,2022-11-13 06:00:00,169,1,1,False,0.25473616,0.7449865,0.00027735278
77444,2022-11-10 13:00:00,197,0,0,False,0.81852114,0.18114062,0.00033824248
84308,2022-11-28 10:00:00,204,1,1,False,0.39411294,0.60548395,0.0004031271
164197,2022-11-20 11:00:00,66,0,0,False,0.98752683,0.0120555535,0.0004176358
13521,2022-11-28 08:00:00,115,2,0,True,0.9951917,0.0022934813,0.0025148662
274955,2022-12-17 21:00:00,206,0,0,False,0.9894533,0.009551788,0.0009949342
321116,2022-12-19 01:00:00,268,0,0,False,0.99288553,0.005738623,0.0013758535
144598,2022-11-08 03:00:00,41,2,2,False,0.040754326,0.00039570307,0.95884997
310372,2022-12-22 02:00:00,253,2,2,False,0.46917984,0.00090008386,0.5299201
228761,2022-12-15 10:00:00,149,1,1,False,0.44940645,0.5502223,0.0003712688
223849,2022-12-21 23:00:00,142,1,1,False,0.0010481105,0.99888784,6.404866e-05
3182,2022-11-14 15:00:00,102,1,0,True,0.8631179,0.1366527,0.00022949818
369159,2022-12-07 05:00:00,87,0,0,False,0.9977608,0.0019313424,0.0003079163
310988,2022-12-16 19:00:00,254,0,0,False,0.9842567,0.007820055,0.007923275
357574,2022-12-05 04:00:00,72,1,1,False,0.0047299485,0.995053,0.00021707584
109231,2022-11-24 04:00:00,238,0,0,False,0.9977742,0.00040990705,0.001815934
167439,2022-11-06 12:00:00,72,0,0,False,0.90787154,0.0016331497,0.090495326
323405,2022-12-24 09:00:00,270,1,0,True,0.8667576,0.13300705,0.00023537462
350058,2022-12-23 09:00:00,60,1,1,False,0.21218139,0.78755313,0.00026546972
104679,2022-11-13 06:00:00,232,2,2,False,0.12331696,0.00054711953,0.8761359
67372,2022-11-07 21:00:00,184,2,0,True,0.6839972,0.0011587987,0.31484398
339066,2022-12-15 02:00:00,47,0,0,False,0.994724,0.0049816826,0.00029428597
143035,2022-11-02 11:00:00,4,1,0,True,0.92897666,0.07039351,0.0006298275
328316,2022-12-18 04:00:00,33,1,0,True,0.8835226,0.11615288,0.0003244969
112531,2022-11-12 17:00:00,243,2,2,False,0.26864007,0.0007034392,0.7306565
196752,2022-12-03 13:00:00,109,1,0,True,0.7602353,0.23939243,0.00037231657
117173,2022-11-27 09:00:00,249,0,0,False,0.9444892,0.05534813,0.00016266773
174686,2022-11-10 15:00:00,81,0,0,False,0.9867972,0.012415689,0.0007871609
175580,2022-11-18 02:00:00,82,2,2,False,0.084570944,0.0005116046,0.9149174
204654,2022-12-02 08:00:00,119,0,0,False,0.9918426,0.001951353,0.006206064
343042,2022-12-31 11:00:00,51,0,0,False,0.99229264,0.0016780755,0.006029313
104813,2022-11-18 20:00:00,232,1,0,True,0.5923848,0.40689877,0.0007164436
349127,2022-12-13 17:00:00,6,1,0,True,0.93891305,0.060957327,0.00012961956
186212,2022-11-14 05:00:00,96,1,1,False,0.03775751,0.96213317,0.00010935655
136231,2022-11-17 02:00:00,30,0,0,False,0.9894525,0.010112377,0.00043510256
183799,2022-11-02 23:00:00,93,1,1,False,0.052812483,0.94698924,0.00019820906
31298,2022-11-24 06:00:00,138,0,0,False,0.99740964,0.00206994,0.000520467
20809,2022-11-04 05:00:00,125,2,2,False,0.026360894,0.0002475569,0.9733916
6317,2022-11-26 02:00:00,106,1,1,False,0.0011301154,0.9988049,6.494087e-05
187546,2022-11-10 05:00:00,98,1,1,False,0.064207606,0.9356396,0.00015278856
222097,2022-12-08 03:00:00,140,0,0,False,0.99855095,0.0005709615,0.0008781178
105766,2022-11-28 18:00:00,233,0,0,False,0.7892329,0.0007842449,0.20998286
115966,2022-11-06 19:00:00,248,1,0,True,0.5476263,0.45206794,0.00030568705
370472,2022-12-01 20:00:00,89,1,1,False,0.0010127078,0.99892455,6.268996e-05
201498,2022-12-21 23:00:00,114,1,1,False,0.28597012,0.7137642,0.00026571538
226953,2022-12-31 03:00:00,146,1,1,False,0.0044805026,0.99529135,0.00022813708
342365,2022-12-02 08:00:00,51,2,0,True,0.52174187,0.0008089273,0.4774492
324166,2022-12-26 01:00:00,28,1,1,False,0.0009956862,0.998939,6.536298e-05
314837,2022-12-27 21:00:00,26,1,1,False,0.27524844,0.72453624,0.00021532335
288766,2022-12-23 02:00:00,224,2,0,True,0.91789573,0.0009932622,0.081111
36955,2022-11-21 15:00:00,145,2,0,True,0.6007154,0.0009373766,0.39834723
130390,2022-11-12 01:00:00,267,1,1,False,0.09455725,0.9052717,0.00017103643
352239,2022-12-24 03:00:00,63,0,0,False,0.97375816,0.025864098,0.0003777384
197814,2022-12-18 03:00:00,11,1,1,False,0.032498173,0.9673507,0.00015112951
22403,2022-11-11 03:00:00,127,2,2,False,0.049525924,0.00042341446,0.95005065
48325,2022-11-18 17:00:00,16,1,1,False,0.0011293108,0.99879944,7.119754e-05
34954,2022-11-27 15:00:00,142,1,1,False,0.001140845,0.9987864,7.273196e-05
26006,2022-11-12 07:00:00,131,0,0,False,0.99483055,0.004397767,0.00077170186
247636,2022-12-21 17:00:00,172,0,0,False,0.9954335,0.0036995034,0.0008669984
241028,2022-12-15 20:00:00,164,1,1,False,0.2419849,0.7575573,0.00045785884
308838,2022-12-17 17:00:00,251,1,1,False,0.3817219,0.617979,0.00029908627
100999,2022-11-08 21:00:00,227,2,2,False,0.41028866,0.0009329665,0.5887784
68201,2022-11-12 17:00:00,185,2,2,False,0.12931612,0.00045054825,0.8702333
321273,2022-12-25 16:00:00,268,1,1,False,0.16535698,0.8344514,0.00019157681
99312,2022-11-27 23:00:00,224,0,0,False,0.9405083,0.0011067046,0.05838503
165629,2022-11-20 13:00:00,69,1,1,False,0.297291,0.70245785,0.00025119036
204150,2022-12-11 09:00:00,118,0,0,False,0.9972736,0.0015273563,0.0011990055
216160,2022-12-01 02:00:00,133,2,2,False,0.068736985,0.00038393028,0.93087906
188956,2022-12-09 04:00:00,1,1,1,False,0.0010677621,0.99886537,6.685056e-05
111402,2022-11-25 06:00:00,241,0,0,False,0.9912102,0.000877357,0.007912394
65493,2022-11-19 01:00:00,181,2,2,False,0.17347257,0.0005669844,0.82596046
50210,2022-11-07 19:00:00,162,0,1,True,0.119102605,0.8807126,0.00018475734
319938,2022-12-30 03:00:00,266,0,0,False,0.9965263,0.003206787,0.00026693742
192823,2022-12-21 00:00:00,103,1,1,False,0.15200312,0.8477726,0.00022426822
27461,2022-11-13 08:00:00,133,2,0,True,0.72429144,0.0007905268,0.27491808
155005,2022-11-24 18:00:00,54,0,0,False,0.9829607,0.016677972,0.00036136157
35269,2022-11-10 23:00:00,143,1,1,False,0.0010020437,0.9989386,5.933191e-05
343941,2022-12-07 22:00:00,53,2,2,False,0.35479838,0.0008979762,0.6443036
94952,2022-11-25 01:00:00,218,1,1,False,0.005235567,0.9945799,0.00018460242
224102,2022-12-01 13:00:00,143,1,1,False,0.0010119174,0.99891865,6.9456524e-05
135184,2022-11-03 04:00:00,3,1,1,False,0.026096169,0.9737737,0.00013009273
353273,2022-12-06 05:00:00,65,0,0,False,0.9984169,0.0007062023,0.0008768786
284789,2022-12-06 16:00:00,219,2,0,True,0.900292,0.00093030685,0.09877773
348267,2022-12-07 22:00:00,59,0,0,False,0.8970837,0.0011337409,0.10178259
160033,2022-11-25 17:00:00,60,2,2,False,0.44371665,0.0008338011,0.5554496
312044,2022-12-31 16:00:00,256,0,0,False,0.99732435,0.0015989468,0.0010766892
189275,2022-12-23 09:00:00,1,1,1,False,0.0067008473,0.9930941,0.00020505626
370900,2022-12-20 14:00:00,89,1,1,False,0.014051453,0.98540896,0.00053965347
244816,2022-12-24 09:00:00,169,0,1,True,0.20818974,0.7915701,0.00024013338
298375,2022-12-01 23:00:00,238,0,0,False,0.9980817,0.0010170077,0.0009013322
116197,2022-11-16 12:00:00,248,2,2,False,0.4084919,0.0007443515,0.59076375
27499,2022-11-14 22:00:00,133,2,2,False,0.106337436,0.0004582954,0.8932042
53857,2022-11-10 21:00:00,167,1,1,False,0.118274614,0.88155955,0.000165781
270011,2022-12-22 17:00:00,20,1,1,False,0.0010376234,0.99889576,6.660492e-05
105770,2022-11-28 22:00:00,233,2,2,False,0.13120556,0.0005005879,0.8682939
320285,2022-12-13 15:00:00,267,1,1,False,0.12868252,0.87018865,0.0011287887
143737,2022-11-01 22:00:00,40,1,1,False,0.23946455,0.76030874,0.00022666696
278476,2022-12-14 00:00:00,210,0,0,False,0.99700963,0.001493148,0.0014971448
120971,2022-11-06 19:00:00,254,0,0,False,0.6533622,0.34609497,0.0005428689
319945,2022-12-30 10:00:00,266,0,0,False,0.97850215,0.021290036,0.00020780123
254394,2022-12-01 23:00:00,181,2,2,False,0.10004947,0.00063905056,0.8993114
38328,2022-11-19 06:00:00,147,0,0,False,0.99803954,0.0011730533,0.00078739336
269980,2022-12-21 10:00:00,20,1,1,False,0.0031783078,0.99662375,0.00019789817
98808,2022-11-06 21:00:00,224,2,2,False,0.17133889,0.0006434125,0.82801765
7635,2022-11-21 10:00:00,108,2,2,False,0.19294053,0.0007382609,0.8063212
324146,2022-12-25 05:00:00,28,1,1,False,0.001022393,0.9989071,7.0547205e-05
184126,2022-11-16 16:00:00,93,2,2,False,0.1121567,0.0004379311,0.88740534
34325,2022-11-01 05:00:00,142,1,1,False,0.0010611201,0.9988728,6.603795e-05
283966,2022-12-02 10:00:00,218,1,1,False,0.007373558,0.992419,0.00020751
343109,2022-12-03 07:00:00,52,0,0,False,0.99617505,0.002730057,0.0010948643
276391,2022-12-17 15:00:00,208,1,0,True,0.7071534,0.29258445,0.00026212967
51358,2022-11-25 22:00:00,163,2,2,False,0.44064206,0.001396243,0.5579617
140388,2022-11-11 13:00:00,36,2,2,False,0.3116298,0.00085895107,0.68751127
172764,2022-11-19 22:00:00,79,0,0,False,0.9487693,0.050874207,0.0003565131
341634,2022-12-01 22:00:00,50,2,0,True,0.7972013,0.0011892052,0.2016095
259369,2022-12-29 22:00:00,187,2,2,False,0.13431934,0.0004843534,0.86519635
336057,2022-12-09 21:00:00,43,2,0,True,0.7354306,0.0008734694,0.26369593
83320,2022-11-17 01:00:00,203,1,1,False,0.007173878,0.9925845,0.0002415706
132834,2022-11-24 12:00:00,27,1,0,True,0.89423984,0.10554448,0.0002157068
180735,2022-11-24 08:00:00,89,1,1,False,0.0010807463,0.9988319,8.73796e-05
311013,2022-12-18 05:00:00,254,0,0,False,0.5679507,0.43145517,0.0005941679
147542,2022-11-11 17:00:00,45,0,0,False,0.98019207,0.0048157396,0.014992182
231302,2022-12-01 03:00:00,152,1,1,False,0.0291941,0.97071975,8.613758e-05
183528,2022-11-21 13:00:00,92,2,2,False,0.30382547,0.0006836157,0.6954909
184118,2022-11-16 08:00:00,93,2,0,True,0.98394495,0.0019978466,0.014057176
318056,2022-12-10 21:00:00,264,0,0,False,0.9975715,0.0016202184,0.0008082267
67476,2022-11-12 07:00:00,184,2,2,False,0.114135616,0.0005756288,0.8852888
251018,2022-12-11 12:00:00,177,0,0,False,0.998156,0.0011639355,0.0006800204
272286,2022-12-27 09:00:00,202,1,0,True,0.7922831,0.20735757,0.00035931476
320871,2022-12-08 00:00:00,268,0,0,False,0.98962885,0.010213751,0.00015737374
131592,2022-11-02 08:00:00,269,2,0,True,0.94444877,0.00074363867,0.05480762
203257,2022-12-04 05:00:00,117,1,1,False,0.22762111,0.77212185,0.00025702684
338819,2022-12-04 19:00:00,47,1,1,False,0.2634341,0.7363034,0.0002624996
321285,2022-12-26 04:00:00,268,0,0,False,0.9981034,0.00076922466,0.0011274067
206893,2022-12-05 12:00:00,121,0,0,False,0.99751866,0.0018998508,0.0005815615
33714,2022-11-05 16:00:00,141,1,1,False,0.38266063,0.6171108,0.0002285992
67397,2022-11-09 00:00:00,184,2,2,False,0.09695689,0.00046011293,0.902583
303040,2022-12-16 02:00:00,244,2,2,False,0.07614748,0.0004122777,0.9234403
181403,2022-11-22 09:00:00,9,2,2,False,0.2740706,0.0010236066,0.7249058
299378,2022-12-13 17:00:00,239,2,2,False,0.17431597,0.0004897691,0.82519424
309502,2022-12-14 23:00:00,252,0,0,False,0.99565923,0.00065365114,0.0036871603
185919,2022-11-01 19:00:00,96,1,1,False,0.0010549237,0.9988746,7.04078e-05
280888,2022-12-25 07:00:00,213,2,2,False,0.2060158,0.0006825031,0.7933017
209921,2022-12-11 12:00:00,125,2,2,False,0.075757205,0.0003681519,0.9238746
196713,2022-12-01 22:00:00,109,1,1,False,0.29203665,0.7077101,0.00025324983
233359,2022-12-27 16:00:00,154,0,0,False,0.9931409,0.00543579,0.0014232877
92263,2022-11-02 04:00:00,215,0,0,False,0.9905098,0.009207458,0.00028273484
51531,2022-11-03 06:00:00,164,1,1,False,0.105210125,0.8946196,0.00017028296
326063,2022-12-14 01:00:00,30,1,1,False,0.13109024,0.868702,0.00020779263
302994,2022-12-14 04:00:00,244,0,0,False,0.9924057,0.0074560684,0.00013820708
61775,2022-11-13 02:00:00,177,2,0,True,0.7899668,0.00077482965,0.2092583
44796,2022-11-20 15:00:00,155,1,1,False,0.2187048,0.78085405,0.0004411583
53814,2022-11-09 02:00:00,167,1,1,False,0.03929918,0.9605699,0.00013088527
19418,2022-11-05 20:00:00,123,2,2,False,0.2737621,0.0007787202,0.7254592
138107,2022-11-05 19:00:00,33,0,0,False,0.95954335,0.040191192,0.0002654447
24463,2022-11-07 12:00:00,13,1,1,False,0.48438585,0.5152299,0.0003842522
82285,2022-11-03 15:00:00,202,0,0,False,0.9895139,0.0057277186,0.0047583394
204956,2022-12-14 22:00:00,119,0,0,False,0.99734807,0.0024514575,0.00020043764
76925,2022-11-18 17:00:00,196,0,0,False,0.9955903,0.004243137,0.00016650911
375563,2022-12-03 16:00:00,95,0,0,False,0.9964545,0.003273631,0.00027185475
82435,2022-11-09 23:00:00,202,1,1,False,0.27009612,0.72951615,0.00038769277
163107,2022-11-04 18:00:00,65,0,1,True,0.18827067,0.81143117,0.00029815617
181452,2022-11-24 10:00:00,9,2,0,True,0.878594,0.0008833876,0.12052267
144957,2022-11-23 04:00:00,41,2,2,False,0.045004196,0.00041181096,0.95458394
165421,2022-11-11 21:00:00,69,1,1,False,0.2619587,0.7378002,0.0002411637
334093,2022-12-19 00:00:00,40,1,1,False,0.092348546,0.9074167,0.0002348245
174643,2022-11-08 20:00:00,81,2,2,False,0.15256545,0.00069835916,0.8467362
139591,2022-11-08 01:00:00,35,1,1,False,0.0905099,0.9093605,0.00012956753
224386,2022-12-13 09:00:00,143,1,1,False,0.0010702751,0.99885416,7.560699e-05
363071,2022-12-24 20:00:00,79,2,2,False,0.36844522,0.00071771326,0.630837
145715,2022-11-24 23:00:00,42,2,2,False,0.2064708,0.00068872824,0.7928405
107369,2022-11-06 02:00:00,236,2,0,True,0.72936046,0.0009231184,0.2697164
105749,2022-11-28 01:00:00,233,2,2,False,0.06447959,0.00033548276,0.93518496
237326,2022-12-11 19:00:00,16,1,1,False,0.0010979223,0.99882394,7.811186e-05
100409,2022-11-14 02:00:00,226,2,2,False,0.05305151,0.00031152664,0.9466369
195659,2022-12-18 22:00:00,107,0,0,False,0.99597377,0.0031575852,0.0008686548
86389,2022-11-25 18:00:00,207,0,0,False,0.980273,0.0014089589,0.018318044
334428,2022-12-02 02:00:00,41,2,2,False,0.11208316,0.0007764856,0.88714033
314500,2022-12-12 22:00:00,26,1,1,False,0.31929561,0.68033344,0.00037094476
215813,2022-12-16 16:00:00,132,2,0,True,0.9379171,0.0009261898,0.061156623
66241,2022-11-20 10:00:00,182,2,2,False,0.16953848,0.000553782,0.8299078
118495,2022-11-22 21:00:00,250,1,1,False,0.00096961454,0.99896824,6.220696e-05
283590,2022-12-16 19:00:00,217,0,0,False,0.99141943,0.008104511,0.0004760658
341839,2022-12-10 11:00:00,50,2,2,False,0.23064665,0.00051474327,0.7688386
31267,2022-11-22 23:00:00,138,0,0,False,0.99492717,0.0019111299,0.0031616802
195921,2022-12-29 22:00:00,107,1,1,False,0.22211711,0.7776906,0.00019224414
223998,2022-12-28 04:00:00,142,1,1,False,0.001095859,0.99883026,7.3909454e-05
354582,2022-12-31 15:00:00,66,0,0,False,0.9905252,0.009215322,0.00025956222
141319,2022-11-20 13:00:00,37,0,0,False,0.86346275,0.13620064,0.00033663856
91443,2022-11-27 19:00:00,213,0,0,False,0.99154234,0.0076887403,0.000768845
153958,2022-11-10 22:00:00,53,2,0,True,0.55170804,0.0009419592,0.44735003
138065,2022-11-04 01:00:00,33,1,1,False,0.03242538,0.967449,0.00012561014
94488,2022-11-05 15:00:00,218,0,0,False,0.9747431,0.024202494,0.0010543712
96379,2022-11-24 22:00:00,220,2,2,False,0.14276235,0.00054703344,0.85669065
178812,2022-11-03 17:00:00,87,1,1,False,0.011558036,0.98835105,9.085227e-05
46074,2022-11-14 07:00:00,157,1,1,False,0.13215804,0.8673659,0.00047599646
324158,2022-12-25 17:00:00,28,1,1,False,0.0010374982,0.9988954,6.71045e-05
364017,2022-12-03 06:00:00,80,2,2,False,0.32954663,0.0008344496,0.6696189
144926,2022-11-21 21:00:00,41,2,0,True,0.6621381,0.0014911112,0.3363708
108967,2022-11-13 04:00:00,238,2,2,False,0.058389615,0.0003559049,0.9412545
69450,2022-11-05 02:00:00,187,2,0,True,0.6923773,0.0010034778,0.30661923
243885,2022-12-14 17:00:00,168,0,0,False,0.9874824,0.012116681,0.0004008332
27089,2022-11-27 15:00:00,132,2,0,True,0.57529575,0.000822039,0.4238822
11912,2022-11-20 21:00:00,113,1,1,False,0.18373993,0.81604886,0.00021122795
104798,2022-11-18 05:00:00,232,2,2,False,0.17751852,0.000763806,0.8217176
52892,2022-11-30 06:00:00,165,1,1,False,0.055004463,0.94451106,0.00048442345
11097,2022-11-16 17:00:00,112,2,0,True,0.6358286,0.0012548921,0.36291644
33694,2022-11-04 20:00:00,141,0,0,False,0.99302226,0.00602394,0.00095378817
181063,2022-11-08 03:00:00,9,1,1,False,0.04058048,0.9592731,0.00014646206
366158,2022-12-02 08:00:00,83,0,0,False,0.7404966,0.2568759,0.002627571
341204,2022-12-14 01:00:00,5,1,1,False,0.025387067,0.9745281,8.484547e-05
272711,2022-12-14 03:00:00,203,1,1,False,0.07911598,0.920738,0.000146096
51546,2022-11-03 21:00:00,164,1,1,False,0.2098634,0.7898911,0.0002454961
76382,2022-11-25 21:00:00,195,0,0,False,0.9972914,0.001865608,0.00084299187
248464,2022-12-26 04:00:00,173,0,0,False,0.99820924,0.0013250051,0.00046578972
33362,2022-11-20 21:00:00,140,0,0,False,0.98783755,0.011852326,0.0003101435
177693,2022-11-16 18:00:00,85,2,2,False,0.097466774,0.0004288088,0.90210444
346517,2022-12-26 01:00:00,56,0,0,False,0.96772,0.032019466,0.00026053912
272744,2022-12-15 12:00:00,203,0,1,True,0.08784962,0.912,0.00015035835
98314,2022-11-16 04:00:00,223,2,2,False,0.030107139,0.0002535823,0.96963924
133391,2022-11-17 22:00:00,270,1,0,True,0.69078076,0.30896902,0.00025023907
357587,2022-12-05 17:00:00,72,1,1,False,0.003368923,0.9965126,0.00011851316
145119,2022-11-29 22:00:00,41,2,2,False,0.11595474,0.0008958305,0.88314945
203130,2022-12-29 21:00:00,116,1,1,False,0.17959437,0.82007366,0.0003320215
199831,2022-12-11 16:00:00,112,0,0,False,0.9809241,0.01859506,0.00048080596
237335,2022-12-12 04:00:00,16,1,1,False,0.0011229133,0.9988004,7.662539e-05
168264,2022-11-11 04:00:00,73,1,1,False,0.109116755,0.8907016,0.00018164332
70390,2022-11-14 13:00:00,188,0,0,False,0.9823498,0.0006764687,0.016973788
138008,2022-11-01 13:00:00,33,0,0,False,0.8869777,0.112581626,0.00044067585
105963,2022-11-07 02:00:00,234,2,2,False,0.030626705,0.00025898434,0.9691143
60010,2022-11-28 22:00:00,174,2,2,False,0.4297683,0.00097418384,0.56925756
107799,2022-11-24 02:00:00,236,2,2,False,0.052001204,0.00037367942,0.94762516
13632,2022-11-03 02:00:00,116,0,0,False,0.9958038,0.0039544357,0.00024185513
378803,2022-12-19 08:00:00,99,0,0,False,0.94008225,0.005336501,0.05458121
157556,2022-11-11 21:00:00,58,2,2,False,0.16647495,0.00083206146,0.832693
113865,2022-11-08 17:00:00,245,1,1,False,0.0032742294,0.99653876,0.00018700752
350491,2022-12-10 11:00:00,61,1,0,True,0.7462472,0.25347337,0.0002794012
101197,2022-11-17 03:00:00,227,0,0,False,0.996633,0.0009045264,0.0024624583
164939,2022-11-21 14:00:00,67,0,0,False,0.99547714,0.0015274495,0.0029954389
225909,2022-12-16 18:00:00,145,2,0,True,0.9466939,0.0015223717,0.05178377
115403,2022-11-13 05:00:00,247,2,0,True,0.9793123,0.0005885851,0.020099089
322850,2022-12-31 07:00:00,27,1,1,False,0.17949459,0.8202911,0.00021422593
239470,2022-12-11 00:00:00,162,0,0,False,0.9980465,0.00086583814,0.0010876327
161781,2022-11-09 04:00:00,63,0,0,False,0.9313473,0.068379685,0.00027303788
215985,2022-12-24 18:00:00,132,2,2,False,0.21361224,0.0004918196,0.78589594
172287,2022-11-29 20:00:00,78,2,0,True,0.6622236,0.0013720668,0.33640435
365941,2022-12-24 06:00:00,82,2,0,True,0.50595987,0.001005968,0.49303412
70391,2022-11-14 14:00:00,188,0,0,False,0.8277257,0.00080249604,0.17147174
367835,2022-12-12 03:00:00,85,0,0,False,0.99836725,0.00095314434,0.00067963364
360424,2022-12-03 18:00:00,76,2,2,False,0.34552896,0.0010231148,0.6534479
66315,2022-11-23 12:00:00,182,0,0,False,0.8752842,0.124506384,0.00020943217
277539,2022-12-05 00:00:00,21,0,0,False,0.9952667,0.004535739,0.00019764737
35278,2022-11-11 08:00:00,143,1,1,False,0.0010670964,0.9988681,6.486061e-05
145792,2022-11-28 04:00:00,42,2,0,True,0.5657803,0.0008632838,0.4333564
197914,2022-12-22 20:00:00,11,1,1,False,0.09612192,0.90366894,0.00020917064
374070,2022-12-01 13:00:00,93,0,0,False,0.99587846,0.0023751976,0.001746299
20095,2022-11-04 06:00:00,124,0,0,False,0.97645843,0.023088409,0.00045314248
82575,2022-11-15 19:00:00,202,0,0,False,0.8824887,0.11705234,0.00045896223
79757,2022-11-17 13:00:00,2,0,0,False,0.9975153,0.0021677215,0.00031698577
63952,2022-11-14 10:00:00,18,1,1,False,0.0675312,0.9322411,0.00022769735
96095,2022-11-13 02:00:00,220,2,2,False,0.078136325,0.0004509238,0.92141277
228314,2022-12-27 18:00:00,148,1,1,False,0.1605426,0.83916515,0.000292275
322914,2022-12-03 00:00:00,270,0,0,False,0.8566101,0.14320666,0.00018329466
14208,2022-11-27 04:00:00,116,1,1,False,0.05158017,0.9482785,0.00014134159
89680,2022-11-13 22:00:00,211,0,0,False,0.99596137,0.0009841416,0.0030545068
112488,2022-11-10 22:00:00,243,2,2,False,0.11055599,0.0005253352,0.88891864
181085,2022-11-09 03:00:00,9,1,1,False,0.037781812,0.9620592,0.00015898171
141490,2022-11-27 16:00:00,37,1,1,False,0.0010902873,0.9988342,7.558868e-05
126961,2022-11-18 03:00:00,262,0,0,False,0.9982218,0.0012295949,0.00054857606
331754,2022-12-10 20:00:00,38,1,1,False,0.0009767822,0.998958,6.523414e-05
366386,2022-12-11 20:00:00,83,2,0,True,0.95887023,0.00069139194,0.040438414
170418,2022-11-11 13:00:00,76,1,0,True,0.84574616,0.15389408,0.00035976188
361875,2022-12-04 03:00:00,78,0,0,False,0.9982003,0.0012285094,0.00057113264
338700,2022-12-30 19:00:00,46,0,0,False,0.97578853,0.02370768,0.0005038331
104568,2022-11-08 15:00:00,232,1,0,True,0.62014776,0.37957117,0.00028110252
1563,2022-11-06 16:00:00,100,0,0,False,0.9966497,0.0026637143,0.00068660366
284183,2022-12-11 11:00:00,218,1,1,False,0.0011261175,0.99880254,7.134362e-05
102697,2022-11-20 01:00:00,229,1,1,False,0.19100447,0.8087413,0.00025425598
164323,2022-11-25 17:00:00,66,0,0,False,0.6788159,0.32073253,0.00045156226
235280,2022-12-16 16:00:00,157,0,0,False,0.9516257,0.047526725,0.000847592
321793,2022-12-16 09:00:00,269,2,2,False,0.18852659,0.0006235289,0.8108499
37897,2022-11-01 02:00:00,147,1,1,False,0.0010324675,0.9989003,6.716719e-05
38113,2022-11-10 07:00:00,147,1,1,False,0.0010632565,0.99885285,8.386673e-05
11677,2022-11-11 02:00:00,113,1,1,False,0.036194958,0.96369505,0.00010996467
215333,2022-12-27 15:00:00,131,0,0,False,0.99469805,0.0025507298,0.0027511744
120163,2022-11-02 22:00:00,253,2,0,True,0.5874467,0.001006691,0.41154662
70050,2022-11-30 04:00:00,187,2,2,False,0.06679733,0.00038347457,0.9328192
178840,2022-11-04 21:00:00,87,1,1,False,0.003020001,0.9969326,4.7368227e-05
27099,2022-11-28 01:00:00,132,0,0,False,0.9942397,0.00050979754,0.005250466
137900,2022-11-27 01:00:00,32,1,0,True,0.93509644,0.06472796,0.00017562494
71831,2022-11-15 00:00:00,19,1,1,False,0.037297,0.9625814,0.000121605925
291412,2022-12-12 06:00:00,228,2,2,False,0.069262296,0.00036096422,0.93037677
348476,2022-12-16 15:00:00,59,1,0,True,0.67665255,0.32299235,0.0003550992
271476,2022-12-23 16:00:00,201,1,0,True,0.76097864,0.23880742,0.00021388302
117355,2022-11-05 02:00:00,25,0,0,False,0.995948,0.003488822,0.00056314457
182869,2022-11-23 21:00:00,91,1,1,False,0.252346,0.7472817,0.0003723078
101833,2022-11-13 20:00:00,228,2,2,False,0.0758582,0.00041747658,0.92372435
92603,2022-11-16 13:00:00,215,1,1,False,0.12522237,0.8744033,0.00037429034
343275,2022-12-10 05:00:00,52,1,1,False,0.14643005,0.8533768,0.00019316134
166182,2022-11-13 19:00:00,7,1,1,False,0.077199765,0.92262447,0.0001757086
7185,2022-11-02 11:00:00,108,2,2,False,0.16678406,0.00072556303,0.8324903
35018,2022-11-30 07:00:00,142,1,1,False,0.0010914102,0.9988336,7.498988e-05
325592,2022-12-25 09:00:00,3,1,1,False,0.053613435,0.9462265,0.00016015054
106013,2022-11-09 06:00:00,234,2,2,False,0.22578147,0.0007010957,0.77351743
29231,2022-11-27 12:00:00,135,0,0,False,0.99396294,0.0019985116,0.0040385276
142213,2022-11-28 00:00:00,38,0,1,True,0.047548264,0.9522494,0.00020230397
279502,2022-12-27 15:00:00,211,0,0,False,0.95985836,0.039911453,0.00023018556
167798,2022-11-21 13:00:00,72,2,0,True,0.7018525,0.0013470415,0.2968004
92440,2022-11-09 18:00:00,215,1,0,True,0.67770725,0.32199788,0.0002949135
148777,2022-11-03 12:00:00,47,1,0,True,0.7715452,0.22815907,0.00029571186
107540,2022-11-13 07:00:00,236,2,2,False,0.16700633,0.0005441596,0.8324495
210035,2022-12-16 06:00:00,125,2,0,True,0.7598672,0.0007203704,0.23941241
93466,2022-11-22 17:00:00,216,0,0,False,0.9167406,0.08303192,0.00022753316
183675,2022-11-27 16:00:00,92,2,0,True,0.574455,0.00066470914,0.4248803
230904,2022-12-14 14:00:00,151,2,0,True,0.6659204,0.0010581361,0.33302146
216436,2022-12-12 14:00:00,133,0,0,False,0.9972416,0.0009701136,0.0017882762
184125,2022-11-16 15:00:00,93,2,2,False,0.13316374,0.0005189065,0.86631733
60293,2022-11-10 22:00:00,175,2,2,False,0.36939338,0.00090255926,0.62970406
315149,2022-12-09 22:00:00,260,0,0,False,0.9750744,0.02462634,0.00029928924
253478,2022-12-24 19:00:00,18,1,1,False,0.23129655,0.76844287,0.00026057777
208685,2022-12-21 00:00:00,123,0,0,False,0.99452055,0.0031454111,0.0023339572
90428,2022-11-15 07:00:00,212,1,0,True,0.828494,0.1705299,0.00097609416
182526,2022-11-09 14:00:00,91,1,1,False,0.3066936,0.69285923,0.00044718737
19496,2022-11-09 04:00:00,123,0,0,False,0.9965252,0.0026959642,0.0007788071
234925,2022-12-01 21:00:00,157,1,1,False,0.32176057,0.67763275,0.0006066945
11119,2022-11-17 15:00:00,112,2,0,True,0.92605877,0.00126692,0.07267434
229659,2022-12-23 17:00:00,15,0,0,False,0.9909009,0.008850939,0.00024816347
29507,2022-11-09 05:00:00,136,2,2,False,0.13845989,0.0006437263,0.8608964
219689,2022-12-28 21:00:00,137,0,0,False,0.8945745,0.1052471,0.00017830721
269030,2022-12-10 23:00:00,2,1,1,False,0.0010146977,0.99891067,7.466383e-05
303514,2022-12-05 19:00:00,245,1,1,False,0.001037633,0.9988918,7.06616e-05
28955,2022-11-16 00:00:00,135,2,2,False,0.055512965,0.0002906344,0.9441964
169041,2022-11-13 18:00:00,74,0,0,False,0.99237317,0.005092066,0.0025347723
114334,2022-11-28 06:00:00,245,1,1,False,0.0010551241,0.9988739,7.094703e-05
62589,2022-11-17 05:00:00,178,2,2,False,0.096647054,0.0004043378,0.90294856
374769,2022-12-31 14:00:00,93,0,0,False,0.9978126,0.00082018,0.0013671258
173978,2022-11-10 22:00:00,80,2,0,True,0.8200965,0.0013378861,0.17856559
59563,2022-11-10 07:00:00,174,1,1,False,0.27637935,0.72329205,0.00032865308
322610,2022-12-21 07:00:00,27,1,1,False,0.29359397,0.70599085,0.00041516894
367711,2022-12-06 23:00:00,85,0,0,False,0.9983791,0.0012385779,0.0003822622
303730,2022-12-14 19:00:00,245,1,1,False,0.0010439123,0.998885,7.115544e-05
291413,2022-12-12 07:00:00,228,2,2,False,0.080071926,0.00038385473,0.91954416
324426,2022-12-05 22:00:00,29,1,1,False,0.0010050082,0.99893063,6.437683e-05
175015,2022-11-24 08:00:00,81,1,0,True,0.98711747,0.008109629,0.004772937
156989,2022-11-18 01:00:00,57,0,0,False,0.98666763,0.009517669,0.0038146265
11988,2022-11-24 01:00:00,113,1,1,False,0.1105989,0.8892022,0.00019889441
36808,2022-11-15 12:00:00,145,0,0,False,0.9123824,0.0015250441,0.08609252
252112,2022-12-27 23:00:00,178,0,0,False,0.9959637,0.0029771067,0.0010591988
51072,2022-11-14 00:00:00,163,1,1,False,0.07442325,0.92545336,0.00012345314
231753,2022-12-20 20:00:00,152,0,0,False,0.995169,0.0043343734,0.00049660576
284351,2022-12-19 07:00:00,218,1,1,False,0.12835309,0.87132823,0.00031870368
224095,2022-12-01 06:00:00,143,1,1,False,0.0010471698,0.9988788,7.4020616e-05
176028,2022-11-06 21:00:00,83,2,0,True,0.9733314,0.0018638623,0.024804775
330707,2022-12-28 05:00:00,36,1,1,False,0.03344307,0.96631825,0.00023861676
366371,2022-12-11 05:00:00,83,2,2,False,0.06656579,0.00036256376,0.9330717
329392,2022-12-02 13:00:00,35,1,1,False,0.0044824257,0.9953625,0.00015506109
240266,2022-12-14 03:00:00,163,0,0,False,0.99748224,0.0021660565,0.0003517089
55114,2022-11-03 14:00:00,169,0,0,False,0.94909096,0.050361093,0.000547907
350035,2022-12-22 10:00:00,60,1,0,True,0.6388779,0.3608701,0.00025199668
237555,2022-12-22 06:00:00,16,1,1,False,0.0011121929,0.99880004,8.780919e-05
310230,2022-12-15 06:00:00,253,1,0,True,0.9913965,0.008351803,0.00025172273
106607,2022-11-04 03:00:00,235,2,2,False,0.029122086,0.00025972314,0.97061825
242888,2022-12-03 05:00:00,167,1,1,False,0.18299128,0.81677926,0.00022950172
284622,2022-12-30 16:00:00,218,1,1,False,0.004990902,0.99485034,0.00015872908
89194,2022-11-23 11:00:00,210,1,1,False,0.22809404,0.7716109,0.00029505376
180861,2022-11-29 14:00:00,89,1,1,False,0.001118704,0.9988127,6.86392e-05
224050,2022-12-30 08:00:00,142,1,1,False,0.0011135822,0.9988205,6.593444e-05
92281,2022-11-03 01:00:00,215,2,2,False,0.14692022,0.00074133766,0.8523384
201136,2022-12-05 23:00:00,114,0,0,False,0.9822771,0.017568137,0.00015476615
131233,2022-11-17 09:00:00,268,2,2,False,0.26961693,0.00072154624,0.7296615
243919,2022-12-16 03:00:00,168,2,2,False,0.055974986,0.00039843388,0.9436266
52417,2022-11-10 11:00:00,165,2,2,False,0.11953095,0.0019581544,0.8785109
188277,2022-11-10 21:00:00,99,1,1,False,0.060513116,0.9392881,0.00019884689
328082,2022-12-08 01:00:00,33,0,0,False,0.92928165,0.070447005,0.0002713769
2125,2022-11-30 04:00:00,100,0,0,False,0.8942453,0.105557434,0.00019717132
18171,2022-11-13 13:00:00,121,0,0,False,0.9962204,0.0031603102,0.0006192469
286077,2022-12-31 05:00:00,220,2,2,False,0.15444358,0.00056402973,0.8449924
61618,2022-11-06 11:00:00,177,0,0,False,0.9965224,0.0017381639,0.0017394216
30998,2022-11-11 18:00:00,138,1,0,True,0.6172174,0.38251323,0.00026935764
292601,2022-12-01 17:00:00,230,0,0,False,0.97531646,0.024206512,0.00047703442
90462,2022-11-16 17:00:00,212,0,0,False,0.9869441,0.012803866,0.00025205093
187951,2022-11-27 02:00:00,98,1,1,False,0.13946918,0.86028403,0.000246803
241226,2022-12-25 00:00:00,164,1,0,True,0.73694134,0.26279187,0.00026676047
237135,2022-12-03 20:00:00,16,1,1,False,0.0011569975,0.9987735,6.9516675e-05
96241,2022-11-19 04:00:00,220,2,2,False,0.08068481,0.00066647294,0.9186488
368364,2022-12-04 03:00:00,86,0,0,False,0.86011904,0.13957745,0.00030350062
263900,2022-12-07 12:00:00,193,0,0,False,0.9974657,0.0012012809,0.0013329572
135053,2022-11-27 14:00:00,29,1,1,False,0.0011007787,0.9988292,7.0038346e-05
250789,2022-12-01 23:00:00,177,2,2,False,0.21523565,0.0006922672,0.7840721
324254,2022-12-29 17:00:00,28,1,1,False,0.0010266402,0.9989079,6.54056e-05
321153,2022-12-20 16:00:00,268,0,0,False,0.9957059,0.0024840378,0.0018100565
339799,2022-12-15 14:00:00,48,1,1,False,0.20292379,0.7966706,0.00040557783
106300,2022-11-21 05:00:00,234,2,2,False,0.068900265,0.00039780216,0.9307019
67309,2022-11-05 06:00:00,184,0,0,False,0.99715304,0.0021275526,0.0007193805
302533,2022-12-25 22:00:00,243,0,0,False,0.9956585,0.0016054178,0.0027360586
217058,2022-12-08 11:00:00,134,0,0,False,0.9945726,0.0045272494,0.00090018485
344161,2022-12-17 11:00:00,53,1,1,False,0.2680662,0.73163646,0.0002973403
135894,2022-11-02 23:00:00,30,1,0,True,0.50058585,0.49871385,0.0007003012
28769,2022-11-08 04:00:00,135,2,2,False,0.036263153,0.00032610135,0.96341074
151929,2022-11-15 18:00:00,50,0,0,False,0.9920495,0.0059817657,0.0019687638
359433,2022-12-23 11:00:00,74,0,0,False,0.97668344,0.022799894,0.0005166406
324953,2022-12-28 19:00:00,29,1,1,False,0.0010464482,0.9988857,6.782469e-05
176221,2022-11-15 00:00:00,83,0,0,False,0.98230654,0.00080076046,0.016892752
6281,2022-11-24 14:00:00,106,1,1,False,0.004960688,0.9948683,0.00017107617
163095,2022-11-04 06:00:00,65,0,0,False,0.96649754,0.03326745,0.00023501561
22405,2022-11-11 05:00:00,127,2,2,False,0.043407023,0.00039725125,0.9561958
165120,2022-11-29 03:00:00,67,0,0,False,0.99216944,0.007685551,0.00014501784
336367,2022-12-23 17:00:00,43,0,0,False,0.6258165,0.37315658,0.0010269152
177776,2022-11-20 05:00:00,85,0,0,False,0.9984289,0.0009335407,0.0006375825
149661,2022-11-10 15:00:00,48,1,1,False,0.38091648,0.61839265,0.0006908856
81660,2022-11-07 09:00:00,201,0,0,False,0.814356,0.18540733,0.00023665783
48462,2022-11-24 10:00:00,16,1,1,False,0.0011700311,0.99874663,8.3331724e-05
246539,2022-12-05 03:00:00,171,0,0,False,0.99521434,0.0003853736,0.0044002426
114009,2022-11-14 17:00:00,245,1,1,False,0.0010324285,0.9988997,6.785935e-05
241763,2022-12-16 10:00:00,165,2,2,False,0.19328989,0.0021946048,0.80451554
11770,2022-11-14 23:00:00,113,1,0,True,0.8264794,0.17306516,0.00045542105
290591,2022-12-08 02:00:00,227,2,2,False,0.03565505,0.00028961388,0.96405536
38079,2022-11-08 21:00:00,147,1,1,False,0.0031528682,0.9966664,0.00018075215
268837,2022-12-02 22:00:00,2,1,1,False,0.0032705835,0.99660975,0.0001195878
330144,2022-12-03 20:00:00,36,2,2,False,0.30608332,0.0008030889,0.69311357
18916,2022-11-14 19:00:00,122,0,0,False,0.83863133,0.16111782,0.0002508748
87860,2022-11-27 11:00:00,209,0,0,False,0.9767402,0.022734966,0.0005248748
49916,2022-11-25 10:00:00,161,0,0,False,0.99247545,0.006531344,0.000993213
80065,2022-11-30 09:00:00,2,2,0,True,0.7432706,0.0009163332,0.25581312
259178,2022-12-21 23:00:00,187,2,2,False,0.20954795,0.0005554725,0.78989655
8163,2022-11-13 15:00:00,109,1,1,False,0.15733276,0.8424763,0.00019100361
124007,2022-11-14 05:00:00,259,0,0,False,0.99836415,0.00061360106,0.0010222535
150009,2022-11-25 03:00:00,48,2,2,False,0.048842,0.0004396353,0.95071834
46540,2022-11-03 20:00:00,158,1,1,False,0.15087368,0.84895897,0.00016730238
236310,2022-12-30 11:00:00,158,0,0,False,0.5572555,0.44227648,0.00046806366
43752,2022-11-06 20:00:00,154,1,1,False,0.09096713,0.9088292,0.00020363883
330993,2022-12-09 04:00:00,37,1,1,False,0.0011112242,0.99881506,7.3793526e-05
158253,2022-11-11 03:00:00,59,0,0,False,0.9908003,0.007227161,0.0019725284
299299,2022-12-10 10:00:00,239,0,0,False,0.99758255,0.00053695246,0.0018805272
24262,2022-11-29 00:00:00,129,2,2,False,0.17464116,0.00066406204,0.82469475
378162,2022-12-22 18:00:00,98,0,0,False,0.99731845,0.0012748472,0.0014066905
56038,2022-11-12 09:00:00,17,1,1,False,0.21206786,0.78766435,0.00026781068
162100,2022-11-22 11:00:00,63,0,0,False,0.9371058,0.060740784,0.002153465
214683,2022-12-30 14:00:00,130,0,0,False,0.9952034,0.0042403163,0.00055633637
378827,2022-12-20 08:00:00,99,0,0,False,0.98405486,0.014739054,0.0012060542
37059,2022-11-25 23:00:00,145,1,1,False,0.28109837,0.71864337,0.00025829568
121346,2022-11-22 12:00:00,254,0,0,False,0.78619987,0.213306,0.0004941237
175442,2022-11-12 08:00:00,82,2,2,False,0.20745826,0.0005647815,0.7919769
120474,2022-11-15 23:00:00,253,2,2,False,0.16584177,0.00062226737,0.8335359
35196,2022-11-07 20:00:00,143,1,1,False,0.0010212213,0.99891424,6.4532214e-05
131522,2022-11-29 10:00:00,268,0,0,False,0.9947615,0.0016766881,0.003561846
144019,2022-11-13 21:00:00,40,2,2,False,0.2235651,0.00064303563,0.7757919
70914,2022-11-06 12:00:00,189,2,2,False,0.22164047,0.0006674877,0.7776921
334964,2022-12-25 08:00:00,41,2,1,True,0.061509825,0.93806136,0.00042883973
344261,2022-12-22 04:00:00,53,0,0,False,0.9972881,0.0015562176,0.0011557352
364474,2022-12-23 05:00:00,80,2,2,False,0.026821924,0.00024054405,0.9729375
55222,2022-11-08 02:00:00,169,1,1,False,0.04076187,0.9591054,0.00013280526
268938,2022-12-07 03:00:00,2,1,1,False,0.0036344132,0.9962069,0.00015864355
98315,2022-11-16 05:00:00,223,2,2,False,0.04133253,0.0003178405,0.95834965
35492,2022-11-20 06:00:00,143,1,1,False,0.0010462207,0.99888843,6.541411e-05
290425,2022-12-01 04:00:00,227,2,2,False,0.040518116,0.00035997148,0.95912194
306714,2022-12-19 19:00:00,249,1,1,False,0.24921253,0.75054306,0.0002444317
234351,2022-12-08 00:00:00,156,1,1,False,0.0010464026,0.9988907,6.2866355e-05
179473,2022-11-01 08:00:00,88,0,0,False,0.99672514,0.0027917346,0.00048309378
270584,2022-12-15 15:00:00,200,0,1,True,0.15589376,0.84390587,0.00020038718
176068,2022-11-08 15:00:00,83,0,0,False,0.56126785,0.43838426,0.00034787832
269571,2022-12-03 11:00:00,20,1,1,False,0.0010572923,0.9988734,6.925007e-05
42877,2022-11-30 01:00:00,152,1,1,False,0.08144334,0.9184203,0.00013634282
82325,2022-11-05 07:00:00,202,1,1,False,0.29542553,0.70426327,0.00031122944
183977,2022-11-10 11:00:00,93,2,2,False,0.22954758,0.00073377084,0.76971865
112212,2022-11-29 05:00:00,242,2,2,False,0.055857692,0.00037254512,0.94376975
123917,2022-11-10 11:00:00,259,0,0,False,0.97656554,0.022854414,0.00058009895
106861,2022-11-14 19:00:00,235,2,0,True,0.6271796,0.000815019,0.37200543
322396,2022-12-11 11:00:00,27,1,0,True,0.73868674,0.26103163,0.00028163363
177314,2022-11-30 18:00:00,84,0,0,False,0.9804048,0.0020893917,0.017505845
239593,2022-12-16 03:00:00,162,1,1,False,0.31906733,0.68037593,0.00055676035
77239,2022-11-01 19:00:00,197,1,1,False,0.32130262,0.6784464,0.00025099752
67242,2022-11-02 08:00:00,184,1,0,True,0.9381163,0.061402276,0.00048145556
90262,2022-11-08 07:00:00,212,1,1,False,0.26847985,0.7312439,0.0002762479
73319,2022-11-17 10:00:00,191,1,1,False,0.0010445637,0.99887985,7.56323e-05
65758,2022-11-30 02:00:00,181,2,2,False,0.04019542,0.00032817668,0.9594764
29003,2022-11-18 00:00:00,135,2,0,True,0.7702191,0.0010741419,0.22870678
39816,2022-11-21 16:00:00,149,0,0,False,0.9881769,0.005979283,0.00584377
357573,2022-12-05 03:00:00,72,1,1,False,0.008291093,0.9913851,0.0003238463
72826,2022-11-26 16:00:00,190,1,0,True,0.6739016,0.32578006,0.00031828074
136090,2022-11-11 05:00:00,30,1,1,False,0.0886612,0.91110516,0.00023362266
97071,2022-11-23 23:00:00,221,2,2,False,0.3521575,0.00069761224,0.6471449
594,2022-11-25 23:00:00,1,1,1,False,0.029571386,0.970305,0.00012362194
102831,2022-11-25 15:00:00,229,0,0,False,0.98706996,0.012541505,0.00038849952
11094,2022-11-16 14:00:00,112,2,2,False,0.14788426,0.0005701513,0.8515456
113635,2022-11-28 22:00:00,244,2,0,True,0.78332186,0.0016924116,0.21498574
149600,2022-11-08 00:00:00,48,2,2,False,0.122879915,0.00059164624,0.87652844
113648,2022-11-29 11:00:00,244,0,0,False,0.72815865,0.27082703,0.0010143194
150407,2022-11-11 22:00:00,49,2,2,False,0.30502468,0.0009492898,0.69402605
112559,2022-11-13 21:00:00,243,2,2,False,0.44808632,0.0008253422,0.55108833
154130,2022-11-18 02:00:00,53,2,2,False,0.09024979,0.00059773144,0.90915245
54868,2022-11-23 05:00:00,168,0,0,False,0.9972053,0.00064647774,0.0021481426
159414,2022-11-29 17:00:00,6,0,0,False,0.98379725,0.015471156,0.00073159987
122410,2022-11-07 04:00:00,257,0,0,False,0.9983546,0.0014125684,0.00023283562
7215,2022-11-03 20:00:00,108,1,1,False,0.32223886,0.6774318,0.00032927407
114007,2022-11-14 15:00:00,245,1,1,False,0.0010708459,0.9988605,6.866606e-05
96644,2022-11-06 02:00:00,221,2,2,False,0.06520235,0.00035153172,0.93444616
197104,2022-12-19 01:00:00,109,1,0,True,0.8075623,0.19206262,0.00037514197
69758,2022-11-18 00:00:00,187,2,2,False,0.19343178,0.00063107273,0.8059371
104537,2022-11-07 06:00:00,232,2,2,False,0.3789279,0.0006720735,0.6204
123072,2022-11-04 23:00:00,258,1,1,False,0.1823585,0.8174424,0.00019905255
61328,2022-11-24 06:00:00,176,2,2,False,0.13224247,0.0004928101,0.86726475
7993,2022-11-06 11:00:00,109,0,0,False,0.9721299,0.027616167,0.00025389006
59444,2022-11-05 06:00:00,174,2,2,False,0.2118121,0.0005461767,0.7876417
258942,2022-12-11 05:00:00,187,2,2,False,0.098673046,0.00043645137,0.9008905
65471,2022-11-18 03:00:00,181,2,2,False,0.06985485,0.00042438094,0.92972076
323823,2022-12-10 20:00:00,28,1,1,False,0.0010156932,0.998919,6.535108e-05
323587,2022-12-01 00:00:00,28,1,1,False,0.0009911885,0.9989497,5.9147995e-05
65473,2022-11-18 05:00:00,181,2,2,False,0.043815836,0.00037439755,0.9558098
65131,2022-11-03 21:00:00,181,2,2,False,0.2815803,0.000694225,0.71772546
118531,2022-11-24 09:00:00,250,1,1,False,0.0010345764,0.99888855,7.68369e-05
184121,2022-11-16 11:00:00,93,2,2,False,0.28597772,0.00065219955,0.7133701
117261,2022-11-01 01:00:00,25,0,0,False,0.994451,0.0049086795,0.00064033124
78574,2022-11-27 20:00:00,198,0,0,False,0.99446034,0.0015283724,0.0040112752
241377,2022-12-31 07:00:00,164,1,1,False,0.18212153,0.81769407,0.00018439411
329394,2022-12-02 15:00:00,35,1,1,False,0.0039283484,0.99595827,0.000113363836
169433,2022-11-30 02:00:00,74,1,1,False,0.10576579,0.8940668,0.00016739246
224358,2022-12-12 05:00:00,143,1,1,False,0.0010847676,0.99884415,7.103652e-05
11985,2022-11-23 22:00:00,113,1,0,True,0.627186,0.3724297,0.00038436233
85683,2022-11-26 03:00:00,206,1,1,False,0.077358864,0.9224987,0.00014250596
115156,2022-11-02 20:00:00,247,0,0,False,0.8568185,0.14261879,0.00056268397
290475,2022-12-03 06:00:00,227,0,0,False,0.9971276,0.00062745076,0.0022450085
151864,2022-11-13 01:00:00,50,2,2,False,0.16416243,0.00072544446,0.83511215
205762,2022-12-19 07:00:00,12,1,1,False,0.1873376,0.8122121,0.00045029563
294818,2022-12-03 23:00:00,233,0,0,False,0.74320215,0.0009102729,0.25588757
284095,2022-12-07 19:00:00,218,1,1,False,0.0010115049,0.9989215,6.69992e-05
75445,2022-11-16 15:00:00,194,1,0,True,0.72147894,0.27800623,0.0005148654
273068,2022-12-29 22:00:00,203,0,0,False,0.9849562,0.014814221,0.00022954005
37924,2022-11-02 05:00:00,147,1,1,False,0.0010536846,0.9988733,7.305745e-05
258004,2022-12-02 04:00:00,186,2,2,False,0.055190407,0.0003994967,0.94441
211360,2022-12-11 09:00:00,127,0,0,False,0.99695045,0.00057032064,0.0024792377
165368,2022-11-09 16:00:00,69,1,1,False,0.3368853,0.662919,0.00019569373
276780,2022-12-03 10:00:00,209,1,0,True,0.9105971,0.08918894,0.00021398306
223485,2022-12-05 21:00:00,142,1,1,False,0.0010451284,0.99889106,6.3805914e-05
111750,2022-11-09 23:00:00,242,2,2,False,0.19774304,0.00059997226,0.801657
89383,2022-11-01 08:00:00,211,0,0,False,0.9393717,0.060308125,0.00032022153
165182,2022-11-01 17:00:00,69,0,0,False,0.9931178,0.0009379704,0.005944185
181236,2022-11-15 10:00:00,9,2,2,False,0.27824283,0.0009107786,0.7208464
120869,2022-11-02 10:00:00,254,0,0,False,0.8269071,0.17263852,0.00045437925
61497,2022-11-01 07:00:00,177,2,2,False,0.43472144,0.00089179847,0.5643868
269833,2022-12-14 09:00:00,20,1,1,False,0.0010662079,0.9988582,7.563066e-05
94787,2022-11-18 04:00:00,218,1,1,False,0.033873398,0.9660416,8.4990985e-05
310094,2022-12-09 14:00:00,253,1,1,False,0.12767012,0.8721605,0.00016933314
183744,2022-11-30 13:00:00,92,0,0,False,0.98483735,0.00095634523,0.014206306
294102,2022-12-04 04:00:00,232,2,2,False,0.099842265,0.0004284209,0.8997293
302321,2022-12-16 04:00:00,243,2,2,False,0.041271497,0.0003363334,0.95839214
209916,2022-12-11 07:00:00,125,2,2,False,0.15283048,0.00046165893,0.8467078
180238,2022-11-03 13:00:00,89,1,1,False,0.0034523634,0.99634093,0.00020664537
25652,2022-11-27 08:00:00,130,1,1,False,0.19665019,0.8031647,0.0001851161
99388,2022-11-01 03:00:00,225,0,0,False,0.99825937,0.0011800316,0.0005606259
105104,2022-11-30 23:00:00,232,2,2,False,0.12412087,0.00063943677,0.87523973
346636,2022-12-31 00:00:00,56,2,2,False,0.20914327,0.0005893463,0.7902674
65898,2022-11-06 01:00:00,182,0,0,False,0.98197365,0.000997533,0.017028881
8751,2022-11-08 06:00:00,11,1,1,False,0.055679664,0.9441539,0.00016642125
121994,2022-11-19 17:00:00,256,0,0,False,0.99800223,0.0006924004,0.0013053863
235329,2022-12-19 13:00:00,157,1,1,False,0.30380082,0.69573,0.00046923917
145456,2022-11-14 04:00:00,42,0,0,False,0.9965879,0.00075813034,0.0026540456
295504,2022-12-02 12:00:00,234,0,0,False,0.9915854,0.0081485305,0.0002661182
338367,2022-12-16 00:00:00,46,2,2,False,0.25486872,0.0007080013,0.7444233
224716,2022-12-28 01:00:00,143,1,1,False,0.0010824983,0.9988457,7.172883e-05
96319,2022-11-22 10:00:00,220,1,1,False,0.27407566,0.72564673,0.0002776059
111230,2022-11-18 02:00:00,241,2,2,False,0.08702807,0.000518205,0.9124538
20589,2022-11-24 22:00:00,124,2,2,False,0.25811422,0.00092517707,0.7409606
315342,2022-12-18 08:00:00,260,0,0,False,0.9616108,0.037994713,0.00039451668
257918,2022-12-29 13:00:00,185,1,1,False,0.25874528,0.74103254,0.00022214603
324052,2022-12-21 07:00:00,28,1,1,False,0.0038739895,0.9959078,0.00021816134
347878,2022-12-22 16:00:00,58,1,0,True,0.92856616,0.07033365,0.0011001754
180836,2022-11-28 13:00:00,89,1,1,False,0.0010985882,0.9988281,7.333077e-05
345847,2022-12-28 04:00:00,55,0,0,False,0.99797326,0.0018038597,0.00022290685
131433,2022-11-25 17:00:00,268,0,0,False,0.98642933,0.013247313,0.00032337385
63798,2022-11-07 22:00:00,18,0,0,False,0.7857004,0.21406376,0.00023587525
376298,2022-12-04 06:00:00,96,1,1,False,0.044272,0.95562977,9.826688e-05
320016,2022-12-02 10:00:00,267,0,0,False,0.9874351,0.0120321745,0.000532652
287944,2022-12-18 08:00:00,223,0,0,False,0.95960283,0.0005726108,0.03982457
73169,2022-11-11 04:00:00,191,1,1,False,0.0010557201,0.99887985,6.437295e-05
147548,2022-11-11 23:00:00,45,0,0,False,0.697529,0.0011871106,0.30128387
250890,2022-12-06 04:00:00,177,0,0,False,0.99474806,0.0008050834,0.0044468157
27832,2022-11-28 19:00:00,133,2,2,False,0.2878165,0.0007863885,0.7113972
323960,2022-12-16 13:00:00,28,1,1,False,0.001069298,0.9988655,6.52039e-05
369620,2022-12-27 08:00:00,87,0,0,False,0.9944975,0.0036332977,0.0018692692
37493,2022-11-14 06:00:00,146,0,0,False,0.97923297,0.02058472,0.00018231933
370974,2022-12-23 16:00:00,89,1,1,False,0.001077761,0.9988543,6.7907604e-05
120473,2022-11-15 22:00:00,253,2,2,False,0.2076543,0.0007466518,0.79159904
317657,2022-12-25 05:00:00,263,0,0,False,0.9986186,0.0005298398,0.0008515159
186682,2022-11-03 22:00:00,97,1,1,False,0.04555137,0.9543189,0.00012980132
366331,2022-12-09 13:00:00,83,0,0,False,0.9953028,0.004026934,0.0006702991
223953,2022-12-26 07:00:00,142,1,1,False,0.0010979046,0.9988317,7.044272e-05
368561,2022-12-12 08:00:00,86,1,1,False,0.22354084,0.77611506,0.00034410675
115350,2022-11-11 00:00:00,247,0,0,False,0.9944423,0.0048085335,0.00074922363
54405,2022-11-03 20:00:00,168,2,0,True,0.56084657,0.0011912688,0.43796217
165528,2022-11-16 08:00:00,69,2,0,True,0.77106124,0.0026481177,0.22629064
370793,2022-12-15 05:00:00,89,1,1,False,0.0010811246,0.99884146,7.742769e-05
167419,2022-11-05 16:00:00,72,2,0,True,0.8399678,0.0020650055,0.15796721
154314,2022-11-25 18:00:00,53,0,0,False,0.992011,0.006024493,0.0019644825
239193,2022-12-30 10:00:00,161,1,1,False,0.1110488,0.8887652,0.00018597799
341835,2022-12-10 07:00:00,50,2,0,True,0.5529612,0.00083453476,0.4462043
17235,2022-11-04 06:00:00,120,0,0,False,0.85879266,0.14097387,0.0002334683
46953,2022-11-21 03:00:00,158,0,0,False,0.89506924,0.10472514,0.00020558033
89010,2022-11-15 19:00:00,210,0,0,False,0.8412994,0.0014556714,0.15724498
149722,2022-11-13 04:00:00,48,0,0,False,0.9132683,0.0008528897,0.08587879
238168,2022-12-16 20:00:00,160,0,0,False,0.99316484,0.0060576485,0.0007775048
133406,2022-11-18 13:00:00,270,1,0,True,0.56077015,0.43897268,0.0002572229
353910,2022-12-02 17:00:00,66,1,0,True,0.5433954,0.45629174,0.00031287546
98712,2022-11-02 21:00:00,224,2,2,False,0.44737953,0.0015250966,0.55109537
173673,2022-11-28 00:00:00,8,0,0,False,0.99213684,0.007206668,0.00065648067
288069,2022-12-24 02:00:00,223,2,2,False,0.10084639,0.00047572795,0.8986779
370458,2022-12-01 06:00:00,89,1,1,False,0.0010589331,0.9988657,7.53335e-05
60274,2022-11-10 03:00:00,175,2,2,False,0.045647707,0.00035244424,0.9539998
302907,2022-12-10 13:00:00,244,1,0,True,0.8716599,0.12793188,0.00040822424
34026,2022-11-18 18:00:00,141,0,0,False,0.97919524,0.020259358,0.00054544536
339623,2022-12-08 06:00:00,48,0,0,False,0.95174295,0.047684945,0.0005721048
117672,2022-11-18 09:00:00,25,1,0,True,0.8401882,0.15956813,0.00024370471
25720,2022-11-30 04:00:00,130,1,1,False,0.08982863,0.9099974,0.0001739954
167609,2022-11-13 16:00:00,72,2,2,False,0.30906072,0.0006286467,0.6903106
35311,2022-11-12 17:00:00,143,1,1,False,0.0010716888,0.9988568,7.151644e-05
297270,2022-12-16 00:00:00,236,2,2,False,0.1062236,0.00043042994,0.89334595
251490,2022-12-01 03:00:00,178,2,2,False,0.0809569,0.00040653718,0.91863656
342715,2022-12-16 22:00:00,51,0,0,False,0.94627154,0.05339196,0.00033649776
237520,2022-12-20 19:00:00,16,1,1,False,0.0035133602,0.99629587,0.00019076857
98738,2022-11-03 23:00:00,224,2,2,False,0.17508328,0.0005721414,0.8243446
357955,2022-12-21 23:00:00,72,0,0,False,0.9744489,0.025256487,0.00029458912
205775,2022-12-19 20:00:00,12,0,0,False,0.9625194,0.03708493,0.0003956828
357779,2022-12-13 17:00:00,72,1,1,False,0.0011094542,0.99881566,7.49731e-05
272469,2022-12-04 01:00:00,203,0,0,False,0.99109685,0.008504386,0.00039872352
294561,2022-12-24 05:00:00,232,0,0,False,0.98478913,0.00064127543,0.014569625
118456,2022-11-21 06:00:00,250,1,1,False,0.001011392,0.99891376,7.480547e-05
367329,2022-12-22 00:00:00,84,0,0,False,0.9908825,0.008639618,0.0004778536
98248,2022-11-13 10:00:00,223,0,0,False,0.970066,0.00046326945,0.029470688
103148,2022-11-09 01:00:00,230,0,0,False,0.99786747,0.0011427221,0.0009897299
347556,2022-12-08 08:00:00,58,1,1,False,0.49278376,0.5067671,0.00044913302
171174,2022-11-13 06:00:00,77,0,0,False,0.9959514,0.0017170602,0.0023315612
238952,2022-12-20 07:00:00,161,0,0,False,0.8982791,0.10123214,0.0004887854
134042,2022-11-15 06:00:00,28,0,0,False,0.9905454,0.009294607,0.00016002583
40832,2022-11-04 08:00:00,150,1,0,True,0.8141202,0.18538585,0.00049395015
370536,2022-12-04 12:00:00,89,1,1,False,0.0010786918,0.9988488,7.246315e-05
316078,2022-12-19 10:00:00,261,0,0,False,0.98867816,0.0109380605,0.0003838165
332777,2022-12-24 08:00:00,39,0,0,False,0.98350096,0.016261188,0.0002378299
312121,2022-12-03 22:00:00,257,0,0,False,0.99051017,0.009351629,0.00013817812
35923,2022-11-08 08:00:00,144,0,0,False,0.9853511,0.010559388,0.004089553
289206,2022-12-10 11:00:00,225,0,0,False,0.9983367,0.00078769017,0.00087563205
237215,2022-12-07 04:00:00,16,1,1,False,0.001105151,0.998816,7.880348e-05
217975,2022-12-16 15:00:00,135,2,0,True,0.81167364,0.0010452518,0.18728107
83471,2022-11-23 08:00:00,203,1,1,False,0.0009939765,0.9989166,8.936809e-05
146451,2022-11-25 20:00:00,43,2,0,True,0.92135304,0.0039510294,0.07469594
138723,2022-11-01 13:00:00,34,0,1,True,0.20686938,0.7928523,0.00027828838
132044,2022-11-21 09:00:00,269,2,0,True,0.80659,0.0012118653,0.19219816
41082,2022-11-14 20:00:00,150,0,0,False,0.8379693,0.16167946,0.0003512589
137969,2022-11-29 22:00:00,32,1,0,True,0.6788353,0.32078567,0.00037904477
187639,2022-11-14 02:00:00,98,1,1,False,0.020151319,0.97975165,9.710401e-05
106916,2022-11-17 02:00:00,235,2,2,False,0.06269676,0.00040041684,0.9369028
136742,2022-11-08 14:00:00,31,2,2,False,0.19295569,0.0007548025,0.80628955
174965,2022-11-22 06:00:00,81,0,0,False,0.99647623,0.0016143183,0.0019094755
290833,2022-12-19 00:00:00,227,2,2,False,0.06623852,0.0004497095,0.93331176
96494,2022-11-29 17:00:00,220,2,0,True,0.85559607,0.0012493394,0.14315455
71330,2022-11-23 22:00:00,189,0,0,False,0.96427995,0.001702172,0.034017835
176294,2022-11-18 01:00:00,83,2,0,True,0.73567927,0.0013814319,0.2629393
95816,2022-11-01 06:00:00,220,2,2,False,0.22509255,0.0005852777,0.77432215
11472,2022-11-02 08:00:00,113,2,0,True,0.96765715,0.007578579,0.024764331
319214,2022-12-30 00:00:00,265,0,0,False,0.99751306,0.002266223,0.00022072195
10942,2022-11-10 06:00:00,112,1,1,False,0.16036123,0.83933735,0.00030138035
291405,2022-12-11 23:00:00,228,2,2,False,0.13958025,0.00049478037,0.85992503
173911,2022-11-08 01:00:00,80,2,0,True,0.5722264,0.0008455796,0.42692804
204107,2022-12-09 14:00:00,118,0,0,False,0.9898258,0.00986578,0.00030847962
94394,2022-11-01 14:00:00,218,0,0,False,0.8720129,0.12764964,0.00033745248
61325,2022-11-24 03:00:00,176,2,2,False,0.05009839,0.00038621126,0.9495154
286502,2022-12-18 08:00:00,221,2,2,False,0.09447704,0.00047170778,0.9050513
333206,2022-12-11 06:00:00,4,0,0,False,0.98827565,0.0114364065,0.00028799172
324008,2022-12-19 09:00:00,28,1,1,False,0.0036423337,0.9961695,0.00018819251
258383,2022-12-18 08:00:00,186,2,0,True,0.89387095,0.0008603465,0.10526871
204357,2022-12-20 22:00:00,118,1,1,False,0.28688562,0.71283466,0.00027980356
54950,2022-11-26 15:00:00,168,0,0,False,0.9743362,0.024663933,0.0009998461
341019,2022-12-06 08:00:00,5,1,1,False,0.075004704,0.9248592,0.00013611867
72778,2022-11-24 16:00:00,190,0,0,False,0.96776193,0.0013618305,0.030876268
366633,2022-12-23 01:00:00,83,2,2,False,0.12979342,0.0005749427,0.86963165
68200,2022-11-12 16:00:00,185,2,2,False,0.24582236,0.0005177376,0.7536599
21580,2022-11-06 13:00:00,126,0,0,False,0.9916779,0.0058530984,0.0024690875
252547,2022-12-15 03:00:00,179,0,0,False,0.99814606,0.0007784537,0.0010754613
216647,2022-12-22 07:00:00,133,0,0,False,0.93844116,0.05977408,0.0017847647
124939,2022-11-23 06:00:00,26,0,0,False,0.98965,0.010174692,0.00017528694
96717,2022-11-09 05:00:00,221,2,2,False,0.0431763,0.00034552618,0.9564782
186768,2022-11-07 12:00:00,97,2,0,True,0.684954,0.00093171536,0.31411436
191599,2022-12-30 02:00:00,101,1,1,False,0.15356284,0.84622,0.00021709494
27378,2022-11-09 21:00:00,133,2,0,True,0.6404268,0.0007527035,0.35882053
316796,2022-12-19 07:00:00,262,0,0,False,0.97431606,0.0010369141,0.024646994
255071,2022-12-31 02:00:00,181,2,2,False,0.054052338,0.0003660412,0.9455816
134963,2022-11-23 20:00:00,29,1,1,False,0.10657232,0.8932885,0.00013915553
65737,2022-11-29 05:00:00,181,2,2,False,0.075867064,0.0004435252,0.92368937
24857,2022-11-24 00:00:00,13,0,0,False,0.9927295,0.0015054356,0.0057650027
52392,2022-11-09 10:00:00,165,1,1,False,0.08858565,0.91005445,0.0013599334
252989,2022-12-03 12:00:00,18,1,1,False,0.29906753,0.7006606,0.00027189692
183711,2022-11-29 04:00:00,92,1,1,False,0.037709545,0.96218234,0.00010809175
153410,2022-11-17 21:00:00,52,0,0,False,0.96602416,0.0046806135,0.02929524
80969,2022-11-08 09:00:00,200,1,1,False,0.22550051,0.7742662,0.00023328693
330287,2022-12-09 19:00:00,36,2,0,True,0.8737007,0.0015966395,0.12470274
306742,2022-12-21 01:00:00,249,0,0,False,0.9563907,0.04347874,0.00013051831
62494,2022-11-13 06:00:00,178,2,2,False,0.08581402,0.0003658724,0.9138201
189778,2022-12-13 09:00:00,10,1,1,False,0.2143897,0.7852978,0.00031250858
34427,2022-11-05 14:00:00,142,1,1,False,0.001127379,0.99880207,7.049789e-05
133132,2022-11-07 01:00:00,270,0,0,False,0.9974184,0.0022300943,0.00035144313
330702,2022-12-28 00:00:00,36,1,1,False,0.18015651,0.8193978,0.0004456354
286803,2022-12-31 10:00:00,221,2,0,True,0.9769214,0.00040670327,0.0226719
316110,2022-12-20 20:00:00,261,0,0,False,0.9918577,0.0066898665,0.001452411
102345,2022-11-05 07:00:00,229,2,2,False,0.05965829,0.00032717365,0.94001454
9901,2022-11-26 11:00:00,110,1,1,False,0.14739144,0.85236293,0.0002456942
321263,2022-12-25 06:00:00,268,1,1,False,0.12515707,0.87458485,0.0002580569
177689,2022-11-16 14:00:00,85,2,2,False,0.12002232,0.00044930237,0.87952834
152758,2022-11-20 12:00:00,51,2,0,True,0.61553615,0.00090614514,0.38355768
206062,2022-12-31 21:00:00,12,1,1,False,0.20941745,0.79037315,0.00020941153
126156,2022-11-14 09:00:00,261,0,0,False,0.9855583,0.00246173,0.011979947
370585,2022-12-06 13:00:00,89,1,1,False,0.0010895968,0.9988405,6.989382e-05
229667,2022-12-24 01:00:00,15,0,0,False,0.9826147,0.017144622,0.00024070236
325559,2022-12-24 00:00:00,3,1,1,False,0.08053888,0.91925687,0.00020424812
356846,2022-12-04 21:00:00,71,2,2,False,0.21504961,0.0006292807,0.7843211
120480,2022-11-16 05:00:00,253,2,2,False,0.05534854,0.00042138222,0.9442301
162887,2022-11-25 11:00:00,64,2,0,True,0.5728504,0.0010705485,0.42607903
116010,2022-11-08 17:00:00,248,0,0,False,0.8015148,0.19816068,0.0003244949
237082,2022-12-01 15:00:00,16,1,1,False,0.001167355,0.9987632,6.945652e-05
279776,2022-12-08 02:00:00,212,0,0,False,0.9970818,0.0023790724,0.0005390438
323943,2022-12-15 20:00:00,28,1,1,False,0.0009950245,0.99893755,6.744326e-05
162538,2022-11-10 22:00:00,64,1,0,True,0.56681067,0.4325179,0.0006714578
68826,2022-11-08 23:00:00,186,2,2,False,0.36752376,0.00086647546,0.6316098
249814,2022-12-22 08:00:00,175,1,0,True,0.8259982,0.17342049,0.00058130804
40471,2022-11-19 04:00:00,15,0,0,False,0.9770116,0.022733022,0.00025538926
156368,2022-11-21 23:00:00,56,0,0,False,0.9896382,0.0021477947,0.00821396
50107,2022-11-03 12:00:00,162,0,2,True,0.428352,0.0010078949,0.5706401
221925,2022-12-31 22:00:00,14,0,0,False,0.9688441,0.0309142,0.00024166961
55924,2022-11-07 13:00:00,17,1,0,True,0.9114518,0.088142484,0.00040563493
23681,2022-11-04 17:00:00,129,2,0,True,0.7722547,0.002415656,0.22532968
235317,2022-12-19 01:00:00,157,0,0,False,0.98818576,0.011463664,0.00035057918
100813,2022-11-30 22:00:00,226,2,2,False,0.43815255,0.0008237321,0.5610237
266951,2022-12-14 11:00:00,197,1,1,False,0.16288407,0.83691436,0.00020159087
112523,2022-11-12 09:00:00,243,2,2,False,0.15978076,0.00050020264,0.83971906
10340,2022-11-14 23:00:00,111,0,0,False,0.9531347,0.046520833,0.00034449226
209001,2022-12-03 05:00:00,124,1,1,False,0.13773958,0.8620098,0.00025056853
232772,2022-12-02 07:00:00,154,2,0,True,0.85531926,0.0011809925,0.14349975
27456,2022-11-13 03:00:00,133,2,0,True,0.5188615,0.0010889331,0.48004958
270625,2022-12-17 17:00:00,200,1,0,True,0.94478416,0.05506472,0.00015111463
337826,2022-12-24 10:00:00,45,0,0,False,0.9948094,0.001721305,0.0034692434
77371,2022-11-07 10:00:00,197,1,1,False,0.2738005,0.72590125,0.00029822008
145790,2022-11-28 02:00:00,42,2,0,True,0.70777524,0.0010711055,0.29115367
66982,2022-11-21 12:00:00,183,0,0,False,0.94503105,0.054527983,0.00044099565
374706,2022-12-28 23:00:00,93,1,0,True,0.7606633,0.23908983,0.00024694658
200688,2022-12-17 17:00:00,113,1,1,False,0.21578129,0.78394467,0.00027399734
52363,2022-11-08 03:00:00,165,1,1,False,0.024817321,0.9748268,0.0003559143
172585,2022-11-12 11:00:00,79,0,0,False,0.9934524,0.0010130267,0.0055345413
140065,2022-11-27 21:00:00,35,1,1,False,0.0036722773,0.9962081,0.0001195933
292310,2022-12-20 11:00:00,229,0,0,False,0.9959539,0.003861016,0.00018508572
325284,2022-12-11 15:00:00,3,0,0,False,0.99633694,0.003363848,0.00029921235
352933,2022-12-23 00:00:00,64,0,0,False,0.93923885,0.060118902,0.00064218993
147427,2022-11-06 20:00:00,45,0,0,False,0.8128236,0.0016052282,0.18557113
19444,2022-11-06 22:00:00,123,2,0,True,0.69101775,0.0010874589,0.30789483
43048,2022-11-07 07:00:00,153,0,0,False,0.9934823,0.004944335,0.0015732924
5165,2022-11-07 19:00:00,105,2,0,True,0.98882467,0.009536456,0.0016388557
28078,2022-11-09 06:00:00,134,2,2,False,0.10066995,0.000550101,0.8987799
179264,2022-11-22 15:00:00,87,0,0,False,0.81509507,0.1846917,0.00021320478
241770,2022-12-16 17:00:00,165,0,0,False,0.9878115,0.0073658726,0.004822553
200051,2022-12-21 18:00:00,112,0,0,False,0.8313224,0.16807424,0.0006034197
256931,2022-12-17 22:00:00,184,0,0,False,0.976644,0.022845022,0.0005109942
264737,2022-12-12 08:00:00,194,0,0,False,0.9906053,0.0006672017,0.008727479
36312,2022-11-24 15:00:00,144,0,1,True,0.109163806,0.8906808,0.00015545201
50892,2022-11-06 10:00:00,163,1,1,False,0.23480254,0.76499283,0.00020457241
254883,2022-12-23 06:00:00,181,2,2,False,0.13440341,0.00052281213,0.86507374
91380,2022-11-25 04:00:00,213,0,0,False,0.99510586,0.0016384199,0.003255747
303915,2022-12-23 10:00:00,245,1,1,False,0.0010531141,0.99888057,6.63161e-05
240717,2022-12-02 21:00:00,164,1,1,False,0.140424,0.85938644,0.00018953701
298181,2022-12-24 20:00:00,237,2,2,False,0.07135219,0.0003298027,0.92831796
333178,2022-12-10 02:00:00,4,0,0,False,0.97882926,0.020972976,0.00019773195
152760,2022-11-20 14:00:00,51,2,2,False,0.39590964,0.0006662018,0.6034242
162339,2022-11-02 10:00:00,64,2,2,False,0.15199378,0.00071525463,0.84729093
277315,2022-12-26 15:00:00,209,0,0,False,0.99545527,0.004344927,0.00019974571
346319,2022-12-16 21:00:00,56,2,0,True,0.8776,0.0009661742,0.1214338
335123,2022-12-01 00:00:00,42,2,2,False,0.14119712,0.00054612337,0.8582567
143286,2022-11-13 03:00:00,4,1,1,False,0.15004092,0.849645,0.0003140281
209217,2022-12-12 05:00:00,124,1,1,False,0.08471507,0.91512436,0.00016063779
127468,2022-11-09 11:00:00,263,0,0,False,0.94849473,0.051158354,0.00034693335
28548,2022-11-28 20:00:00,134,2,2,False,0.21970665,0.0008432362,0.7794501
87156,2022-11-27 22:00:00,208,2,0,True,0.68290037,0.0010479265,0.31605175
190256,2022-12-03 06:00:00,100,0,0,False,0.9636642,0.03621804,0.00011782076
224026,2022-12-29 08:00:00,142,1,1,False,0.0011114224,0.9988028,8.580102e-05
233050,2022-12-13 21:00:00,154,0,1,True,0.1770863,0.8226816,0.00023209701
138120,2022-11-06 08:00:00,33,1,1,False,0.10385336,0.8959728,0.00017388706
96451,2022-11-27 22:00:00,220,2,0,True,0.9780156,0.0023164465,0.01966794
205984,2022-12-28 15:00:00,12,1,1,False,0.45763138,0.5420963,0.0002722715
61318,2022-11-23 20:00:00,176,2,0,True,0.7113624,0.001133891,0.28750372
284322,2022-12-17 15:00:00,218,1,1,False,0.0031935084,0.9966214,0.00018507734
65644,2022-11-25 08:00:00,181,0,1,True,0.2257015,0.7739509,0.0003476661
70901,2022-11-05 23:00:00,189,2,0,True,0.61395746,0.0008913919,0.38515115
293651,2022-12-15 10:00:00,231,0,0,False,0.71209204,0.28766248,0.0002454812
108973,2022-11-13 10:00:00,238,2,2,False,0.2535649,0.00064255716,0.7457925
284088,2022-12-07 12:00:00,218,1,1,False,0.0010218314,0.998906,7.209796e-05
29007,2022-11-18 04:00:00,135,2,2,False,0.042353496,0.00035746704,0.95728904
159053,2022-11-14 16:00:00,6,0,0,False,0.7425801,0.2570896,0.00033030004
218641,2022-12-14 08:00:00,136,1,1,False,0.3850753,0.61456126,0.00036344657
135132,2022-11-30 21:00:00,29,1,1,False,0.0009804312,0.99896085,5.8696533e-05
162597,2022-11-13 09:00:00,64,1,1,False,0.233396,0.7661068,0.00049720827
356649,2022-12-27 15:00:00,7,1,0,True,0.7582969,0.24145983,0.00024324858
169763,2022-11-14 01:00:00,75,0,0,False,0.99777645,0.0018411273,0.0003823934
329589,2022-12-10 18:00:00,35,1,1,False,0.0011186042,0.9988122,6.922436e-05
36374,2022-11-27 05:00:00,144,0,0,False,0.99834406,0.0011087126,0.0005472297
19097,2022-11-22 08:00:00,122,0,0,False,0.9922975,0.007199224,0.0005032434
225624,2022-12-04 21:00:00,145,0,0,False,0.9911356,0.00855872,0.00030566266
224390,2022-12-13 13:00:00,143,1,1,False,0.0010673222,0.99886,7.267636e-05
7010,2022-11-25 04:00:00,107,1,1,False,0.085808106,0.91404146,0.00015040245
185152,2022-11-29 15:00:00,94,1,0,True,0.5514221,0.448159,0.00041882903
134113,2022-11-18 05:00:00,28,1,1,False,0.11566638,0.88415045,0.00018319706
365481,2022-12-04 04:00:00,82,2,0,True,0.641783,0.00090748805,0.3573095
298178,2022-12-24 17:00:00,237,2,2,False,0.1766361,0.00050918385,0.8228547
234408,2022-12-10 09:00:00,156,1,1,False,0.001061506,0.99886876,6.975242e-05
220367,2022-12-27 02:00:00,138,1,1,False,0.14244492,0.85734737,0.00020775218
231721,2022-12-19 10:00:00,152,0,0,False,0.99470466,0.0013136964,0.003981595
294081,2022-12-03 07:00:00,232,2,2,False,0.10786847,0.0005384763,0.8915931
190926,2022-12-01 03:00:00,101,1,1,False,0.17652166,0.82327086,0.00020751495
246042,2022-12-14 11:00:00,170,2,2,False,0.10302776,0.00049951946,0.8964727
322410,2022-12-12 01:00:00,27,1,1,False,0.025820285,0.97406477,0.00011487909
330793,2022-12-31 19:00:00,36,2,2,False,0.1962535,0.0007087043,0.80303776
62608,2022-11-18 00:00:00,178,2,0,True,0.9162165,0.00060074765,0.08318278
224309,2022-12-10 04:00:00,143,1,1,False,0.0010641555,0.99886787,6.797753e-05
252236,2022-12-02 04:00:00,179,2,2,False,0.063570894,0.00046392198,0.93596524
294080,2022-12-03 06:00:00,232,2,2,False,0.064573966,0.0003970365,0.93502903
106653,2022-11-06 01:00:00,235,2,2,False,0.052889377,0.00032650112,0.94678414
152677,2022-11-17 03:00:00,51,1,1,False,0.03708343,0.9627489,0.00016770232
323400,2022-12-24 04:00:00,270,0,0,False,0.9669002,0.03291643,0.00018335613
46726,2022-11-11 16:00:00,158,0,1,True,0.30442503,0.6953312,0.0002437527
177688,2022-11-16 13:00:00,85,2,2,False,0.32386675,0.00064943725,0.6754838
74857,2022-11-21 22:00:00,193,0,0,False,0.9537076,0.046042457,0.00024989294
114204,2022-11-22 20:00:00,245,1,1,False,0.001020981,0.9989141,6.4966116e-05
11898,2022-11-20 07:00:00,113,1,1,False,0.061194394,0.93865526,0.00015038038
85452,2022-11-16 12:00:00,206,2,0,True,0.76656485,0.0010160342,0.23241915
28953,2022-11-15 22:00:00,135,2,2,False,0.086817026,0.00038797298,0.912795
57113,2022-11-27 09:00:00,170,1,1,False,0.3182497,0.6814255,0.00032474456
259412,2022-12-31 17:00:00,187,2,2,False,0.27539495,0.0006462162,0.72395885
143982,2022-11-12 08:00:00,40,0,0,False,0.9950794,0.004696076,0.00022451249
332959,2022-12-31 22:00:00,39,0,0,False,0.9714627,0.028342018,0.00019518928
235524,2022-12-27 18:00:00,157,2,0,True,0.9029099,0.001969352,0.09512077
41631,2022-11-07 20:00:00,151,0,0,False,0.7564348,0.24110162,0.002463553
290781,2022-12-16 00:00:00,227,2,0,True,0.56458575,0.0007353504,0.4346789
302582,2022-12-27 23:00:00,243,2,2,False,0.23081125,0.0005681217,0.7686206
1466,2022-11-02 12:00:00,100,2,2,False,0.26037186,0.0007751974,0.7388529
255820,2022-12-01 07:00:00,183,1,0,True,0.88102025,0.11456541,0.004414378
96148,2022-11-15 07:00:00,220,0,0,False,0.788617,0.2072976,0.004085431
34875,2022-11-24 08:00:00,142,1,1,False,0.0011050417,0.9988073,8.760899e-05
149810,2022-11-16 20:00:00,48,0,0,False,0.8955296,0.0056566163,0.09881377
197417,2022-12-01 05:00:00,11,1,1,False,0.030326515,0.96956235,0.00011116489
326609,2022-12-06 18:00:00,31,0,0,False,0.9969572,0.001105379,0.001937447
376594,2022-12-16 14:00:00,96,1,1,False,0.0010943876,0.99883753,6.815209e-05
17222,2022-11-03 17:00:00,120,0,0,False,0.76455396,0.23513009,0.00031595817
105266,2022-11-07 20:00:00,233,2,2,False,0.0989598,0.0004100382,0.9006302
8616,2022-11-02 12:00:00,11,2,0,True,0.5473495,0.00095313304,0.45169732
181116,2022-11-10 10:00:00,9,2,2,False,0.15480912,0.00080498814,0.84438586
101105,2022-11-13 07:00:00,227,2,2,False,0.06346821,0.0003211419,0.9362106
148667,2022-11-28 19:00:00,46,2,0,True,0.8891985,0.004417401,0.106384054
357670,2022-12-09 04:00:00,72,1,1,False,0.00115807,0.998767,7.489177e-05
286808,2022-12-31 15:00:00,221,2,2,False,0.20516066,0.00045838358,0.79438096
150181,2022-11-02 07:00:00,49,1,1,False,0.35338056,0.6462633,0.00035617605
180221,2022-11-02 20:00:00,89,1,1,False,0.0031062493,0.99669373,0.0002000255
186872,2022-11-11 22:00:00,97,1,1,False,0.049809374,0.95005804,0.0001325251
113936,2022-11-11 16:00:00,245,1,1,False,0.0010654429,0.9988709,6.360263e-05
284332,2022-12-18 01:00:00,218,1,1,False,0.004048193,0.99572384,0.00022801649
109978,2022-11-25 12:00:00,239,1,1,False,0.16212471,0.83765066,0.00022466044
307548,2022-12-24 14:00:00,25,0,0,False,0.97179544,0.027375866,0.0008287071
292893,2022-12-13 21:00:00,230,0,0,False,0.99466264,0.0020029899,0.003334347
134382,2022-11-29 10:00:00,28,1,1,False,0.0010451034,0.998889,6.5867054e-05
94968,2022-11-25 17:00:00,218,1,1,False,0.0034657835,0.99640757,0.00012663787
215967,2022-12-24 00:00:00,132,2,0,True,0.55987084,0.00086382224,0.4392653
129085,2022-11-17 06:00:00,265,1,1,False,0.13214065,0.867667,0.00019234286
37313,2022-11-06 16:00:00,146,1,0,True,0.8227537,0.17705591,0.00019030881
63283,2022-11-16 08:00:00,179,1,1,False,0.4444251,0.5538003,0.0017745876
101705,2022-11-08 10:00:00,228,0,0,False,0.9940154,0.0024758505,0.0035087813
327618,2022-12-19 14:00:00,32,1,1,False,0.3125744,0.6870368,0.00038882135
207855,2022-12-15 13:00:00,122,0,0,False,0.9778299,0.021782096,0.00038805662
88373,2022-11-19 01:00:00,21,1,1,False,0.47187078,0.5278662,0.0002630246
237388,2022-12-14 09:00:00,16,1,1,False,0.0011240076,0.99879396,8.202999e-05
210109,2022-12-20 04:00:00,125,0,0,False,0.9984231,0.00081978925,0.0007570872
73366,2022-11-19 09:00:00,191,1,1,False,0.030919887,0.9689469,0.00013330759
370709,2022-12-11 17:00:00,89,1,1,False,0.0010725389,0.9988538,7.369877e-05
142837,2022-11-24 05:00:00,39,2,2,False,0.09639865,0.00045759973,0.90314376
91131,2022-11-14 19:00:00,213,0,1,True,0.36179468,0.6377163,0.0004890825
100569,2022-11-20 18:00:00,226,2,0,True,0.715823,0.0008935205,0.2832835
181275,2022-11-17 01:00:00,9,1,1,False,0.13359566,0.8661408,0.00026355343
152245,2022-11-28 22:00:00,50,2,0,True,0.82786494,0.00083045015,0.17130457
290441,2022-12-01 20:00:00,227,2,2,False,0.09706625,0.00046238423,0.9024714
156447,2022-11-25 06:00:00,56,2,0,True,0.5781577,0.00087446393,0.42096782
58662,2022-11-02 08:00:00,173,0,0,False,0.99583083,0.0031821395,0.0009870419
114726,2022-11-14 19:00:00,246,0,0,False,0.9942141,0.0054809847,0.00030487627
209920,2022-12-11 11:00:00,125,2,2,False,0.081626,0.00035461347,0.9180194
108209,2022-11-11 09:00:00,237,1,1,False,0.11996302,0.87980926,0.00022772205
223622,2022-12-11 14:00:00,142,1,1,False,0.0011120136,0.9988172,7.081498e-05
41645,2022-11-08 10:00:00,151,2,2,False,0.42703632,0.0010586652,0.571905
106155,2022-11-15 04:00:00,234,2,2,False,0.025967086,0.00023877335,0.9737941
237454,2022-12-17 12:00:00,16,1,1,False,0.0033376433,0.99647766,0.00018467371
121042,2022-11-09 20:00:00,254,1,1,False,0.4687322,0.5306614,0.00060639007
102513,2022-11-12 09:00:00,229,0,0,False,0.99820423,0.00083786226,0.00095787167
175890,2022-11-01 00:00:00,83,0,0,False,0.98672915,0.0011488033,0.012122007
269916,2022-12-18 05:00:00,20,1,1,False,0.0038869893,0.9958919,0.00022102139
102185,2022-11-28 12:00:00,228,1,1,False,0.31558436,0.6841419,0.0002738238
328021,2022-12-05 12:00:00,33,2,2,False,0.083043866,0.0004315646,0.9165245
39387,2022-11-03 17:00:00,149,0,0,False,0.533854,0.4657393,0.00040667786
52685,2022-11-21 15:00:00,165,2,2,False,0.13696623,0.0018605341,0.8611732
207484,2022-12-31 01:00:00,121,0,0,False,0.9818355,0.00032002956,0.017844489
322884,2022-12-01 18:00:00,270,1,1,False,0.074587286,0.92524326,0.00016940055
33473,2022-11-25 12:00:00,140,0,0,False,0.993133,0.0065013864,0.0003656695
241841,2022-12-20 14:00:00,165,2,0,True,0.8454286,0.0042845868,0.15028682
332221,2022-12-31 05:00:00,38,1,1,False,0.0041435533,0.9957041,0.00015233464
11279,2022-11-24 07:00:00,112,1,0,True,0.7921636,0.20728408,0.0005523159
10405,2022-11-17 16:00:00,111,0,0,False,0.9957742,0.0025182622,0.0017075782
52752,2022-11-24 10:00:00,165,2,2,False,0.12835643,0.0015636521,0.8700799
264317,2022-12-25 19:00:00,193,0,0,False,0.99687994,0.0028364926,0.0002835592
302583,2022-12-28 00:00:00,243,2,2,False,0.06631527,0.00045817805,0.9332265
91252,2022-11-19 20:00:00,213,1,1,False,0.18923475,0.8104755,0.00028970564
340149,2022-12-31 02:00:00,48,2,2,False,0.0473606,0.0003458301,0.9522935
65300,2022-11-11 00:00:00,181,2,0,True,0.95846015,0.0007912086,0.04074862
7492,2022-11-15 11:00:00,108,2,2,False,0.11652006,0.00061623496,0.8828637
366375,2022-12-11 09:00:00,83,2,2,False,0.36050704,0.0006389949,0.63885397
90245,2022-11-07 14:00:00,212,0,0,False,0.8258087,0.17379358,0.0003977153
287238,2022-12-19 10:00:00,222,2,2,False,0.32048672,0.00093333353,0.6785799
330668,2022-12-26 14:00:00,36,2,0,True,0.7680139,0.0016124742,0.2303736
69592,2022-11-11 02:00:00,187,2,2,False,0.05574264,0.00034398603,0.94391334
6376,2022-11-28 13:00:00,106,1,1,False,0.0011520507,0.9987789,6.912179e-05
307126,2022-12-06 02:00:00,25,1,1,False,0.13535422,0.8644679,0.00017784952
90543,2022-11-20 02:00:00,212,0,0,False,0.9079269,0.09192493,0.00014818792
245375,2022-12-16 17:00:00,17,0,0,False,0.94407004,0.05556732,0.00036262692
167608,2022-11-13 15:00:00,72,2,2,False,0.37212315,0.0008930981,0.62698376
90537,2022-11-19 20:00:00,212,1,1,False,0.12879807,0.8710333,0.00016861458
72364,2022-11-07 08:00:00,190,0,0,False,0.99246573,0.0048349546,0.0026992913
269893,2022-12-16 21:00:00,20,1,1,False,0.0010231655,0.9989184,5.8479487e-05
252396,2022-12-08 20:00:00,179,2,2,False,0.10982598,0.00042342706,0.8897506
112897,2022-11-27 23:00:00,243,2,0,True,0.51365614,0.00077028986,0.48557356
280122,2022-12-23 10:00:00,212,0,0,False,0.9880348,0.011335904,0.000629344
35020,2022-11-30 09:00:00,142,1,1,False,0.0010970017,0.9988263,7.664966e-05
180729,2022-11-24 02:00:00,89,1,1,False,0.0010980782,0.9988248,7.717715e-05
100410,2022-11-14 03:00:00,226,2,2,False,0.033368174,0.00026517906,0.9663667
39596,2022-11-12 12:00:00,149,2,0,True,0.9323813,0.0007190832,0.06689961
201259,2022-12-11 02:00:00,114,1,1,False,0.03824,0.961651,0.00010894148
151129,2022-11-12 05:00:00,5,0,0,False,0.8790666,0.1207147,0.00021876342
211940,2022-12-05 12:00:00,128,0,0,False,0.99010617,0.009274335,0.0006194959
62969,2022-11-03 04:00:00,179,0,0,False,0.9933717,0.00048759027,0.0061406284
151798,2022-11-10 07:00:00,50,0,0,False,0.9869098,0.012295709,0.0007944746
331294,2022-12-22 15:00:00,37,0,0,False,0.9668825,0.032718938,0.00039851395
303486,2022-12-04 15:00:00,245,1,1,False,0.0010915357,0.998836,7.246291e-05
62493,2022-11-13 05:00:00,178,2,2,False,0.04379476,0.00029681405,0.9559084
45626,2022-11-25 10:00:00,156,1,1,False,0.0010631601,0.99887043,6.636907e-05
95239,2022-11-07 03:00:00,219,0,1,True,0.11978396,0.8800456,0.00017039753
100408,2022-11-14 01:00:00,226,2,2,False,0.16139098,0.00049448357,0.83811456
71972,2022-11-20 21:00:00,19,0,0,False,0.92413384,0.075474106,0.0003920499
287803,2022-12-12 02:00:00,223,0,0,False,0.9979797,0.0005742984,0.0014460107
272649,2022-12-11 13:00:00,203,1,0,True,0.7841595,0.2156024,0.00023811245
103122,2022-11-07 21:00:00,230,2,2,False,0.1777476,0.000622929,0.8216295
76239,2022-11-19 22:00:00,195,2,2,False,0.30926296,0.0007374025,0.6899996
123571,2022-11-25 20:00:00,258,0,0,False,0.9977155,0.0020002797,0.0002842744
40108,2022-11-03 23:00:00,15,1,1,False,0.2684346,0.7313785,0.00018685595
176030,2022-11-06 23:00:00,83,2,2,False,0.13437007,0.0006031139,0.86502683
150346,2022-11-09 09:00:00,49,2,2,False,0.200359,0.00069026044,0.79895073
197852,2022-12-20 04:00:00,11,1,1,False,0.025034966,0.974841,0.00012404549
331015,2022-12-10 02:00:00,37,1,1,False,0.0010795244,0.9988469,7.362436e-05
27306,2022-11-06 19:00:00,133,2,2,False,0.44746777,0.0009707509,0.5515615
365806,2022-12-18 02:00:00,82,2,0,True,0.5378817,0.0008613315,0.461257
354854,2022-12-12 00:00:00,67,0,0,False,0.95954543,0.040209703,0.00024482433
74535,2022-11-08 10:00:00,193,1,1,False,0.11684671,0.8830188,0.00013450529
119300,2022-11-26 15:00:00,251,0,0,False,0.9389505,0.060325574,0.00072395796
171166,2022-11-12 22:00:00,77,2,0,True,0.5789131,0.00082357734,0.42026332
130955,2022-11-05 17:00:00,268,0,0,False,0.98680997,0.012853107,0.00033687524
175487,2022-11-14 05:00:00,82,2,2,False,0.040789597,0.0003646997,0.9588457
130364,2022-11-10 23:00:00,267,1,1,False,0.19046652,0.80932796,0.00020555046
95815,2022-11-01 05:00:00,220,2,2,False,0.08217655,0.00048901595,0.91733444
346368,2022-12-19 18:00:00,56,2,2,False,0.4255843,0.000882313,0.5735334
322883,2022-12-01 17:00:00,270,1,1,False,0.391008,0.6087635,0.00022852264
145975,2022-11-05 22:00:00,43,2,2,False,0.3934877,0.0011588507,0.6053535
112536,2022-11-12 22:00:00,243,2,2,False,0.108936496,0.00042999763,0.8906335
311098,2022-12-22 07:00:00,254,1,1,False,0.22688258,0.7728656,0.00025187084
361813,2022-12-01 13:00:00,78,0,0,False,0.9848439,0.013357349,0.0017987378
51698,2022-11-10 07:00:00,164,0,0,False,0.9862963,0.013287087,0.0004165702
338371,2022-12-16 04:00:00,46,2,2,False,0.05218517,0.00045911522,0.9473557
216880,2022-12-01 01:00:00,134,0,0,False,0.9933488,0.004798381,0.0018528461
346992,2022-12-14 21:00:00,57,2,2,False,0.12595515,0.0006151311,0.8734298
101334,2022-11-22 20:00:00,227,2,0,True,0.9853456,0.0006368829,0.0140174385
162061,2022-11-20 20:00:00,63,0,0,False,0.9449175,0.05447577,0.0006067757
116757,2022-11-10 01:00:00,249,0,0,False,0.9747014,0.025081962,0.0002166604
74498,2022-11-06 21:00:00,193,0,0,False,0.97765213,0.0221223,0.00022556476
69360,2022-11-01 05:00:00,187,2,2,False,0.09751022,0.0005381804,0.9019516
309963,2022-12-04 03:00:00,253,0,0,False,0.99781597,0.0011228138,0.0010612627
201271,2022-12-11 14:00:00,114,1,1,False,0.28442198,0.71535295,0.00022507056
175650,2022-11-21 00:00:00,82,2,2,False,0.05723577,0.00034251675,0.94242173
17034,2022-11-25 18:00:00,12,0,0,False,0.9244978,0.075015225,0.0004869835
270511,2022-12-12 14:00:00,200,0,0,False,0.9975177,0.0022611194,0.00022125302
156800,2022-11-10 04:00:00,57,1,1,False,0.04827529,0.9516039,0.000120782424
35281,2022-11-11 11:00:00,143,1,1,False,0.001016565,0.998922,6.146953e-05
370756,2022-12-13 16:00:00,89,1,1,False,0.0010753259,0.9988539,7.079219e-05
280338,2022-12-01 11:00:00,213,1,1,False,0.25520775,0.74448735,0.0003049088
292269,2022-12-18 07:00:00,229,2,2,False,0.17295234,0.0005984061,0.8264493
204440,2022-12-24 09:00:00,118,0,0,False,0.9792275,0.020260885,0.00051159115
360422,2022-12-03 16:00:00,76,2,0,True,0.9367251,0.0013135137,0.061961412
69697,2022-11-15 11:00:00,187,0,0,False,0.9968845,0.0013137703,0.0018016282
368952,2022-12-29 13:00:00,86,1,0,True,0.8248654,0.17493339,0.00020120884
234239,2022-12-03 08:00:00,156,1,1,False,0.001056085,0.99887437,6.9495654e-05
40629,2022-11-25 18:00:00,15,0,0,False,0.98428124,0.0009147369,0.014803978
104862,2022-11-20 21:00:00,232,2,0,True,0.83067673,0.0014291144,0.16789414
290699,2022-12-12 14:00:00,227,2,2,False,0.09927919,0.00042603162,0.9002948
59484,2022-11-06 22:00:00,174,2,0,True,0.5268107,0.0011307221,0.47205856
215906,2022-12-21 11:00:00,132,2,0,True,0.8897061,0.0006410118,0.10965294
156877,2022-11-13 09:00:00,57,0,0,False,0.9705729,0.028673325,0.000753834
147263,2022-11-29 21:00:00,44,2,2,False,0.45695442,0.0009898369,0.5420557
362232,2022-12-19 20:00:00,78,0,0,False,0.9802627,0.01741168,0.0023256405
368318,2022-12-02 05:00:00,86,0,0,False,0.9897063,0.009930958,0.00036279004
352899,2022-12-21 14:00:00,64,1,0,True,0.7131705,0.28471628,0.002113145
359487,2022-12-25 17:00:00,74,2,0,True,0.9814074,0.0006352551,0.017957421
259416,2022-12-31 21:00:00,187,0,0,False,0.9939859,0.00463336,0.0013807612
55863,2022-11-05 00:00:00,17,2,0,True,0.9591794,0.002345241,0.038475376
80687,2022-11-26 12:00:00,20,1,1,False,0.0010929609,0.99884003,6.701278e-05
112534,2022-11-12 20:00:00,243,2,2,False,0.1268442,0.0006306762,0.87252516
96812,2022-11-13 04:00:00,221,2,2,False,0.064930215,0.00034579396,0.93472403
85685,2022-11-26 05:00:00,206,1,1,False,0.05674457,0.9431343,0.000121079574
63931,2022-11-13 13:00:00,18,1,1,False,0.10485499,0.89474887,0.0003960899
82981,2022-11-02 20:00:00,203,1,1,False,0.28050318,0.7192531,0.00024370078
161715,2022-11-06 08:00:00,63,0,0,False,0.88312644,0.116597064,0.00027651244
176056,2022-11-08 01:00:00,83,2,2,False,0.116369635,0.0005922264,0.88303816
280817,2022-12-22 08:00:00,213,0,0,False,0.86164916,0.13579565,0.0025551997
144620,2022-11-09 03:00:00,41,2,0,True,0.65163195,0.0009782526,0.3473898
12429,2022-11-12 15:00:00,114,0,0,False,0.89336157,0.10631679,0.00032165291
236074,2022-12-20 15:00:00,158,0,0,False,0.9951727,0.003863691,0.0009636441
42554,2022-11-16 14:00:00,152,2,2,False,0.16480242,0.0019422825,0.83325535
145714,2022-11-24 22:00:00,42,2,2,False,0.20104405,0.00063814886,0.79831785
94979,2022-11-26 04:00:00,218,1,0,True,0.7054079,0.29436138,0.00023070612
280197,2022-12-26 13:00:00,212,1,1,False,0.3103058,0.68936706,0.00032716946
224117,2022-12-02 04:00:00,143,1,1,False,0.0010544785,0.99888164,6.388636e-05
371084,2022-12-28 06:00:00,89,1,1,False,0.0010768846,0.99884856,7.452759e-05
98813,2022-11-07 02:00:00,224,2,2,False,0.08169542,0.00038725004,0.9179174
8769,2022-11-09 02:00:00,11,0,0,False,0.98259246,0.017043067,0.000364463
309084,2022-12-28 12:00:00,251,1,0,True,0.6573658,0.34233826,0.000295929
180523,2022-11-15 12:00:00,89,1,1,False,0.0010656295,0.9988649,6.947869e-05
157442,2022-11-07 01:00:00,58,0,0,False,0.81982785,0.17995323,0.0002189644
35055,2022-11-01 20:00:00,143,1,1,False,0.001038452,0.99889684,6.4728876e-05
180128,2022-11-28 20:00:00,88,0,0,False,0.99788684,0.0011968731,0.0009162474
32972,2022-11-04 13:00:00,140,0,0,False,0.9959823,0.0028666484,0.0011510346
171193,2022-11-14 01:00:00,77,2,2,False,0.067643166,0.00045150652,0.9319053
211,2022-11-10 00:00:00,1,0,0,False,0.9975706,0.0014196581,0.0010097455
146027,2022-11-08 02:00:00,43,2,2,False,0.1263884,0.0007257436,0.8728859
296216,2022-12-02 03:00:00,235,2,2,False,0.08625628,0.00048982236,0.9132539
376082,2022-12-26 05:00:00,95,0,0,False,0.98697215,0.01295174,7.607965e-05
261247,2022-12-17 12:00:00,19,1,0,True,0.63562894,0.36392257,0.00044847882
223357,2022-12-31 12:00:00,141,0,0,False,0.9526623,0.046969064,0.0003686496
304047,2022-12-28 22:00:00,245,1,1,False,0.0010012365,0.99893564,6.309406e-05
309623,2022-12-20 22:00:00,252,0,0,False,0.9949285,0.0025259845,0.0025456117
230775,2022-12-09 05:00:00,151,0,0,False,0.9981787,0.0006902629,0.0011309864
236025,2022-12-18 01:00:00,158,1,1,False,0.147706,0.8520598,0.00023417827
121771,2022-11-10 10:00:00,256,2,0,True,0.60323673,0.0011256599,0.39563757
370739,2022-12-12 23:00:00,89,1,1,False,0.001053084,0.9988783,6.86051e-05
36804,2022-11-15 08:00:00,145,2,0,True,0.83331954,0.011067039,0.15561345
223838,2022-12-21 12:00:00,142,1,1,False,0.0032674735,0.9965313,0.00020127928
34389,2022-11-04 00:00:00,142,1,1,False,0.0010711808,0.9988651,6.375858e-05
296597,2022-12-18 09:00:00,235,2,2,False,0.20758149,0.0005332372,0.7918853
324550,2022-12-11 02:00:00,29,1,1,False,0.0010353738,0.99889463,6.9967624e-05
365458,2022-12-03 05:00:00,82,2,2,False,0.09490055,0.00046999563,0.90462947
209915,2022-12-11 06:00:00,125,2,2,False,0.14143285,0.00044106093,0.85812604
357790,2022-12-14 04:00:00,72,1,1,False,0.001155834,0.9987606,8.3545114e-05
151295,2022-11-19 03:00:00,5,1,0,True,0.9131554,0.08657941,0.0002651377
361459,2022-12-16 20:00:00,77,2,2,False,0.21309528,0.00071011693,0.7861946
362156,2022-12-15 20:00:00,78,0,0,False,0.991529,0.007113665,0.0013573903
62492,2022-11-13 04:00:00,178,2,2,False,0.08046164,0.0004175318,0.91912085
254602,2022-12-10 15:00:00,181,0,0,False,0.9942222,0.0040673483,0.0017104369
119296,2022-11-26 11:00:00,251,1,1,False,0.17565186,0.82415634,0.00019177362
303500,2022-12-05 05:00:00,245,1,1,False,0.0010473699,0.99888617,6.646595e-05
185925,2022-11-02 01:00:00,96,1,1,False,0.001063558,0.9988637,7.2781295e-05
295453,2022-12-31 08:00:00,233,2,0,True,0.539463,0.0008853952,0.45965162
226653,2022-12-18 02:00:00,146,0,0,False,0.99762815,0.0017184058,0.00065344264
145220,2022-11-04 06:00:00,42,2,2,False,0.20042568,0.0006598717,0.79891443
332108,2022-12-26 12:00:00,38,1,1,False,0.00097593287,0.9989588,6.5193824e-05
85316,2022-11-10 20:00:00,206,1,0,True,0.9446722,0.054788064,0.0005396804
338915,2022-12-08 19:00:00,47,1,0,True,0.8863624,0.11334316,0.00029450128
54774,2022-11-19 07:00:00,168,0,0,False,0.9848577,0.0009637996,0.014178575
13038,2022-11-08 03:00:00,115,1,1,False,0.03586652,0.9640257,0.00010782251
173492,2022-11-20 11:00:00,8,0,1,True,0.27063566,0.72899175,0.00037258526
141668,2022-11-05 05:00:00,38,0,0,False,0.97531664,0.023916908,0.00076636346
95955,2022-11-07 04:00:00,220,2,2,False,0.041172452,0.00033340923,0.95849407
299743,2022-12-29 20:00:00,239,0,0,False,0.9969633,0.0027297914,0.00030692937
202753,2022-12-13 06:00:00,116,2,2,False,0.24676359,0.00054188236,0.7526945
41689,2022-11-10 08:00:00,151,2,0,True,0.98333675,0.0024145872,0.014248608
105286,2022-11-08 18:00:00,233,2,2,False,0.29480684,0.0008421054,0.70435107
29955,2022-11-27 21:00:00,136,2,2,False,0.22898538,0.00048990553,0.7705247
348687,2022-12-26 08:00:00,59,0,0,False,0.9965718,0.0014833581,0.0019449049
323981,2022-12-17 19:00:00,28,1,1,False,0.0030320738,0.996781,0.00018690748
348715,2022-12-27 12:00:00,59,2,0,True,0.7994029,0.0010443111,0.19955274
57875,2022-11-29 08:00:00,171,0,0,False,0.943216,0.055840585,0.0009433469
114153,2022-11-20 17:00:00,245,1,1,False,0.0010514673,0.99887055,7.799446e-05
15720,2022-11-30 14:00:00,118,2,0,True,0.53924364,0.00074145186,0.46001488
196057,2022-12-04 15:00:00,108,0,0,False,0.99731904,0.001711908,0.00096904696
1420,2022-11-30 14:00:00,10,1,0,True,0.84289193,0.15680212,0.00030594977
269314,2022-12-23 17:00:00,2,1,1,False,0.0038975724,0.9959817,0.00012070678
258588,2022-12-27 10:00:00,186,0,0,False,0.99156475,0.0017214385,0.0067137615
211396,2022-12-12 21:00:00,127,0,0,False,0.9375801,0.062206637,0.00021330707
65489,2022-11-18 21:00:00,181,0,0,False,0.89825034,0.0011742349,0.100575425
303625,2022-12-10 10:00:00,245,1,1,False,0.0010546977,0.9988772,6.8122696e-05
80138,2022-11-03 13:00:00,20,1,1,False,0.0032135218,0.99659413,0.00019234931
6305,2022-11-25 14:00:00,106,1,1,False,0.0011485709,0.9987889,6.257871e-05
142182,2022-11-26 17:00:00,38,1,1,False,0.0031477055,0.9967458,0.00010645037
112526,2022-11-12 12:00:00,243,2,0,True,0.6561535,0.00085700967,0.34298953
105730,2022-11-27 06:00:00,233,2,2,False,0.04627314,0.00031054326,0.95341635
231655,2022-12-15 20:00:00,152,0,0,False,0.9964379,0.00314904,0.0004131164
95212,2022-11-06 00:00:00,219,0,0,False,0.9948723,0.0024629922,0.0026647137
73385,2022-11-20 04:00:00,191,1,1,False,0.13051882,0.8693022,0.00017892939
336419,2022-12-25 21:00:00,43,0,0,False,0.9921278,0.0049505555,0.0029217277
19416,2022-11-05 18:00:00,123,2,0,True,0.5158367,0.0010294925,0.4831338
184120,2022-11-16 10:00:00,93,2,2,False,0.12582842,0.0006081209,0.87356347
84722,2022-11-15 21:00:00,205,0,0,False,0.98035216,0.0007686631,0.018879103
30215,2022-11-08 22:00:00,137,0,0,False,0.91108555,0.088546515,0.00036794457
107013,2022-11-21 03:00:00,235,2,2,False,0.07639238,0.00042818053,0.9231794
181064,2022-11-08 04:00:00,9,0,1,True,0.031071268,0.96880263,0.00012612018
185769,2022-11-25 13:00:00,95,2,2,False,0.26024017,0.0008635598,0.73889625
104937,2022-11-24 00:00:00,232,2,2,False,0.08479046,0.00047238026,0.91473716
176392,2022-11-22 03:00:00,83,0,0,False,0.99442214,0.0004573578,0.0051204893
190458,2022-12-11 16:00:00,100,0,0,False,0.99739516,0.0018881981,0.0007166002
146522,2022-11-28 19:00:00,43,2,0,True,0.8973659,0.00094247475,0.10169162
16658,2022-11-10 02:00:00,12,0,0,False,0.9944115,0.0053578774,0.00023063367
178761,2022-11-01 11:00:00,87,1,1,False,0.003153957,0.9967986,4.744784e-05
115882,2022-11-03 07:00:00,248,1,0,True,0.6990472,0.30046102,0.0004917255
378090,2022-12-19 16:00:00,98,1,0,True,0.8211413,0.1785301,0.00032862535
39401,2022-11-04 07:00:00,149,0,0,False,0.6202187,0.3793379,0.00044342087
19031,2022-11-19 14:00:00,122,1,1,False,0.3173846,0.6823985,0.00021693239
336201,2022-12-15 21:00:00,43,2,2,False,0.17511116,0.0008704144,0.8240184
176689,2022-11-04 15:00:00,84,2,0,True,0.63738865,0.0015348515,0.36107653
90528,2022-11-19 11:00:00,212,1,1,False,0.30720812,0.69255054,0.00024134749
230915,2022-12-15 01:00:00,151,0,0,False,0.9979164,0.0014154705,0.0006681435
207271,2022-12-22 04:00:00,121,0,0,False,0.9981675,0.0014533413,0.00037908045
112546,2022-11-13 08:00:00,243,2,2,False,0.05716464,0.00035542995,0.94247997
255505,2022-12-19 01:00:00,182,2,2,False,0.10404174,0.00047343,0.8954848
150304,2022-11-07 13:00:00,49,0,0,False,0.9825815,0.013421743,0.003996678
36505,2022-11-02 19:00:00,145,0,0,False,0.5994456,0.4001359,0.00041850476
308289,2022-12-25 10:00:00,250,1,1,False,0.1122545,0.88758665,0.0001588893
36186,2022-11-19 09:00:00,144,1,0,True,0.93813795,0.061695915,0.00016616042
77177,2022-11-29 05:00:00,196,0,0,False,0.9986297,0.0007751459,0.0005952101
43060,2022-11-07 19:00:00,153,1,1,False,0.3640813,0.6352868,0.0006318735
330404,2022-12-14 16:00:00,36,2,0,True,0.9092147,0.0012701293,0.08951519
259971,2022-12-24 23:00:00,188,2,2,False,0.1854454,0.000523176,0.8140315
48702,2022-11-04 13:00:00,160,0,0,False,0.99496585,0.0036319338,0.0014021728
128916,2022-11-10 05:00:00,265,0,0,False,0.9964043,0.003399349,0.00019633923
216472,2022-12-14 02:00:00,133,0,0,False,0.98609966,0.0002956918,0.013604633
111231,2022-11-18 03:00:00,241,2,2,False,0.11329512,0.00051527354,0.88618964
271244,2022-12-13 02:00:00,201,0,0,False,0.9951454,0.0005341944,0.0043204413
62614,2022-11-18 06:00:00,178,2,2,False,0.1372473,0.00049409136,0.8622586
209649,2022-12-31 03:00:00,124,1,1,False,0.15045801,0.8492902,0.00025178134
284721,2022-12-03 20:00:00,219,2,2,False,0.29567984,0.00069791556,0.7036223
7159,2022-11-01 09:00:00,108,1,0,True,0.87978476,0.11976118,0.0004540467
236106,2022-12-21 23:00:00,158,0,0,False,0.9949891,0.004772758,0.00023807165
336007,2022-12-07 19:00:00,43,2,2,False,0.24304289,0.0008631155,0.756094
150317,2022-11-08 02:00:00,49,2,0,True,0.77815425,0.00092617015,0.2209196
209025,2022-12-04 05:00:00,124,1,1,False,0.038832676,0.96106434,0.00010295347
323660,2022-12-04 01:00:00,28,1,1,False,0.0009890475,0.99894446,6.652487e-05
366110,2022-12-31 07:00:00,82,2,2,False,0.37802973,0.0007149959,0.6212553
168319,2022-11-13 11:00:00,73,2,0,True,0.94373184,0.0012781111,0.05498999
109085,2022-11-18 02:00:00,238,2,2,False,0.07829777,0.0005036168,0.92119867
6414,2022-11-30 03:00:00,106,1,1,False,0.0011126641,0.9988188,6.844078e-05
257461,2022-12-09 14:00:00,185,2,2,False,0.23383154,0.00057558005,0.7655929
221852,2022-12-28 21:00:00,14,0,0,False,0.9654229,0.03425981,0.0003172965
348059,2022-12-30 05:00:00,58,1,1,False,0.07975886,0.9200338,0.00020732015
67501,2022-11-13 08:00:00,184,2,2,False,0.14843996,0.000569151,0.8509909
140402,2022-11-12 03:00:00,36,1,0,True,0.75652343,0.2430832,0.00039337683
235669,2022-12-02 20:00:00,158,0,1,True,0.42038867,0.57935387,0.0002574978
332237,2022-12-31 21:00:00,38,1,1,False,0.0009931354,0.9989465,6.036768e-05
158309,2022-11-13 11:00:00,59,1,1,False,0.31783372,0.6818412,0.00032506848
132071,2022-11-22 12:00:00,269,0,0,False,0.9787936,0.0007607474,0.020445624
184927,2022-11-20 06:00:00,94,1,1,False,0.054104555,0.9457886,0.000106783176
181086,2022-11-09 04:00:00,9,1,1,False,0.03486905,0.9649506,0.00018038071
64320,2022-11-29 18:00:00,18,1,1,False,0.36675334,0.6329445,0.000302185
34606,2022-11-13 03:00:00,142,1,1,False,0.0010703729,0.99886215,6.748205e-05
8732,2022-11-07 11:00:00,11,2,0,True,0.6786511,0.0012602567,0.32008862
272702,2022-12-13 18:00:00,203,0,0,False,0.98692954,0.012498858,0.0005716422
39313,2022-11-30 12:00:00,148,1,0,True,0.5171989,0.48255283,0.00024824953
67058,2022-11-24 16:00:00,183,0,0,False,0.9340154,0.06533805,0.0006465029
248953,2022-12-15 14:00:00,174,0,0,False,0.9859665,0.013838239,0.00019529212
65416,2022-11-15 20:00:00,181,2,0,True,0.5900587,0.0010351324,0.40890616
83096,2022-11-07 15:00:00,203,0,0,False,0.6752127,0.32456174,0.00022559112
280001,2022-12-17 20:00:00,212,1,1,False,0.3108456,0.6887942,0.00036019535
249098,2022-12-22 13:00:00,174,1,1,False,0.0010295887,0.9988986,7.1717506e-05
65301,2022-11-11 01:00:00,181,2,2,False,0.097774565,0.00047235863,0.9017531
332564,2022-12-14 13:00:00,39,0,0,False,0.9968706,0.0009876023,0.0021418745
52338,2022-11-07 02:00:00,165,1,1,False,0.029792247,0.9699103,0.00029741897
346630,2022-12-30 18:00:00,56,2,2,False,0.41743296,0.0008127023,0.5817543
317680,2022-12-26 04:00:00,263,0,0,False,0.99729437,0.0024968418,0.00020882138
345758,2022-12-24 11:00:00,55,0,0,False,0.9769081,0.00068052625,0.02241137
364623,2022-12-29 10:00:00,80,0,0,False,0.9858942,0.01376534,0.0003404536
69680,2022-11-14 18:00:00,187,2,2,False,0.47216275,0.00084056833,0.5269967
259981,2022-12-25 09:00:00,188,0,0,False,0.9927505,0.0004219181,0.006827494
30499,2022-11-20 18:00:00,137,0,0,False,0.9959311,0.003864464,0.00020439446
255188,2022-12-05 00:00:00,182,2,2,False,0.10303526,0.0003696584,0.89659506
186304,2022-11-18 01:00:00,96,1,1,False,0.0403686,0.9595002,0.00013115324
12949,2022-11-04 10:00:00,115,2,2,False,0.3713336,0.0009865471,0.6276799
304054,2022-12-29 05:00:00,245,1,1,False,0.0010578868,0.99886715,7.497203e-05
101502,2022-11-29 20:00:00,227,2,2,False,0.34649482,0.00090823666,0.6525969
7303,2022-11-07 12:00:00,108,2,0,True,0.7366294,0.0010693681,0.26230118
173162,2022-11-06 15:00:00,8,1,1,False,0.13566469,0.8640592,0.00027612207
113036,2022-11-03 21:00:00,244,2,2,False,0.36389872,0.0007195675,0.6353817
23635,2022-11-02 19:00:00,129,2,2,False,0.4042887,0.0008128706,0.5948984
35377,2022-11-15 11:00:00,143,1,1,False,0.001070228,0.99886036,6.9451606e-05
224493,2022-12-18 05:00:00,143,1,1,False,0.003974984,0.99580044,0.0002245807
249328,2022-12-01 04:00:00,175,2,2,False,0.12012335,0.00061275443,0.8792639
152152,2022-11-25 01:00:00,50,0,0,False,0.9081281,0.00070841156,0.091163546
188008,2022-11-29 11:00:00,98,0,0,False,0.99759126,0.00086265267,0.0015461195
264618,2022-12-07 09:00:00,194,1,1,False,0.24186525,0.7578538,0.00028097178
45514,2022-11-20 18:00:00,156,0,0,False,0.9875908,0.012066428,0.00034273558
257314,2022-12-03 11:00:00,185,0,0,False,0.9930058,0.0020881114,0.0049061077
296554,2022-12-16 05:00:00,235,2,2,False,0.048832737,0.0003377237,0.9508295
108987,2022-11-14 00:00:00,238,0,0,False,0.99044913,0.00045706576,0.009093748
105227,2022-11-06 05:00:00,233,2,2,False,0.05900548,0.00036207365,0.9406324
138739,2022-11-02 05:00:00,34,0,0,False,0.9834517,0.016482096,6.617288e-05
28070,2022-11-08 22:00:00,134,2,2,False,0.14195912,0.0007582741,0.8572826
94241,2022-11-25 05:00:00,217,0,0,False,0.992168,0.0076772585,0.00015474811
189312,2022-12-24 22:00:00,1,1,1,False,0.0010303763,0.99890506,6.451974e-05
173005,2022-11-29 23:00:00,79,2,0,True,0.67929757,0.0011190946,0.3195834
171586,2022-11-30 10:00:00,77,0,0,False,0.97438,0.024927812,0.00069216714
144020,2022-11-13 22:00:00,40,2,2,False,0.22444922,0.0006363682,0.7749144
110951,2022-11-06 09:00:00,241,2,0,True,0.8873526,0.0010501646,0.1115972
247929,2022-12-02 23:00:00,173,1,1,False,0.25230554,0.7474544,0.00024013389
129065,2022-11-16 10:00:00,265,2,2,False,0.34421623,0.0010025988,0.65478116
60391,2022-11-15 00:00:00,175,2,2,False,0.20182289,0.00082430284,0.79735285
247539,2022-12-16 18:00:00,172,0,0,False,0.8220991,0.00086824957,0.17703268
52364,2022-11-08 04:00:00,165,1,1,False,0.024365716,0.975266,0.00036833188
298183,2022-12-24 22:00:00,237,2,2,False,0.07079731,0.00035583694,0.92884684
180218,2022-11-02 14:00:00,89,1,1,False,0.001119244,0.99881184,6.887796e-05
281237,2022-12-08 21:00:00,214,0,0,False,0.9828792,0.0015348885,0.015585883
50631,2022-11-25 10:00:00,162,2,2,False,0.16642362,0.00064806925,0.83292824
113029,2022-11-03 14:00:00,244,0,0,False,0.99196786,0.0063717123,0.0016604026
32039,2022-11-25 08:00:00,139,0,0,False,0.846038,0.15151316,0.0024488647
378705,2022-12-14 10:00:00,99,2,0,True,0.88506275,0.0019684602,0.11296876
27706,2022-11-23 13:00:00,133,0,0,False,0.9708567,0.028781071,0.0003622393
259949,2022-12-24 01:00:00,188,0,0,False,0.998396,0.00053408364,0.0010699524
374585,2022-12-23 22:00:00,93,1,1,False,0.104479976,0.89537823,0.00014183519
262161,2022-12-26 02:00:00,190,0,0,False,0.9926496,0.0072330344,0.000117354204
69665,2022-11-14 03:00:00,187,2,2,False,0.06873614,0.00040265484,0.9308612
50562,2022-11-22 13:00:00,162,2,0,True,0.62599695,0.0010229324,0.37298012
275554,2022-12-12 10:00:00,207,0,0,False,0.8809416,0.11884864,0.00020974592
60348,2022-11-13 05:00:00,175,2,2,False,0.056311067,0.0004190024,0.9432699
252397,2022-12-08 21:00:00,179,2,2,False,0.059334833,0.00035146417,0.9403137
64549,2022-11-09 12:00:00,180,2,2,False,0.12000399,0.00052749965,0.8794685
27335,2022-11-08 00:00:00,133,2,2,False,0.29929823,0.0006240881,0.70007765
218093,2022-12-22 11:00:00,135,0,0,False,0.983555,0.0018788202,0.014566134
144548,2022-11-06 01:00:00,41,2,0,True,0.9559775,0.00054593495,0.043476567
153465,2022-11-20 04:00:00,52,0,0,False,0.98969346,0.0012186348,0.009087968
349200,2022-12-16 18:00:00,6,0,0,False,0.9650119,0.034598675,0.00038943195
367598,2022-12-02 06:00:00,85,2,0,True,0.6243113,0.00079304294,0.37489563
138906,2022-11-09 09:00:00,34,0,0,False,0.9682538,0.03151323,0.00023299523
101117,2022-11-13 19:00:00,227,2,2,False,0.1987912,0.00059149874,0.80061734
49534,2022-11-09 12:00:00,161,1,1,False,0.26855335,0.7311682,0.00027841228
286038,2022-12-29 14:00:00,220,0,0,False,0.99413306,0.0029016454,0.0029652705
135220,2022-11-04 16:00:00,3,1,0,True,0.6813777,0.3182567,0.00036554757
169242,2022-11-22 03:00:00,74,0,0,False,0.9982772,0.0010549707,0.0006678664
288168,2022-12-28 05:00:00,223,2,2,False,0.13405903,0.00054275367,0.8653982
185502,2022-11-14 10:00:00,95,2,2,False,0.15666625,0.0006435387,0.8426902
2084,2022-11-28 11:00:00,100,2,0,True,0.7486288,0.0011228377,0.25024834
96691,2022-11-08 01:00:00,221,2,2,False,0.049060043,0.00029508822,0.95064485
149315,2022-11-26 00:00:00,47,2,0,True,0.5489882,0.0011142044,0.44989756
158615,2022-11-26 05:00:00,59,0,0,False,0.6514185,0.34787148,0.00071002316
35588,2022-11-24 06:00:00,143,1,1,False,0.0010645869,0.99885786,7.760528e-05
346558,2022-12-27 18:00:00,56,2,0,True,0.5499026,0.00089298096,0.44920442
284667,2022-12-01 14:00:00,219,2,0,True,0.7815119,0.00086952647,0.21761857
220541,2022-12-03 09:00:00,139,0,0,False,0.9596114,0.040091444,0.00029718032
309940,2022-12-03 04:00:00,253,2,2,False,0.06061654,0.00040916994,0.9389743
254684,2022-12-14 01:00:00,181,2,2,False,0.034691975,0.00028588157,0.9650221
18000,2022-11-06 08:00:00,121,2,2,False,0.22631314,0.00045086455,0.773236
112519,2022-11-12 05:00:00,243,2,2,False,0.031234287,0.00026692316,0.9684988
48177,2022-11-12 13:00:00,16,1,1,False,0.0011774064,0.9987503,7.225121e-05
123135,2022-11-07 14:00:00,258,0,0,False,0.9940415,0.0055886125,0.00036984772
47441,2022-11-11 16:00:00,159,1,1,False,0.40827665,0.5912912,0.000432142
363720,2022-12-21 20:00:00,8,0,0,False,0.9861172,0.0030841033,0.010798669
83327,2022-11-17 08:00:00,203,1,1,False,0.004132873,0.99571806,0.00014905275
235011,2022-12-05 11:00:00,157,0,0,False,0.98498595,0.013842886,0.0011712282
145337,2022-11-09 05:00:00,42,2,2,False,0.04002338,0.00044163488,0.959535
121070,2022-11-11 00:00:00,254,0,0,False,0.9863711,0.013021668,0.000607245
313492,2022-12-31 22:00:00,258,0,0,False,0.9981019,0.0016307897,0.00026736048
340796,2022-12-28 00:00:00,49,2,2,False,0.09727048,0.00044960633,0.9022799
150994,2022-11-06 12:00:00,5,1,1,False,0.24252202,0.7571982,0.00027977416
103218,2022-11-11 23:00:00,230,2,0,True,0.9281616,0.0010748663,0.07076348
96098,2022-11-13 05:00:00,220,2,2,False,0.029019136,0.00024305534,0.97073776
120525,2022-11-18 02:00:00,253,2,2,False,0.104387134,0.0005743236,0.89503855
271072,2022-12-05 22:00:00,201,0,0,False,0.9875994,0.012188207,0.00021242433
328380,2022-12-21 09:00:00,33,2,0,True,0.7418741,0.00096921116,0.25715664
277879,2022-12-20 00:00:00,21,1,1,False,0.025280278,0.9746379,8.180563e-05
239493,2022-12-11 23:00:00,162,0,0,False,0.99783367,0.0016754235,0.00049095886
309185,2022-12-01 18:00:00,252,1,0,True,0.6748398,0.32480267,0.0003575812
197826,2022-12-19 02:00:00,11,1,1,False,0.10486649,0.89495116,0.00018240884
313383,2022-12-27 09:00:00,258,1,0,True,0.98636717,0.01344819,0.00018460445
16561,2022-11-05 23:00:00,12,0,0,False,0.9957229,0.0019972255,0.0022798171
224906,2022-12-05 00:00:00,144,0,0,False,0.99563223,0.004181397,0.00018635018
347882,2022-12-22 20:00:00,58,0,0,False,0.9175193,0.0023846596,0.08009609
127650,2022-11-17 01:00:00,263,0,0,False,0.99505687,0.004691005,0.00025210096
280754,2022-12-19 15:00:00,213,0,0,False,0.9636272,0.0356962,0.0006765918
159661,2022-11-10 05:00:00,60,0,0,False,0.9953875,0.0003780699,0.0042344364
340248,2022-12-04 06:00:00,49,1,0,True,0.8989017,0.10046296,0.0006353835
224108,2022-12-01 19:00:00,143,1,1,False,0.0010211974,0.9989166,6.219117e-05
168718,2022-11-30 02:00:00,73,0,0,False,0.99437815,0.005395127,0.00022665624
288343,2022-12-04 13:00:00,224,2,2,False,0.2695032,0.00052084116,0.729976
197427,2022-12-01 15:00:00,11,0,0,False,0.89548385,0.10416416,0.00035198036
301234,2022-12-31 21:00:00,241,2,2,False,0.22500575,0.0006330427,0.77436125
180841,2022-11-28 18:00:00,89,1,1,False,0.0010684361,0.99885917,7.24393e-05
366200,2022-12-04 02:00:00,83,2,0,True,0.8650886,0.00080684153,0.13410461
83017,2022-11-04 08:00:00,203,1,0,True,0.68767154,0.31163138,0.00069705734
269972,2022-12-21 02:00:00,20,1,1,False,0.0037604473,0.99601895,0.0002206048
371666,2022-12-22 11:00:00,9,2,2,False,0.1638356,0.00072095037,0.8354435
137303,2022-11-01 23:00:00,32,1,1,False,0.03838781,0.961478,0.00013423683
196973,2022-12-12 18:00:00,109,1,1,False,0.2757465,0.7239727,0.00028082286
62685,2022-11-21 05:00:00,178,2,2,False,0.032960255,0.00024709158,0.9667927
268213,2022-12-06 23:00:00,199,0,0,False,0.99663687,0.0013866039,0.0019765485
52896,2022-11-30 10:00:00,165,2,2,False,0.10345474,0.0016359416,0.8949093
341636,2022-12-02 00:00:00,50,2,2,False,0.15832251,0.0005336862,0.84114385
374270,2022-12-09 21:00:00,93,0,0,False,0.9979917,0.0007546009,0.0012537534
150987,2022-11-06 05:00:00,5,1,1,False,0.13557799,0.8642232,0.00019889731
365943,2022-12-24 08:00:00,82,2,0,True,0.5018943,0.0008588995,0.4972468
13780,2022-11-09 08:00:00,116,0,0,False,0.987722,0.0010924449,0.011185564
269601,2022-12-04 17:00:00,20,1,1,False,0.0011060429,0.9988236,7.031375e-05
173982,2022-11-11 02:00:00,80,2,2,False,0.091209166,0.00045245484,0.9083384
96243,2022-11-19 06:00:00,220,2,2,False,0.14468308,0.0007053847,0.8546116
259256,2022-12-25 05:00:00,187,2,2,False,0.04710343,0.00031100702,0.9525855
247463,2022-12-13 14:00:00,172,0,0,False,0.9891726,0.00052593683,0.010301488
240725,2022-12-03 05:00:00,164,1,1,False,0.047694996,0.9522058,9.919623e-05
131599,2022-11-02 18:00:00,269,0,0,False,0.98910207,0.00882448,0.002073478
151007,2022-11-07 01:00:00,5,1,1,False,0.0989779,0.9008806,0.00014153282
96093,2022-11-13 00:00:00,220,2,2,False,0.1203,0.0004894518,0.8792105
44255,2022-11-27 21:00:00,154,1,1,False,0.2509923,0.7487911,0.000216624
221108,2022-12-27 22:00:00,139,0,0,False,0.99277776,0.0067985305,0.0004237124
68058,2022-11-06 16:00:00,185,0,0,False,0.9503221,0.04827237,0.0014055347
330933,2022-12-06 16:00:00,37,1,1,False,0.0010436474,0.9988834,7.298243e-05
145289,2022-11-07 03:00:00,42,2,2,False,0.029770268,0.000284929,0.9699448
175436,2022-11-12 02:00:00,82,2,2,False,0.05716014,0.0003295571,0.94251025
150537,2022-11-17 08:00:00,49,1,1,False,0.4673536,0.5316859,0.00096047384
214995,2022-12-12 15:00:00,131,0,0,False,0.95800936,0.041715093,0.00027557704
214036,2022-12-02 17:00:00,130,0,0,False,0.9769915,0.0019634534,0.021045063
277767,2022-12-14 12:00:00,21,0,0,False,0.9970188,0.0019518789,0.0010293381
120506,2022-11-17 07:00:00,253,0,0,False,0.98621386,0.0027687987,0.011017329
68751,2022-11-05 18:00:00,186,0,0,False,0.94937015,0.0017018687,0.04892803
138219,2022-11-10 13:00:00,33,0,0,False,0.96244764,0.0018868328,0.03566552
146028,2022-11-08 03:00:00,43,2,2,False,0.060101613,0.0005207757,0.9393776
182795,2022-11-20 19:00:00,91,0,0,False,0.9452184,0.05414764,0.0006339964
101119,2022-11-13 21:00:00,227,2,2,False,0.0714121,0.00038578018,0.9282021
70506,2022-11-19 09:00:00,188,0,0,False,0.9959632,0.0011350926,0.002901679
200017,2022-12-20 06:00:00,112,0,0,False,0.99518025,0.0041060913,0.0007137022
156441,2022-11-25 00:00:00,56,2,0,True,0.5390759,0.0011326082,0.4597915
375185,2022-12-18 08:00:00,94,1,0,True,0.8773495,0.122359864,0.0002906564
224465,2022-12-16 16:00:00,143,1,1,False,0.0010087448,0.9989299,6.136189e-05
137878,2022-11-26 03:00:00,32,1,1,False,0.17934795,0.82041574,0.00023635846
278938,2022-12-03 05:00:00,211,0,0,False,0.98127985,0.018462565,0.0002576248
203457,2022-12-12 13:00:00,117,0,0,False,0.9852365,0.014550301,0.00021321532
117062,2022-11-22 18:00:00,249,1,1,False,0.19751146,0.80227286,0.00021573376
302243,2022-12-12 22:00:00,243,0,0,False,0.98357314,0.015271283,0.0011555348
106082,2022-11-12 03:00:00,234,2,2,False,0.059540678,0.00038297413,0.94007635
376048,2022-12-24 19:00:00,95,1,0,True,0.6863132,0.3133981,0.00028865226
86571,2022-11-03 11:00:00,208,1,0,True,0.8859546,0.11370215,0.00034325416
267515,2022-12-07 22:00:00,198,0,0,False,0.98368007,0.015971545,0.0003483795
14022,2022-11-19 10:00:00,116,2,0,True,0.5225785,0.00088905625,0.4765325
100433,2022-11-15 02:00:00,226,2,2,False,0.10408377,0.00049567595,0.89542055
324310,2022-12-01 02:00:00,29,1,1,False,0.0010400601,0.9988888,7.117336e-05
158178,2022-11-07 22:00:00,59,2,0,True,0.7022515,0.0010367766,0.29671177
324956,2022-12-28 22:00:00,29,1,1,False,0.0010012365,0.99893564,6.309406e-05
145265,2022-11-06 03:00:00,42,2,2,False,0.1015043,0.000524737,0.897971
375163,2022-12-17 10:00:00,94,0,0,False,0.99200577,0.007716831,0.00027739676
100984,2022-11-08 04:00:00,227,2,2,False,0.030602284,0.0002829073,0.9691148
293815,2022-12-23 04:00:00,231,0,0,False,0.99817383,0.0008391981,0.0009869592
51611,2022-11-06 14:00:00,164,0,0,False,0.79964244,0.19993672,0.00042087006
102005,2022-11-21 00:00:00,228,2,0,True,0.94733757,0.000623739,0.052038625
223614,2022-12-11 06:00:00,142,1,1,False,0.0010672703,0.9988619,7.080033e-05
338542,2022-12-24 05:00:00,46,0,0,False,0.9496018,0.00052998535,0.049868174
284459,2022-12-23 21:00:00,218,1,1,False,0.00448251,0.99538416,0.00013335088
104372,2022-11-30 06:00:00,231,0,0,False,0.99581295,0.0007659276,0.0034210559
269605,2022-12-04 21:00:00,20,1,1,False,0.0010448213,0.99889094,6.421717e-05
106848,2022-11-14 06:00:00,235,2,2,False,0.46828842,0.00064463,0.53106695
338369,2022-12-16 02:00:00,46,2,2,False,0.04558609,0.00041089286,0.95400304
320381,2022-12-18 00:00:00,267,1,1,False,0.0059949406,0.9934602,0.00054491946
114193,2022-11-22 09:00:00,245,1,1,False,0.0010445714,0.99888724,6.822246e-05
252233,2022-12-02 01:00:00,179,2,2,False,0.088718496,0.00047512806,0.9108064
277715,2022-12-12 08:00:00,21,0,0,False,0.90175164,0.09798665,0.0002617312
66316,2022-11-23 13:00:00,182,0,0,False,0.9738853,0.025602613,0.00051211775
240578,2022-12-28 01:00:00,163,0,0,False,0.99243903,0.00051193405,0.007049006
335447,2022-12-14 12:00:00,42,0,0,False,0.9936294,0.003718829,0.002651803
101735,2022-11-09 18:00:00,228,2,2,False,0.20027934,0.0006044095,0.79911625
342983,2022-12-29 00:00:00,51,0,0,False,0.9927072,0.007074994,0.0002177898
255865,2022-12-03 04:00:00,183,0,0,False,0.97865766,0.0013454251,0.019996893
142836,2022-11-24 04:00:00,39,2,2,False,0.080025345,0.00047049497,0.91950417
35450,2022-11-18 12:00:00,143,1,1,False,0.0009960813,0.9989366,6.730352e-05
54745,2022-11-18 02:00:00,168,2,2,False,0.11878786,0.0006920195,0.88052016
134471,2022-11-03 06:00:00,29,1,1,False,0.27014413,0.72958636,0.00026954192
38722,2022-11-05 19:00:00,148,1,1,False,0.3483357,0.6514605,0.00020379593
317509,2022-12-18 23:00:00,263,0,0,False,0.9760124,0.023739832,0.00024778495
290671,2022-12-11 10:00:00,227,2,2,False,0.06243915,0.00034361042,0.93721724
7841,2022-11-30 00:00:00,108,1,1,False,0.124975614,0.8747584,0.00026591154
173007,2022-11-30 01:00:00,79,0,0,False,0.99202204,0.0065650493,0.0014129417
5211,2022-11-09 19:00:00,105,2,0,True,0.9417075,0.00088535657,0.05740715
202091,2022-12-15 17:00:00,115,2,0,True,0.98716843,0.0008790392,0.011952492
235741,2022-12-05 20:00:00,158,0,0,False,0.99744654,0.0011543441,0.0013990834
93499,2022-11-24 02:00:00,216,0,0,False,0.9884481,0.011409421,0.00014251322
328024,2022-12-05 15:00:00,33,2,2,False,0.24386169,0.00047642703,0.7556619
171192,2022-11-14 00:00:00,77,2,2,False,0.11039997,0.0005612631,0.88903874
288618,2022-12-16 00:00:00,224,0,0,False,0.9741644,0.017591799,0.008243801
168236,2022-11-10 00:00:00,73,0,0,False,0.9977513,0.0020598501,0.00018880617
255075,2022-12-31 06:00:00,181,2,2,False,0.05488565,0.0003293952,0.944785
149599,2022-11-07 23:00:00,48,2,2,False,0.12598935,0.00069325056,0.87331736
126742,2022-11-09 00:00:00,262,0,0,False,0.98027235,0.019483306,0.0002444023
299502,2022-12-19 17:00:00,239,1,0,True,0.9662841,0.033389106,0.00032676407
272899,2022-12-22 21:00:00,203,0,0,False,0.9518382,0.047706366,0.00045546578
103197,2022-11-11 02:00:00,230,2,2,False,0.035715323,0.0002752279,0.96400946
105249,2022-11-07 03:00:00,233,2,2,False,0.024412505,0.00023855234,0.975349
238576,2022-12-03 19:00:00,161,1,1,False,0.24866629,0.7510768,0.00025694343
100337,2022-11-11 02:00:00,226,2,2,False,0.09082533,0.00047233552,0.9087023
35395,2022-11-16 05:00:00,143,1,1,False,0.0010743488,0.99885046,7.520881e-05
6600,2022-11-08 00:00:00,107,1,1,False,0.07399812,0.9258719,0.00012999038
343455,2022-12-18 02:00:00,52,0,0,False,0.98734933,0.011764118,0.00088648853
112543,2022-11-13 05:00:00,243,2,2,False,0.033276614,0.00028743112,0.96643597
194598,2022-12-03 22:00:00,106,0,0,False,0.99736136,0.00043823567,0.0022003513
107680,2022-11-19 03:00:00,236,2,0,True,0.5881136,0.0008181571,0.41106826
212199,2022-12-16 07:00:00,128,0,0,False,0.9859781,0.01345901,0.00056294294
326501,2022-12-02 06:00:00,31,0,0,False,0.9970728,0.0013311137,0.0015960925
49267,2022-11-28 04:00:00,160,0,0,False,0.98783046,0.012098166,7.1388364e-05
165412,2022-11-11 12:00:00,69,2,2,False,0.17601089,0.00069489,0.8232942
202478,2022-12-01 19:00:00,116,0,0,False,0.88067085,0.11898925,0.00033992573
241279,2022-12-27 05:00:00,164,0,0,False,0.9662104,0.033702444,8.708229e-05
80722,2022-11-27 23:00:00,20,1,1,False,0.0010595843,0.99887115,6.918766e-05
173133,2022-11-05 10:00:00,8,0,1,True,0.13091463,0.868857,0.00022832377
194,2022-11-09 07:00:00,1,0,0,False,0.9957378,0.003918298,0.00034385384
350286,2022-12-01 22:00:00,61,1,1,False,0.08705665,0.9128115,0.00013181742
184536,2022-11-03 21:00:00,94,1,1,False,0.10935296,0.8904969,0.00015013976
91091,2022-11-13 03:00:00,213,0,0,False,0.9775119,0.0018507116,0.020637432
52460,2022-11-12 06:00:00,165,1,1,False,0.038389187,0.9612072,0.00040362854
22402,2022-11-11 02:00:00,127,2,2,False,0.065188475,0.0004337414,0.93437773
3582,2022-11-01 07:00:00,103,0,0,False,0.94022423,0.059486497,0.00028930602
31796,2022-11-15 05:00:00,139,0,0,False,0.9916937,0.0005005953,0.0078057474
166007,2022-11-06 10:00:00,7,1,1,False,0.07006083,0.9297707,0.00016845317
265037,2022-12-25 18:00:00,194,0,0,False,0.99662435,0.0029922004,0.00038347894
175504,2022-11-14 22:00:00,82,2,2,False,0.10613801,0.00050147495,0.89336056
269869,2022-12-15 21:00:00,20,1,1,False,0.0009996743,0.9989324,6.7883e-05
26360,2022-11-27 01:00:00,131,2,0,True,0.9706468,0.00085212605,0.028501142
83359,2022-11-18 16:00:00,203,1,1,False,0.0010142245,0.9989229,6.283428e-05
164305,2022-11-24 23:00:00,66,0,0,False,0.90445936,0.095139496,0.00040118507
369875,2022-12-07 00:00:00,88,0,0,False,0.9971413,0.0026244866,0.00023416837
249327,2022-12-01 03:00:00,175,2,0,True,0.8937819,0.0008049608,0.1054131
183138,2022-11-05 05:00:00,92,1,1,False,0.0009909085,0.9989447,6.436681e-05
297322,2022-12-19 00:00:00,236,2,2,False,0.08040082,0.00045066292,0.9191485
330666,2022-12-26 12:00:00,36,2,2,False,0.29511762,0.0008824139,0.70399994
277872,2022-12-19 17:00:00,21,1,1,False,0.3203411,0.679263,0.00039593747
106123,2022-11-13 20:00:00,234,2,2,False,0.12585725,0.000575893,0.8735668
56360,2022-11-25 19:00:00,17,0,0,False,0.98888725,0.00942849,0.0016842309
285456,2022-12-04 10:00:00,220,2,0,True,0.886148,0.00076385733,0.11308815
359770,2022-12-06 13:00:00,75,0,0,False,0.9956222,0.0041879076,0.00018989688
308104,2022-12-16 19:00:00,250,0,0,False,0.8970204,0.102770746,0.00020883454
173398,2022-11-16 13:00:00,8,0,0,False,0.9939738,0.0030999887,0.0029262458
302840,2022-12-07 18:00:00,244,1,0,True,0.7705455,0.22909617,0.0003583591
155347,2022-11-09 05:00:00,55,0,0,False,0.99796045,0.0011472839,0.00089227944
58599,2022-11-29 17:00:00,172,0,0,False,0.99364084,0.0031265938,0.0032325496
34445,2022-11-06 08:00:00,142,1,1,False,0.0011222926,0.99880624,7.151296e-05
321422,2022-12-31 21:00:00,268,0,0,False,0.99636805,0.0033176795,0.0003142894
40648,2022-11-26 13:00:00,15,1,0,True,0.9447659,0.054906975,0.00032708357
291419,2022-12-12 13:00:00,228,2,2,False,0.09328514,0.0004429266,0.90627193
113437,2022-11-20 16:00:00,244,2,0,True,0.8836028,0.0012211947,0.115176015
376161,2022-12-29 12:00:00,95,0,0,False,0.9944238,0.00094782125,0.0046284483
112561,2022-11-13 23:00:00,243,2,2,False,0.1079509,0.00046828116,0.89158076
83193,2022-11-11 18:00:00,203,1,0,True,0.53743476,0.46224037,0.00032490064
96791,2022-11-12 07:00:00,221,2,2,False,0.12581846,0.0004896288,0.8736919
39432,2022-11-05 14:00:00,149,1,0,True,0.88614833,0.11302289,0.0008288149
196855,2022-12-07 20:00:00,109,0,0,False,0.9935824,0.0054406296,0.0009769201
181260,2022-11-16 10:00:00,9,2,2,False,0.13264549,0.00059908297,0.8667554
372244,2022-12-15 14:00:00,90,0,0,False,0.9967223,0.001079505,0.0021981846
137095,2022-11-23 07:00:00,31,2,0,True,0.85297436,0.000853159,0.14617242
243638,2022-12-04 10:00:00,168,0,0,False,0.5576785,0.0008109892,0.44151053
104464,2022-11-04 05:00:00,232,2,2,False,0.10655976,0.0004932335,0.8929471
88970,2022-11-14 03:00:00,210,2,2,False,0.027634125,0.000288219,0.9720776
35312,2022-11-12 18:00:00,143,1,1,False,0.001073,0.998855,7.203427e-05
331321,2022-12-23 18:00:00,37,1,1,False,0.0039380663,0.99591994,0.00014195769
119625,2022-11-10 09:00:00,252,2,0,True,0.75083834,0.0014373511,0.24772431
259944,2022-12-23 20:00:00,188,0,0,False,0.99214035,0.00095400005,0.006905697
171576,2022-11-30 00:00:00,77,0,0,False,0.88506305,0.0011589008,0.11377808
175378,2022-11-09 16:00:00,82,2,0,True,0.9640242,0.00086652196,0.035109304
176470,2022-11-25 09:00:00,83,0,0,False,0.989884,0.0036037855,0.0065122307
74299,2022-11-28 11:00:00,192,1,1,False,0.3115921,0.6880493,0.00035861798
365484,2022-12-04 07:00:00,82,2,2,False,0.061050642,0.00033496876,0.93861437
194234,2022-12-19 15:00:00,105,0,0,False,0.949697,0.04990237,0.00040061577
355139,2022-12-24 19:00:00,67,2,0,True,0.59888995,0.0007842102,0.4003259
183357,2022-11-14 10:00:00,92,2,2,False,0.24100137,0.00057534216,0.75842327
25832,2022-11-04 23:00:00,131,0,0,False,0.95212126,0.04751269,0.0003660965
180426,2022-11-11 11:00:00,89,1,1,False,0.0010757983,0.99885976,6.4388965e-05
164144,2022-11-18 06:00:00,66,1,1,False,0.12371225,0.87611085,0.00017687444
281710,2022-12-29 12:00:00,214,1,0,True,0.930706,0.069106735,0.00018722353
134990,2022-11-24 23:00:00,29,1,1,False,0.0036053215,0.9962685,0.00012616998
162303,2022-11-30 22:00:00,63,1,0,True,0.5733347,0.42622635,0.00043898032
76701,2022-11-09 09:00:00,196,0,0,False,0.9942264,0.005480582,0.00029302642
12689,2022-11-23 11:00:00,114,0,0,False,0.9936206,0.0056493813,0.00073000963
198069,2022-12-29 07:00:00,11,1,1,False,0.4665621,0.5332104,0.00022749114
336239,2022-12-17 20:00:00,43,2,2,False,0.2065857,0.0007705004,0.7926438
65843,2022-11-03 18:00:00,182,2,0,True,0.9781317,0.001340092,0.020528218
27286,2022-11-05 23:00:00,133,0,0,False,0.9955193,0.001039023,0.0034416302
8461,2022-11-26 01:00:00,109,1,1,False,0.13173652,0.8679725,0.0002909425
336507,2022-12-29 13:00:00,43,0,0,False,0.67533994,0.3243621,0.00029800035
340269,2022-12-05 03:00:00,49,0,0,False,0.9802288,0.019407762,0.00036344604
366178,2022-12-03 04:00:00,83,2,2,False,0.03913782,0.00029650604,0.9605656
11660,2022-11-10 09:00:00,113,2,0,True,0.6950177,0.0013209723,0.30366132
33612,2022-11-01 07:00:00,141,0,0,False,0.99355763,0.0031948183,0.0032475335
322186,2022-12-02 17:00:00,27,0,0,False,0.99307704,0.006347896,0.0005750296
224696,2022-12-27 05:00:00,143,1,1,False,0.0010825075,0.99885416,6.330565e-05
140269,2022-11-06 12:00:00,36,2,0,True,0.90229404,0.001108549,0.09659738
69944,2022-11-25 18:00:00,187,2,0,True,0.96202147,0.0024334292,0.035545073
251865,2022-12-16 18:00:00,178,0,0,False,0.9956311,0.00333462,0.001034306
30069,2022-11-02 18:00:00,137,0,0,False,0.95606774,0.0023789261,0.041553296
297176,2022-12-12 02:00:00,236,2,2,False,0.037694268,0.0002666506,0.9620391
292049,2022-12-08 18:00:00,229,0,0,False,0.9978249,0.0014043833,0.00077068096
52560,2022-11-16 10:00:00,165,2,2,False,0.34075332,0.0026616682,0.656585
162892,2022-11-25 16:00:00,64,0,0,False,0.52765656,0.47116792,0.0011754901
273140,2022-12-01 23:00:00,204,1,1,False,0.21817213,0.78159976,0.00022805242
284007,2022-12-04 03:00:00,218,1,1,False,0.023042023,0.97683495,0.00012299784
1802,2022-11-16 17:00:00,100,2,2,False,0.10515909,0.0004998224,0.89434105
173541,2022-11-22 12:00:00,8,0,0,False,0.9267551,0.072645076,0.00059988984
65302,2022-11-11 02:00:00,181,2,2,False,0.07827087,0.0004341449,0.9212949
280733,2022-12-18 07:00:00,213,2,2,False,0.08901223,0.0005529836,0.91043484
198562,2022-12-19 17:00:00,110,0,0,False,0.9899951,0.00898463,0.0010202404
103078,2022-11-06 01:00:00,230,2,0,True,0.8117667,0.00092797633,0.18730532
209308,2022-12-16 00:00:00,124,1,1,False,0.07218987,0.92764527,0.00016483874
273371,2022-12-11 14:00:00,204,0,0,False,0.99513197,0.003792185,0.0010758181
47169,2022-11-30 03:00:00,158,1,1,False,0.090862915,0.9089978,0.00013931659
288977,2022-12-31 21:00:00,224,2,2,False,0.11546771,0.00051539,0.88401693
209909,2022-12-11 00:00:00,125,2,0,True,0.8616652,0.0008779015,0.13745688
84151,2022-11-21 21:00:00,204,2,2,False,0.14137965,0.00066238624,0.8579579
252394,2022-12-08 18:00:00,179,2,0,True,0.90359265,0.0007381585,0.09566918
241322,2022-12-29 00:00:00,164,0,0,False,0.7455444,0.25419405,0.0002615542
140753,2022-11-26 18:00:00,36,2,0,True,0.5835323,0.0008616944,0.41560605
278470,2022-12-13 18:00:00,210,2,0,True,0.96994466,0.00066895544,0.029386403
303894,2022-12-22 13:00:00,245,1,1,False,0.0010534162,0.9988732,7.337724e-05
365405,2022-12-01 00:00:00,82,2,2,False,0.07257331,0.00040945667,0.9270173
95976,2022-11-08 01:00:00,220,2,2,False,0.16860683,0.000700513,0.8306927
293046,2022-12-21 04:00:00,230,2,2,False,0.08645139,0.0005021856,0.9130465
145212,2022-11-03 22:00:00,42,2,2,False,0.13557914,0.0007429463,0.8636779
301000,2022-12-22 03:00:00,241,2,2,False,0.0515937,0.0003529478,0.9480533
297101,2022-12-08 23:00:00,236,2,0,True,0.78394485,0.0009501105,0.21510507
100531,2022-11-19 04:00:00,226,2,2,False,0.09749129,0.00041148084,0.9020973
320374,2022-12-17 17:00:00,267,1,1,False,0.006128195,0.9932975,0.00057426083
172553,2022-11-11 03:00:00,79,2,2,False,0.092290305,0.00089495815,0.90681475
59481,2022-11-06 19:00:00,174,2,2,False,0.21413778,0.00095186423,0.7849104
47210,2022-11-01 20:00:00,159,1,0,True,0.8337192,0.16606002,0.00022080752
329919,2022-12-25 10:00:00,35,1,1,False,0.0011201611,0.9988098,7.0024566e-05
196398,2022-12-19 16:00:00,108,0,0,False,0.93637896,0.0013462135,0.06227485
39591,2022-11-12 07:00:00,149,2,0,True,0.7098464,0.002046427,0.2881072
333857,2022-12-08 08:00:00,40,0,0,False,0.7912042,0.20839928,0.00039648227
161860,2022-11-12 11:00:00,63,1,1,False,0.119242944,0.88051635,0.00024073731
53775,2022-11-07 09:00:00,167,2,0,True,0.8765883,0.0015156612,0.121896006
173429,2022-11-17 20:00:00,8,2,0,True,0.9629215,0.0037059265,0.033372633
203144,2022-12-30 11:00:00,116,1,1,False,0.44018307,0.5594426,0.0003743673
60825,2022-11-03 05:00:00,176,2,2,False,0.050996885,0.00043720502,0.94856596
73330,2022-11-17 21:00:00,191,1,1,False,0.0009936163,0.9989452,6.12087e-05
370073,2022-12-15 06:00:00,88,0,0,False,0.99754673,0.0022272798,0.000225988
183976,2022-11-10 10:00:00,93,2,0,True,0.6037393,0.0012393657,0.39502135
64433,2022-11-04 14:00:00,180,0,0,False,0.9951315,0.003671539,0.001196986
105392,2022-11-13 04:00:00,233,2,2,False,0.09734531,0.00049789867,0.90215683
103324,2022-11-16 09:00:00,230,1,1,False,0.19039193,0.8094083,0.00019974782
284388,2022-12-20 22:00:00,218,0,0,False,0.9763532,0.02345202,0.00019474217
120475,2022-11-16 00:00:00,253,2,2,False,0.11014471,0.0006394926,0.88921577
113143,2022-11-08 08:00:00,244,0,0,False,0.92472726,0.07155169,0.003721013
7514,2022-11-16 09:00:00,108,2,2,False,0.095948525,0.0005459956,0.90350544
50691,2022-11-27 22:00:00,162,1,1,False,0.10651017,0.89329386,0.00019597783
267330,2022-12-31 04:00:00,197,0,0,False,0.998171,0.000996085,0.0008328739
50257,2022-11-09 20:00:00,162,0,0,False,0.99151236,0.007924987,0.00056269555
282011,2022-12-11 02:00:00,215,0,0,False,0.99532396,0.0043283417,0.00034771886
242463,2022-12-15 13:00:00,166,2,0,True,0.98833585,0.0005805169,0.011083719
283625,2022-12-19 02:00:00,217,0,0,False,0.99507314,0.00045410066,0.0044727544
141750,2022-11-08 17:00:00,38,1,0,True,0.5991763,0.40043518,0.00038851457
173415,2022-11-17 06:00:00,8,0,0,False,0.9907646,0.0009878727,0.0082474705
175298,2022-11-06 06:00:00,82,2,2,False,0.06285625,0.00036583742,0.9367779
43649,2022-11-02 10:00:00,154,2,2,False,0.18701027,0.0008518021,0.8121379
194210,2022-12-18 04:00:00,105,1,1,False,0.039627608,0.960247,0.00012548668
320383,2022-12-18 02:00:00,267,1,1,False,0.0071710604,0.9923064,0.0005225996
2885,2022-11-02 01:00:00,102,0,0,False,0.99476767,0.005014892,0.00021741069
223673,2022-12-13 17:00:00,142,1,1,False,0.0010816255,0.9988487,6.96642e-05
304090,2022-12-30 17:00:00,245,1,1,False,0.001046313,0.9988889,6.4801425e-05
325943,2022-12-09 01:00:00,30,1,1,False,0.09006516,0.9097495,0.00018540629
58195,2022-11-12 21:00:00,172,2,2,False,0.102720186,0.00045018335,0.8968296
52907,2022-11-30 21:00:00,165,1,1,False,0.048498802,0.9511366,0.00036467394
7898,2022-11-02 09:00:00,109,2,0,True,0.66737264,0.0016675391,0.3309598
301978,2022-12-01 21:00:00,243,2,0,True,0.5261766,0.0011058002,0.47271764
111801,2022-11-12 02:00:00,242,0,0,False,0.8290317,0.0010528944,0.16991541
26730,2022-11-12 16:00:00,132,2,0,True,0.795907,0.000937686,0.20315528
144834,2022-11-18 01:00:00,41,2,2,False,0.14246084,0.00072557013,0.8568136
53639,2022-11-01 14:00:00,167,0,0,False,0.9836864,0.015877763,0.00043583784
100340,2022-11-11 05:00:00,226,2,2,False,0.058064267,0.00035241686,0.9415833
129077,2022-11-16 22:00:00,265,1,1,False,0.07431059,0.9255512,0.0001382955
100893,2022-11-04 09:00:00,227,0,0,False,0.99442923,0.0038228799,0.0017479542
217196,2022-12-14 05:00:00,134,2,2,False,0.07328261,0.00040950088,0.92630786
66409,2022-11-27 10:00:00,182,0,0,False,0.97728455,0.00044446046,0.022270953
210421,2022-12-02 07:00:00,126,0,0,False,0.97873324,0.0011197648,0.020146985
21428,2022-11-30 02:00:00,125,0,0,False,0.99683785,0.0028220809,0.00034001502
150829,2022-11-29 12:00:00,49,1,1,False,0.37102434,0.62821174,0.0007639549
88104,2022-11-07 18:00:00,21,1,1,False,0.31081095,0.6889269,0.00026217743
278516,2022-12-15 16:00:00,210,0,0,False,0.97498894,0.024614051,0.00039697133
329540,2022-12-08 17:00:00,35,1,1,False,0.0010298172,0.998901,6.912681e-05
238425,2022-12-28 11:00:00,160,0,0,False,0.641116,0.3586567,0.00022732069
8568,2022-11-30 12:00:00,109,0,0,False,0.9716581,0.0015505307,0.026791407
269894,2022-12-16 22:00:00,20,1,1,False,0.0010231645,0.99891746,5.9382673e-05
90380,2022-11-13 07:00:00,212,2,2,False,0.12833731,0.00065282296,0.8710099
68191,2022-11-12 07:00:00,185,2,2,False,0.27549496,0.00054631504,0.72395873
42847,2022-11-28 19:00:00,152,0,0,False,0.9037467,0.09591369,0.0003396082
375925,2022-12-19 14:00:00,95,0,0,False,0.85757244,0.0010238413,0.14140368
297131,2022-12-10 05:00:00,236,2,0,True,0.9330702,0.0006145971,0.06631518
59436,2022-11-04 22:00:00,174,2,0,True,0.57618105,0.0010567767,0.42276216
150347,2022-11-09 10:00:00,49,2,2,False,0.1635261,0.0007218528,0.83575207
357184,2022-12-19 19:00:00,71,0,0,False,0.95664483,0.016135547,0.02721961
105733,2022-11-27 09:00:00,233,2,2,False,0.03782793,0.00027480934,0.96189725
172275,2022-11-29 08:00:00,78,0,0,False,0.8451854,0.15333922,0.0014753991
364908,2022-12-10 08:00:00,81,0,0,False,0.9895992,0.009909818,0.000490964
254688,2022-12-14 05:00:00,181,2,2,False,0.028642153,0.0002443284,0.97111356
224718,2022-12-28 03:00:00,143,1,1,False,0.0010667025,0.99886036,7.2899005e-05
67477,2022-11-12 08:00:00,184,2,2,False,0.2576808,0.0010609606,0.7412582
345783,2022-12-25 12:00:00,55,0,0,False,0.9966517,0.0031321372,0.00021618672
175415,2022-11-11 05:00:00,82,2,2,False,0.030298688,0.00027187826,0.9694295
191781,2022-12-06 17:00:00,102,0,0,False,0.99819535,0.0007735758,0.0010310838
127245,2022-11-29 23:00:00,262,0,0,False,0.9846026,0.015218557,0.00017892773
329916,2022-12-25 07:00:00,35,1,1,False,0.0011041452,0.99882823,6.7654255e-05
101830,2022-11-13 17:00:00,228,2,2,False,0.0891978,0.00039234007,0.9104099
335690,2022-12-25 13:00:00,42,0,0,False,0.99230874,0.0033287285,0.0043625603
198453,2022-12-14 08:00:00,110,0,0,False,0.99421835,0.005088907,0.0006927123
143285,2022-11-13 02:00:00,4,1,0,True,0.95423615,0.045497898,0.00026593608
262771,2022-12-21 11:00:00,191,1,1,False,0.35360846,0.6460803,0.00031124084
342215,2022-12-27 01:00:00,50,0,0,False,0.99499124,0.00032349816,0.0046852953
30890,2022-11-07 04:00:00,138,1,1,False,0.08373995,0.91612923,0.00013082632
335931,2022-12-04 15:00:00,43,2,2,False,0.275001,0.00051335595,0.7244857
330926,2022-12-06 09:00:00,37,1,1,False,0.004496586,0.995342,0.00016138346
80564,2022-11-21 09:00:00,20,1,1,False,0.0010489363,0.99887997,7.11057e-05
244612,2022-12-14 23:00:00,169,0,0,False,0.99490273,0.003734922,0.0013623422
308878,2022-12-19 20:00:00,251,1,1,False,0.2432261,0.7564427,0.00033112385
102702,2022-11-20 06:00:00,229,1,1,False,0.19683716,0.8029544,0.00020847876
296364,2022-12-08 07:00:00,235,2,0,True,0.98148006,0.0004876255,0.018032342
290970,2022-12-24 19:00:00,227,2,0,True,0.9573841,0.00061414763,0.042001724
239270,2022-12-02 16:00:00,162,0,0,False,0.62526613,0.37401786,0.00071597775
49921,2022-11-25 15:00:00,161,0,0,False,0.98853475,0.002216673,0.009248526
105226,2022-11-06 04:00:00,233,2,2,False,0.06161972,0.00035423253,0.938026
208605,2022-12-16 18:00:00,123,2,0,True,0.82370067,0.0012965398,0.1750028
106603,2022-11-03 23:00:00,235,2,2,False,0.4255316,0.0007271135,0.57374126
6400,2022-11-29 13:00:00,106,1,1,False,0.001133868,0.99880314,6.29542e-05
124837,2022-11-19 00:00:00,26,2,2,False,0.15346271,0.00058803085,0.8459493
54764,2022-11-18 21:00:00,168,2,2,False,0.30200517,0.00078098057,0.6972138
170502,2022-11-15 01:00:00,76,0,0,False,0.83242583,0.16734135,0.00023278815
101000,2022-11-08 22:00:00,227,2,2,False,0.115371354,0.00063264027,0.88399595
198877,2022-12-01 23:00:00,111,1,1,False,0.04991367,0.94988894,0.00019742198
277350,2022-12-28 02:00:00,209,0,0,False,0.96950287,0.03033497,0.0001621207
96647,2022-11-06 05:00:00,221,2,2,False,0.025658693,0.00022229095,0.97411895
378645,2022-12-11 22:00:00,99,0,0,False,0.9530199,0.046725195,0.00025490223
253891,2022-12-11 01:00:00,180,2,0,True,0.62261385,0.00076300453,0.37662315
125497,2022-11-16 17:00:00,260,0,0,False,0.99481505,0.0026279776,0.0025570022
70702,2022-11-27 13:00:00,188,2,2,False,0.124444425,0.00042586232,0.8751297
49935,2022-11-26 05:00:00,161,1,1,False,0.046198636,0.95369864,0.00010276068
165924,2022-11-02 23:00:00,7,1,0,True,0.7899342,0.20972541,0.00034029788
336540,2022-12-30 22:00:00,43,2,2,False,0.367947,0.00072087254,0.6313321
145276,2022-11-06 14:00:00,42,2,2,False,0.18326516,0.0005854639,0.8161494
209463,2022-12-23 09:00:00,124,0,0,False,0.9768842,0.021273717,0.0018421343
370572,2022-12-06 00:00:00,89,1,1,False,0.0010497947,0.9988889,6.12996e-05
357440,2022-12-30 13:00:00,71,0,0,False,0.9954449,0.0043104547,0.0002446391
224471,2022-12-16 22:00:00,143,1,1,False,0.0010321962,0.9989083,5.9524107e-05
255170,2022-12-04 06:00:00,182,2,2,False,0.183676,0.0004469629,0.8158771
237121,2022-12-03 06:00:00,16,1,1,False,0.0011288491,0.998801,7.012881e-05
21737,2022-11-13 04:00:00,126,1,1,False,0.0014988136,0.9983576,0.00014360371
1894,2022-11-20 13:00:00,100,0,0,False,0.9814782,0.01825349,0.00026823278
332379,2022-12-06 20:00:00,39,0,0,False,0.9970591,0.0027328301,0.00020808337
185742,2022-11-24 10:00:00,95,2,0,True,0.78430796,0.0023584976,0.21333355
255936,2022-12-06 03:00:00,183,0,0,False,0.99572974,0.0020620541,0.0022081318
121772,2022-11-10 11:00:00,256,2,2,False,0.12670419,0.0006173033,0.87267846
114374,2022-11-29 22:00:00,245,1,1,False,0.000994354,0.99894255,6.307706e-05
105662,2022-11-24 10:00:00,233,2,2,False,0.08169236,0.00038782434,0.9179199
328020,2022-12-05 11:00:00,33,2,2,False,0.09072335,0.00044778342,0.9088289
80493,2022-11-18 10:00:00,20,1,1,False,0.0010535573,0.9988751,7.13582e-05
289750,2022-12-03 02:00:00,226,2,2,False,0.2746236,0.00062279595,0.7247536
61561,2022-11-04 02:00:00,177,2,2,False,0.08247071,0.0004902338,0.91703904
123915,2022-11-10 09:00:00,259,0,0,False,0.9656669,0.03395843,0.0003746847
241434,2022-12-02 17:00:00,165,1,1,False,0.12868516,0.8706311,0.00068371714
33051,2022-11-07 20:00:00,140,1,1,False,0.15711907,0.8426594,0.00022154668
11095,2022-11-16 15:00:00,112,2,2,False,0.22415997,0.000808973,0.7750311
314456,2022-12-11 02:00:00,26,0,0,False,0.9964024,0.0029141617,0.0006834188
253078,2022-12-07 05:00:00,18,0,0,False,0.987257,0.012607625,0.000135399
336730,2022-12-07 21:00:00,44,2,0,True,0.8400297,0.000777599,0.15919271
165698,2022-11-23 10:00:00,69,2,0,True,0.9247532,0.0015115758,0.07373524
114818,2022-11-18 15:00:00,246,0,0,False,0.9949228,0.0023815786,0.0026956608
68333,2022-11-18 05:00:00,185,2,2,False,0.026799902,0.00022949187,0.9729706
231473,2022-12-08 06:00:00,152,0,0,False,0.9982742,0.0012094431,0.00051635737
293044,2022-12-21 02:00:00,230,2,2,False,0.09361895,0.00051328953,0.90586776
321321,2022-12-27 16:00:00,268,0,0,False,0.99771225,0.0015253477,0.0007624324
107204,2022-11-29 02:00:00,235,2,2,False,0.086126566,0.00043943053,0.913434
327772,2022-12-26 02:00:00,32,1,0,True,0.8451403,0.1545697,0.00029005617
32497,2022-11-14 15:00:00,14,0,0,False,0.83477634,0.16489106,0.00033258268
172588,2022-11-12 14:00:00,79,2,0,True,0.6570806,0.002571783,0.34034762
98812,2022-11-07 01:00:00,224,2,2,False,0.08402757,0.00042410166,0.9155483
16592,2022-11-07 06:00:00,12,1,1,False,0.19375122,0.80605143,0.00019729519
134160,2022-11-20 04:00:00,28,1,1,False,0.028212065,0.97171134,7.662357e-05
65304,2022-11-11 04:00:00,181,2,2,False,0.041947246,0.00035413043,0.95769864
330976,2022-12-08 11:00:00,37,1,1,False,0.0010861565,0.998831,8.281428e-05
144974,2022-11-23 21:00:00,41,2,0,True,0.61954975,0.0010379374,0.37941232
369886,2022-12-07 11:00:00,88,0,0,False,0.9906879,0.0006323303,0.008679747
271662,2022-12-31 10:00:00,201,1,0,True,0.8967538,0.103043556,0.00020263676
110804,2022-11-30 03:00:00,240,2,2,False,0.06808934,0.00039285287,0.9315178
292079,2022-12-10 00:00:00,229,0,0,False,0.9974304,0.0023440262,0.00022561883
165384,2022-11-10 08:00:00,69,2,0,True,0.9885337,0.009440177,0.0020261013
243893,2022-12-15 01:00:00,168,0,0,False,0.99751914,0.0018448588,0.0006360576
41623,2022-11-07 12:00:00,151,2,2,False,0.11767398,0.0005745126,0.8817515
25637,2022-11-26 17:00:00,130,1,1,False,0.28283,0.7169571,0.0002129267
223430,2022-12-03 14:00:00,142,1,1,False,0.0011149271,0.9988116,7.3446856e-05
97192,2022-11-29 00:00:00,221,2,0,True,0.8479222,0.00079494674,0.15128282
318049,2022-12-10 14:00:00,264,0,0,False,0.9975327,0.0015087237,0.00095847965
100342,2022-11-11 07:00:00,226,2,0,True,0.6383279,0.0007942774,0.3608778
74579,2022-11-10 08:00:00,193,1,0,True,0.8848689,0.11483743,0.00029358396
11338,2022-11-26 18:00:00,112,1,1,False,0.28912625,0.7104547,0.0004190104
142539,2022-11-11 19:00:00,39,0,0,False,0.99323297,0.0017307319,0.0050362777
188950,2022-12-08 22:00:00,1,1,1,False,0.00095268845,0.9989838,6.3453444e-05
112166,2022-11-27 07:00:00,242,2,2,False,0.21739005,0.0005767212,0.78203326
224018,2022-12-29 00:00:00,142,1,1,False,0.001071556,0.99886346,6.499529e-05
287243,2022-12-19 15:00:00,222,0,0,False,0.9851422,0.0034628639,0.011394982
220557,2022-12-04 01:00:00,139,0,0,False,0.97389954,0.025885258,0.00021520162
262047,2022-12-21 08:00:00,190,0,0,False,0.9845703,0.013758955,0.0016706906
313761,2022-12-12 04:00:00,259,2,2,False,0.062117364,0.00032534436,0.9375573
33427,2022-11-23 14:00:00,140,0,0,False,0.9945996,0.002799059,0.0026013912
284239,2022-12-13 19:00:00,218,0,0,False,0.95537466,0.044501092,0.00012428698
151335,2022-11-20 19:00:00,5,1,0,True,0.8643705,0.13535187,0.0002776411
86359,2022-11-24 12:00:00,207,0,0,False,0.8231858,0.17655645,0.00025777318
47366,2022-11-08 13:00:00,159,0,0,False,0.99488294,0.002977588,0.0021394496
245012,2022-12-01 14:00:00,17,1,1,False,0.4931151,0.50602716,0.00085772504
100349,2022-11-11 14:00:00,226,2,0,True,0.97108364,0.00086091715,0.028055428
147433,2022-11-07 02:00:00,45,0,0,False,0.98297286,0.01652845,0.00049872656
48463,2022-11-24 11:00:00,16,1,1,False,0.0011714624,0.9987451,8.347819e-05
88639,2022-11-30 03:00:00,21,1,1,False,0.021106448,0.97877115,0.00012246358
361685,2022-12-27 04:00:00,77,0,0,False,0.9984596,0.0006898746,0.00085058535
139692,2022-11-12 08:00:00,35,0,0,False,0.9974003,0.0024093206,0.00019043278
116382,2022-11-24 05:00:00,248,0,0,False,0.992732,0.0071521737,0.00011580362
40111,2022-11-04 02:00:00,15,1,1,False,0.17737433,0.82244897,0.00017671166
3853,2022-11-12 19:00:00,103,2,0,True,0.96661156,0.00086466415,0.032523796
216162,2022-12-01 04:00:00,133,2,2,False,0.06822378,0.00039727177,0.93137896
185511,2022-11-14 19:00:00,95,0,0,False,0.92072886,0.07766146,0.0016096517
174536,2022-11-04 07:00:00,81,0,0,False,0.9721872,0.02186648,0.005946308
106680,2022-11-07 04:00:00,235,2,2,False,0.039752606,0.00032283753,0.9599246
110298,2022-11-09 01:00:00,240,0,0,False,0.9960855,0.0037054638,0.00020899554
95403,2022-11-14 01:00:00,219,1,1,False,0.04278573,0.9571205,9.376078e-05
332636,2022-12-17 22:00:00,39,0,0,False,0.97090334,0.028822262,0.00027441073
240686,2022-12-01 14:00:00,164,1,0,True,0.5076973,0.49190992,0.00039276632
13468,2022-11-26 03:00:00,115,1,1,False,0.038159594,0.9617378,0.00010263883
321135,2022-12-19 20:00:00,268,0,0,False,0.6022024,0.39748833,0.00030923454
257671,2022-12-19 04:00:00,185,0,0,False,0.99253464,0.006933877,0.00053143495
363369,2022-12-06 07:00:00,8,0,0,False,0.67456913,0.32501918,0.00041162755
277904,2022-12-21 03:00:00,21,0,0,False,0.99789536,0.0013082281,0.0007964288
94974,2022-11-25 23:00:00,218,1,1,False,0.0035450659,0.9963446,0.00011027077
100454,2022-11-15 23:00:00,226,0,0,False,0.93842906,0.00062441465,0.06094649
97217,2022-11-30 01:00:00,221,2,2,False,0.31642553,0.0007108754,0.68286353
58299,2022-11-17 05:00:00,172,0,0,False,0.99620146,0.00059309474,0.0032054451
172354,2022-11-02 18:00:00,79,2,0,True,0.95360535,0.0011910311,0.045203652
45427,2022-11-17 03:00:00,156,0,0,False,0.99721473,0.002589904,0.00019543496
196292,2022-12-14 10:00:00,108,2,2,False,0.27609769,0.0009312615,0.7229711
371082,2022-12-28 04:00:00,89,1,1,False,0.0010717651,0.9988545,7.371597e-05
264847,2022-12-16 22:00:00,194,0,0,False,0.99465066,0.005028959,0.0003204372
93483,2022-11-23 10:00:00,216,0,0,False,0.9975677,0.001532109,0.0009001857
371665,2022-12-22 10:00:00,9,2,0,True,0.8047633,0.0014544965,0.19378218
297889,2022-12-11 18:00:00,237,0,0,False,0.99767834,0.0012718408,0.0010498583
66450,2022-11-29 03:00:00,182,2,2,False,0.07863897,0.00040237844,0.92095864
60067,2022-11-01 07:00:00,175,2,2,False,0.20298515,0.0011064524,0.7959084
197433,2022-12-01 21:00:00,11,1,0,True,0.51372325,0.4859997,0.0002770412
324925,2022-12-27 15:00:00,29,1,1,False,0.0011293552,0.9988034,6.730526e-05
22482,2022-11-14 10:00:00,127,2,2,False,0.16964646,0.00054275786,0.8298108
77225,2022-11-01 05:00:00,197,0,0,False,0.9976871,0.0016149187,0.00069797726
297104,2022-12-09 02:00:00,236,2,2,False,0.039970126,0.0003356828,0.95969415
183383,2022-11-15 12:00:00,92,2,2,False,0.13270427,0.0005711418,0.8667246
50711,2022-11-28 18:00:00,162,0,0,False,0.59403354,0.40547657,0.0004899099
135420,2022-11-13 02:00:00,3,1,1,False,0.2065067,0.79330796,0.00018535968
180798,2022-11-26 23:00:00,89,1,1,False,0.0010907756,0.99884415,6.510633e-05
320250,2022-12-12 04:00:00,267,0,0,False,0.9982851,0.0012334837,0.00048140564
9661,2022-11-16 11:00:00,110,2,2,False,0.15887466,0.0006327635,0.84049255
321395,2022-12-30 18:00:00,268,2,0,True,0.9913123,0.0006249609,0.008062732
101077,2022-11-12 03:00:00,227,2,2,False,0.023476323,0.00022787963,0.9762958
83601,2022-11-28 18:00:00,203,1,1,False,0.15936929,0.8404591,0.00017160298
227322,2022-12-15 13:00:00,147,0,0,False,0.98812896,0.0008226899,0.011048354
96043,2022-11-10 22:00:00,220,2,2,False,0.40288275,0.0014298012,0.59568745
182806,2022-11-21 06:00:00,91,0,0,False,0.6394004,0.3601382,0.00046136373
209910,2022-12-11 01:00:00,125,2,2,False,0.1266699,0.0005123762,0.87281775
182328,2022-11-01 03:00:00,91,1,1,False,0.02349037,0.976356,0.0001536066
292267,2022-12-18 05:00:00,229,2,2,False,0.087450065,0.0004970785,0.91205287
37323,2022-11-07 02:00:00,146,1,1,False,0.15280305,0.84700537,0.0001916168
320179,2022-12-09 05:00:00,267,0,0,False,0.9848801,0.014914892,0.00020494914
148095,2022-11-04 21:00:00,46,2,2,False,0.2794686,0.0010815207,0.7194499
366387,2022-12-11 21:00:00,83,2,2,False,0.08206008,0.00041046485,0.9175294
171313,2022-11-19 01:00:00,77,0,0,False,0.6329674,0.0011048969,0.36592764
309164,2022-12-31 20:00:00,251,1,1,False,0.4861616,0.51355064,0.00028779363
96830,2022-11-13 22:00:00,221,2,0,True,0.56254095,0.0007954477,0.4366636
222836,2022-12-08 21:00:00,141,0,0,False,0.9976114,0.00093598827,0.001452605
338877,2022-12-07 05:00:00,47,1,1,False,0.102356255,0.89745855,0.00018522196
123347,2022-11-16 12:00:00,258,2,2,False,0.10017255,0.00044580185,0.89938164
27497,2022-11-14 20:00:00,133,2,0,True,0.9431296,0.0008610479,0.056009308
332020,2022-12-22 20:00:00,38,1,0,True,0.93058556,0.06902129,0.00039315558
215089,2022-12-16 13:00:00,131,0,0,False,0.9872596,0.012141486,0.00059892336
189192,2022-12-19 20:00:00,1,1,0,True,0.5553816,0.444332,0.00028642203
136669,2022-11-05 11:00:00,31,1,0,True,0.9769309,0.022494968,0.00057413254
68844,2022-11-09 17:00:00,186,2,2,False,0.37451807,0.00069470605,0.6247873
151284,2022-11-18 16:00:00,5,0,0,False,0.9415485,0.05784595,0.0006055535
320804,2022-12-05 05:00:00,268,0,0,False,0.994902,0.0048435656,0.0002544152
168942,2022-11-09 15:00:00,74,1,0,True,0.6551898,0.34429315,0.00051704305
331645,2022-12-06 07:00:00,38,1,1,False,0.14123738,0.8585554,0.00020722552
292268,2022-12-18 06:00:00,229,2,2,False,0.16694663,0.00061455445,0.83243877
304095,2022-12-30 22:00:00,245,1,1,False,0.0010236661,0.99891365,6.2709965e-05
48765,2022-11-07 04:00:00,160,1,1,False,0.032606762,0.96730953,8.366234e-05
255069,2022-12-31 00:00:00,181,2,2,False,0.17102098,0.0005329792,0.828446
11514,2022-11-04 05:00:00,113,1,1,False,0.025305571,0.9745773,0.0001170671
279912,2022-12-13 18:00:00,212,0,0,False,0.9961714,0.0030326394,0.00079598796
362926,2022-12-18 06:00:00,79,0,0,False,0.99750215,0.0012266565,0.0012711894
305883,2022-12-14 09:00:00,248,1,0,True,0.94180924,0.0580344,0.00015641119
175889,2022-11-30 23:00:00,82,2,2,False,0.17243157,0.0005841751,0.8269842
33228,2022-11-15 07:00:00,140,0,0,False,0.9491595,0.050358642,0.00048182206
68351,2022-11-18 23:00:00,185,0,0,False,0.9827126,0.016644664,0.0006426855
125013,2022-11-26 08:00:00,26,0,0,False,0.92843914,0.07118437,0.0003765288
186687,2022-11-04 03:00:00,97,1,1,False,0.032575473,0.9673381,8.642827e-05
6306,2022-11-25 15:00:00,106,1,1,False,0.0011412032,0.9987966,6.217729e-05
277098,2022-12-16 16:00:00,209,0,0,False,0.9769107,0.022482114,0.0006072261
355564,2022-12-11 13:00:00,69,0,0,False,0.91804993,0.0008481457,0.081101924
1782,2022-11-15 21:00:00,100,0,0,False,0.9963742,0.0025393283,0.0010864721
183333,2022-11-13 10:00:00,92,0,0,False,0.9974382,0.0022804602,0.00028131928
108072,2022-11-05 14:00:00,237,0,0,False,0.99712485,0.0019175821,0.0009575899
302322,2022-12-16 05:00:00,243,2,2,False,0.059683315,0.00041264415,0.93990403
374100,2022-12-02 19:00:00,93,1,1,False,0.45264423,0.5470963,0.00025945294
291287,2022-12-07 01:00:00,228,2,2,False,0.10179113,0.0004918054,0.8977171
194682,2022-12-07 10:00:00,106,0,0,False,0.99753904,0.0022764674,0.00018454489
192824,2022-12-21 01:00:00,103,1,1,False,0.05016809,0.9496659,0.00016597014
170929,2022-11-02 23:00:00,77,2,2,False,0.25568387,0.0007503905,0.74356574
70822,2022-11-02 13:00:00,189,2,0,True,0.9813287,0.0010850794,0.017586226
100285,2022-11-08 22:00:00,226,2,0,True,0.7184392,0.0010767388,0.280484
297576,2022-12-29 16:00:00,236,0,0,False,0.9797458,0.019470798,0.00078337843
261313,2022-12-20 19:00:00,19,1,0,True,0.7979873,0.20168996,0.0003227519
335147,2022-12-02 00:00:00,42,2,2,False,0.08677949,0.0004288035,0.9127917
77536,2022-11-14 09:00:00,197,1,1,False,0.20451875,0.79523253,0.00024877393
283671,2022-12-21 02:00:00,217,0,0,False,0.9970625,0.0026985332,0.00023896943
81044,2022-11-11 14:00:00,200,1,1,False,0.1606705,0.8391688,0.00016069323
368548,2022-12-11 19:00:00,86,1,0,True,0.92595667,0.073783234,0.00026010486
105149,2022-11-02 23:00:00,233,2,2,False,0.47719243,0.0011666231,0.52164096
108311,2022-11-15 15:00:00,237,0,0,False,0.9968875,0.0026749028,0.00043763517
248247,2022-12-16 05:00:00,173,0,0,False,0.995239,0.0045093256,0.00025159563
176603,2022-11-30 22:00:00,83,2,2,False,0.27774352,0.0008339516,0.7214225
156385,2022-11-22 16:00:00,56,2,2,False,0.33805236,0.00060326303,0.6613444
205629,2022-12-12 22:00:00,12,0,0,False,0.98210955,0.017384497,0.0005059846
100979,2022-11-07 23:00:00,227,2,2,False,0.09689729,0.00047130225,0.90263146
181283,2022-11-17 09:00:00,9,2,0,True,0.5130909,0.0016954257,0.48521364
224366,2022-12-12 13:00:00,143,1,1,False,0.0010870043,0.99883825,7.4775286e-05
194523,2022-12-31 18:00:00,105,0,0,False,0.9981932,0.0012321427,0.00057469716
106580,2022-11-03 00:00:00,235,2,2,False,0.10671233,0.00051010295,0.8927776
366273,2022-12-07 03:00:00,83,2,2,False,0.06744313,0.00036902615,0.9321878
189564,2022-12-04 11:00:00,10,0,0,False,0.9975866,0.0007778156,0.0016355815
331364,2022-12-25 13:00:00,37,1,1,False,0.001097548,0.99883014,7.231227e-05
28428,2022-11-23 20:00:00,134,0,0,False,0.9866688,0.012412263,0.00091894914
356850,2022-12-05 01:00:00,71,2,2,False,0.10033395,0.0005297452,0.8991363
302317,2022-12-16 00:00:00,243,2,2,False,0.41275585,0.0008850583,0.5863591
276956,2022-12-10 18:00:00,209,0,0,False,0.97429955,0.02549333,0.00020712097
180565,2022-11-17 06:00:00,89,1,1,False,0.0010521318,0.99886525,8.261344e-05
54406,2022-11-03 21:00:00,168,2,2,False,0.14585115,0.00068191515,0.8534669
92020,2022-11-22 01:00:00,214,2,2,False,0.060146134,0.0003946002,0.9394592
347481,2022-12-05 05:00:00,58,1,1,False,0.15592489,0.8437772,0.00029793123
19724,2022-11-18 16:00:00,123,0,0,False,0.92877,0.070779346,0.0004505947
294537,2022-12-23 05:00:00,232,2,2,False,0.041365534,0.00030051,0.958334
330304,2022-12-10 12:00:00,36,2,2,False,0.49086976,0.0012076937,0.50792253
53221,2022-11-14 04:00:00,166,0,0,False,0.9963805,0.00045739138,0.0031621582
367221,2022-12-16 14:00:00,84,0,0,False,0.98165727,0.0015620212,0.016780727
253606,2022-12-30 03:00:00,18,1,1,False,0.11708536,0.8826971,0.00021752741
340800,2022-12-28 04:00:00,49,2,2,False,0.031290732,0.00028229214,0.96842694
182813,2022-11-21 13:00:00,91,2,2,False,0.38343728,0.0008779399,0.6156848
161279,2022-11-18 01:00:00,62,1,0,True,0.86936706,0.13034965,0.00028324427
99381,2022-11-30 20:00:00,224,2,2,False,0.48523968,0.0014164451,0.5133439
370669,2022-12-10 01:00:00,89,1,1,False,0.001059049,0.9988708,7.009753e-05
145593,2022-11-19 21:00:00,42,0,0,False,0.9838567,0.002450744,0.013692586
289924,2022-12-10 08:00:00,226,2,0,True,0.9460904,0.0004914545,0.05341813
195610,2022-12-16 01:00:00,107,1,0,True,0.90027195,0.09951889,0.00020918656
110321,2022-11-10 00:00:00,240,0,0,False,0.99643195,0.003347134,0.00022087673
161802,2022-11-10 01:00:00,63,1,1,False,0.039483994,0.9603954,0.0001206552
24889,2022-11-25 08:00:00,13,0,0,False,0.86623126,0.13293478,0.00083395134
56820,2022-11-15 04:00:00,170,0,0,False,0.9979913,0.000880817,0.0011278716
329986,2022-12-28 05:00:00,35,0,0,False,0.99731284,0.0025405234,0.00014665701
8679,2022-11-05 06:00:00,11,1,1,False,0.05392633,0.9458948,0.00017895862
22478,2022-11-14 06:00:00,127,2,0,True,0.69265115,0.0006935179,0.30665535
156769,2022-11-08 21:00:00,57,2,2,False,0.14901453,0.00077392446,0.85021156
324101,2022-12-23 08:00:00,28,1,1,False,0.001047816,0.99888724,6.4902815e-05
254683,2022-12-14 00:00:00,181,2,2,False,0.07781731,0.0003701568,0.9218125
368427,2022-12-06 18:00:00,86,0,0,False,0.9465576,0.05315538,0.00028704878
265592,2022-12-18 07:00:00,195,2,2,False,0.19365963,0.00063345867,0.8057069
152044,2022-11-20 13:00:00,50,2,2,False,0.4473908,0.003096259,0.5495129
293281,2022-12-30 23:00:00,230,0,0,False,0.962204,0.0373918,0.0004042254
180673,2022-11-21 18:00:00,89,1,1,False,0.0010675844,0.9988599,7.255703e-05
162707,2022-11-17 23:00:00,64,0,0,False,0.67082417,0.32857287,0.00060297473
284337,2022-12-18 06:00:00,218,1,1,False,0.040814184,0.95901406,0.00017181657
555,2022-11-24 08:00:00,1,0,0,False,0.9909766,0.007625404,0.0013980374
65900,2022-11-06 03:00:00,182,2,0,True,0.6608411,0.0007324264,0.3384265
130207,2022-11-04 08:00:00,267,0,0,False,0.9587793,0.0408819,0.00033889452
158647,2022-11-27 13:00:00,59,0,0,False,0.9140751,0.0024196014,0.083505295
145836,2022-11-30 00:00:00,42,2,2,False,0.19396137,0.00073922845,0.8052994
51045,2022-11-12 21:00:00,163,1,0,True,0.62578386,0.37359074,0.0006253692
50167,2022-11-06 00:00:00,162,0,0,False,0.98800707,0.011773753,0.0002191843
5643,2022-11-27 19:00:00,105,2,2,False,0.15711729,0.0006013497,0.8422814
144958,2022-11-23 05:00:00,41,2,2,False,0.059848446,0.0005327015,0.9396188
145950,2022-11-04 21:00:00,43,2,2,False,0.3884156,0.0011579528,0.6104265
196957,2022-12-12 02:00:00,109,0,0,False,0.9730958,0.02675318,0.00015102189
284064,2022-12-06 12:00:00,218,1,1,False,0.0033387425,0.99652255,0.00013871993
34993,2022-11-29 06:00:00,142,1,1,False,0.0010969314,0.99883467,6.843965e-05
156102,2022-11-10 21:00:00,56,2,0,True,0.6697329,0.0015102237,0.3287568
8176,2022-11-14 04:00:00,109,1,1,False,0.019334087,0.98054105,0.00012487864
110512,2022-11-17 23:00:00,240,0,0,False,0.8851524,0.114510335,0.00033725417
136745,2022-11-08 17:00:00,31,2,0,True,0.97508234,0.0028050463,0.022112595
25199,2022-11-08 09:00:00,130,2,0,True,0.9568899,0.018588036,0.024522066
73320,2022-11-17 11:00:00,191,1,1,False,0.0010445637,0.99887985,7.56323e-05
100571,2022-11-20 20:00:00,226,2,2,False,0.12158977,0.00048243543,0.8779278
61321,2022-11-23 23:00:00,176,2,2,False,0.38857797,0.0007183865,0.6107037
271362,2022-12-18 09:00:00,201,0,0,False,0.99699235,0.0027641577,0.00024353799
375612,2022-12-05 17:00:00,95,0,0,False,0.9968194,0.0027349705,0.00044564597
79587,2022-11-10 11:00:00,2,0,0,False,0.99804085,0.00062893826,0.0013301766
241450,2022-12-03 09:00:00,165,1,1,False,0.48572928,0.51294553,0.0013251578
168888,2022-11-07 07:00:00,74,2,0,True,0.91736805,0.00074792927,0.08188406
290660,2022-12-10 23:00:00,227,2,2,False,0.15874626,0.00051694113,0.8407368
85278,2022-11-09 06:00:00,206,1,1,False,0.15073782,0.84895235,0.0003097905
163627,2022-11-26 12:00:00,65,1,0,True,0.96220464,0.037378278,0.00041707963
118619,2022-11-28 01:00:00,250,0,0,False,0.99322695,0.0065485835,0.00022451123
105511,2022-11-18 03:00:00,233,0,0,False,0.9975744,0.0022381074,0.00018746592
239058,2022-12-24 19:00:00,161,1,0,True,0.9702279,0.029543921,0.0002281642
108397,2022-11-19 05:00:00,237,2,2,False,0.09458755,0.00047922533,0.9049332
80672,2022-11-25 21:00:00,20,1,1,False,0.0010486312,0.99889094,6.0396338e-05
144322,2022-11-26 12:00:00,40,1,0,True,0.8364353,0.1633391,0.00022563816
57112,2022-11-27 08:00:00,170,1,0,True,0.7541566,0.24546546,0.00037800666
148173,2022-11-08 03:00:00,46,2,2,False,0.09864853,0.0005515245,0.9007999
324769,2022-12-21 03:00:00,29,1,1,False,0.0036895417,0.9960885,0.00022197298
334868,2022-12-21 08:00:00,41,1,1,False,0.30255565,0.69718385,0.00026054934
247314,2022-12-07 09:00:00,172,0,0,False,0.99158996,0.008076227,0.00033379043
63508,2022-11-25 17:00:00,179,0,0,False,0.9614776,0.03766879,0.0008536276
10643,2022-11-27 14:00:00,111,0,0,False,0.8980768,0.10137774,0.0005455108
84551,2022-11-08 18:00:00,205,1,0,True,0.732793,0.2662719,0.00093518675
43371,2022-11-20 20:00:00,153,1,1,False,0.23691933,0.7628345,0.0002461464
229099,2022-12-30 10:00:00,149,0,0,False,0.98415947,0.015342905,0.00049762806
229916,2022-12-03 11:00:00,150,1,1,False,0.11032674,0.88952464,0.00014862604
357792,2022-12-14 06:00:00,72,1,1,False,0.0011494424,0.99876535,8.520476e-05
158848,2022-11-06 01:00:00,6,0,0,False,0.99400204,0.004042137,0.0019557648
224354,2022-12-12 01:00:00,143,1,1,False,0.0010819002,0.99884844,6.9640075e-05
186401,2022-11-22 02:00:00,96,1,1,False,0.029918991,0.9699855,9.548597e-05
68676,2022-11-02 12:00:00,186,0,1,True,0.32511845,0.6745645,0.0003170601
320392,2022-12-18 22:00:00,267,1,1,False,0.019436654,0.9799469,0.00061644503
168510,2022-11-21 10:00:00,73,2,0,True,0.5043304,0.0008838852,0.49478573
50959,2022-11-09 07:00:00,163,1,0,True,0.6739345,0.32566938,0.0003961048
308274,2022-12-24 19:00:00,250,1,1,False,0.097787276,0.9020814,0.00013139495
88855,2022-11-09 08:00:00,210,0,0,False,0.9708164,0.028880168,0.00030342973
326619,2022-12-07 04:00:00,31,0,0,False,0.99801636,0.0014264607,0.0005571709
93372,2022-11-18 19:00:00,216,0,0,False,0.9933602,0.0061129755,0.00052683
39809,2022-11-21 09:00:00,149,0,0,False,0.78728867,0.21158253,0.0011288343
157879,2022-11-25 08:00:00,58,0,0,False,0.9825829,0.008193408,0.009223631
102054,2022-11-23 01:00:00,228,2,2,False,0.4662321,0.0008005713,0.5329673
26807,2022-11-15 21:00:00,132,0,0,False,0.9962555,0.0015659292,0.002178552
28928,2022-11-14 21:00:00,135,2,0,True,0.8867766,0.0008245971,0.11239874
281399,2022-12-15 15:00:00,214,0,0,False,0.9624282,0.037151225,0.0004206047
175214,2022-11-02 18:00:00,82,2,0,True,0.8701994,0.0011988056,0.12860185
239313,2022-12-04 11:00:00,162,1,1,False,0.29271308,0.7069709,0.00031607185
347186,2022-12-23 21:00:00,57,2,2,False,0.19665095,0.0010570593,0.802292
69588,2022-11-10 22:00:00,187,2,2,False,0.25181195,0.00064255705,0.7475455
246687,2022-12-11 07:00:00,171,0,0,False,0.9981446,0.00086818484,0.0009871467
60671,2022-11-26 16:00:00,175,0,0,False,0.9894022,0.005536243,0.005061549
67496,2022-11-13 03:00:00,184,2,2,False,0.039820727,0.0002855213,0.9598937
139327,2022-11-26 22:00:00,34,0,0,False,0.92604107,0.07379489,0.00016399815
258946,2022-12-11 09:00:00,187,2,0,True,0.7689321,0.00086885673,0.23019907
107510,2022-11-12 01:00:00,236,2,2,False,0.0926593,0.00049353554,0.9068471
377664,2022-12-01 02:00:00,98,1,1,False,0.037061226,0.96280897,0.00012984409
29359,2022-11-02 23:00:00,136,2,0,True,0.5495785,0.0012737036,0.44914785
290836,2022-12-19 03:00:00,227,2,2,False,0.037977666,0.00035844854,0.96166396
249287,2022-12-30 10:00:00,174,1,1,False,0.18621433,0.8136056,0.00018006096
232957,2022-12-10 00:00:00,154,0,0,False,0.91548586,0.08428399,0.0002301318
188972,2022-12-09 20:00:00,1,1,1,False,0.001015584,0.9989139,7.056827e-05
321792,2022-12-16 08:00:00,269,2,0,True,0.75131804,0.0010985283,0.24758337
171419,2022-11-23 11:00:00,77,1,0,True,0.8502416,0.14937225,0.00038610335
105717,2022-11-26 17:00:00,233,2,0,True,0.7291683,0.00069121906,0.2701405
145280,2022-11-06 18:00:00,42,2,2,False,0.13915688,0.0004982889,0.8603448
70698,2022-11-27 09:00:00,188,2,2,False,0.33169538,0.0006056243,0.66769904
30247,2022-11-10 06:00:00,137,0,0,False,0.99738806,0.002391967,0.0002199679
346172,2022-12-10 18:00:00,56,2,0,True,0.6569098,0.00076752785,0.34232265
258029,2022-12-03 05:00:00,186,2,2,False,0.070249125,0.00040847762,0.9293424
151273,2022-11-18 05:00:00,5,1,1,False,0.032152914,0.96773815,0.000108944434
224190,2022-12-05 05:00:00,143,1,1,False,0.0010566149,0.99887675,6.6624234e-05
150558,2022-11-18 05:00:00,49,0,0,False,0.98893654,0.00065182603,0.0104116015
258028,2022-12-03 04:00:00,186,2,0,True,0.73760474,0.0010868179,0.26130843
251509,2022-12-01 22:00:00,178,2,2,False,0.33928806,0.0007648995,0.65994704
63286,2022-11-16 11:00:00,179,1,0,True,0.82934725,0.1703644,0.00028832915
145717,2022-11-25 01:00:00,42,2,2,False,0.076191634,0.0004317343,0.9233766
297511,2022-12-26 23:00:00,236,2,0,True,0.9514977,0.0005835871,0.04791876
180434,2022-11-11 19:00:00,89,1,1,False,0.0010696315,0.9988655,6.4930624e-05
34800,2022-11-21 05:00:00,142,1,1,False,0.0011325602,0.9987954,7.197429e-05
329418,2022-12-03 15:00:00,35,1,1,False,0.0038960483,0.9959598,0.00014412982
338611,2022-12-27 02:00:00,46,1,1,False,0.03766003,0.96222687,0.0001131076
243917,2022-12-16 01:00:00,168,2,2,False,0.4132801,0.0008855519,0.5858343
310722,2022-12-05 17:00:00,254,0,0,False,0.9961719,0.0018063914,0.0020217414
96143,2022-11-15 02:00:00,220,2,2,False,0.034086503,0.00025216435,0.9656613
335929,2022-12-04 13:00:00,43,2,2,False,0.35859185,0.00056209764,0.640846
13131,2022-11-12 02:00:00,115,1,1,False,0.086342394,0.9133969,0.00026071447
154810,2022-11-16 15:00:00,54,1,0,True,0.77785623,0.2218896,0.0002541203
352914,2022-12-22 05:00:00,64,1,1,False,0.029224534,0.97062546,0.00014997524
326099,2022-12-15 13:00:00,30,0,0,False,0.958986,0.04060542,0.0004085559
43680,2022-11-03 20:00:00,154,1,0,True,0.5486487,0.4507145,0.000636775
105986,2022-11-08 01:00:00,234,2,2,False,0.115150645,0.00048048468,0.8843689
330601,2022-12-23 19:00:00,36,2,2,False,0.18319327,0.00088395976,0.81592274
51059,2022-11-13 11:00:00,163,1,0,True,0.5611561,0.43860877,0.0002351598
41999,2022-11-23 06:00:00,151,0,0,False,0.9971988,0.0019492846,0.00085189776
175506,2022-11-15 00:00:00,82,2,2,False,0.07105043,0.00034560834,0.92860395
96453,2022-11-28 00:00:00,220,2,2,False,0.113142215,0.0005385062,0.8863193
79561,2022-11-09 09:00:00,2,0,0,False,0.98401916,0.015556256,0.00042451834
45788,2022-11-02 04:00:00,157,0,0,False,0.9941784,0.0052008447,0.0006207467
119616,2022-11-10 00:00:00,252,0,0,False,0.99505424,0.0047600674,0.0001857202
250985,2022-12-10 03:00:00,177,0,0,False,0.9957703,0.0040130955,0.00021665178
37219,2022-11-02 18:00:00,146,2,0,True,0.8776695,0.0037846786,0.118545845
90514,2022-11-18 21:00:00,212,1,1,False,0.15489994,0.8449035,0.00019648903
344207,2022-12-19 20:00:00,53,0,0,False,0.9888159,0.003231375,0.007952739
181882,2022-11-12 13:00:00,90,0,0,False,0.99308395,0.004349295,0.0025668014
270226,2022-12-31 16:00:00,20,1,1,False,0.0010628366,0.99887365,6.354824e-05
294675,2022-12-28 23:00:00,232,2,2,False,0.40226328,0.0009198286,0.5968169
77301,2022-11-04 12:00:00,197,1,1,False,0.2293169,0.77035826,0.000324879
170963,2022-11-04 09:00:00,77,1,1,False,0.39232478,0.5952924,0.012382853
335503,2022-12-16 20:00:00,42,2,0,True,0.8606905,0.001516669,0.1377928
296236,2022-12-02 23:00:00,235,2,2,False,0.14800917,0.00052409736,0.8514668
195225,2022-12-30 23:00:00,106,0,0,False,0.9982079,0.00069137046,0.0011006744
107318,2022-11-03 23:00:00,236,2,0,True,0.906316,0.0009483456,0.092735656
172366,2022-11-03 06:00:00,79,0,0,False,0.9632701,0.00068485155,0.036045063
69591,2022-11-11 01:00:00,187,2,2,False,0.13818358,0.0005690779,0.86124736
200087,2022-12-23 06:00:00,112,1,1,False,0.16528144,0.83432597,0.0003925343
46913,2022-11-19 11:00:00,158,1,1,False,0.29596183,0.70379287,0.00024527492
253252,2022-12-14 11:00:00,18,0,0,False,0.9971807,0.0023983263,0.00042098697
219045,2022-12-01 03:00:00,137,1,1,False,0.03585809,0.9640416,0.00010032938
370806,2022-12-15 18:00:00,89,1,1,False,0.0010446963,0.99888855,6.671728e-05
262301,2022-12-31 22:00:00,190,0,0,False,0.9970847,0.0007844858,0.0021308945
200098,2022-12-23 17:00:00,112,1,1,False,0.44708404,0.5524339,0.00048204107
368261,2022-12-30 19:00:00,85,2,2,False,0.4068836,0.00079325103,0.5923231
175646,2022-11-20 20:00:00,82,2,0,True,0.5882619,0.00093613786,0.41080192
76522,2022-11-01 17:00:00,196,0,0,False,0.9980185,0.0012139062,0.00076762843
169339,2022-11-26 04:00:00,74,0,0,False,0.94911987,0.0507425,0.00013761388
105658,2022-11-24 06:00:00,233,2,0,True,0.50093126,0.00080696255,0.4982618
26644,2022-11-09 02:00:00,132,2,2,False,0.08273141,0.0005054156,0.9167632
331752,2022-12-10 18:00:00,38,1,1,False,0.0010463379,0.9988859,6.778061e-05
70903,2022-11-06 01:00:00,189,2,0,True,0.8468859,0.0008567301,0.15225743
153714,2022-11-30 13:00:00,52,1,0,True,0.63846236,0.36117858,0.00035900992
101078,2022-11-12 04:00:00,227,2,2,False,0.022573236,0.00022421502,0.9772026
269490,2022-12-31 01:00:00,2,1,1,False,0.004524229,0.9953158,0.00015997117
57956,2022-11-02 20:00:00,172,1,1,False,0.33419782,0.66552895,0.00027316026
187600,2022-11-12 11:00:00,98,1,0,True,0.6102631,0.3894563,0.00028055895
146876,2022-11-13 18:00:00,44,0,0,False,0.9934089,0.0016951048,0.004896036
315164,2022-12-10 13:00:00,260,0,0,False,0.9963497,0.003171004,0.00047926322
95978,2022-11-08 03:00:00,220,2,2,False,0.078039244,0.00051756616,0.9214432
124547,2022-11-06 20:00:00,26,2,2,False,0.3859676,0.0009945666,0.6130378
370839,2022-12-17 12:00:00,89,1,1,False,0.0032286386,0.9965842,0.00018712113
231483,2022-12-08 16:00:00,152,0,0,False,0.9979242,0.0017310457,0.00034469744
133422,2022-11-19 05:00:00,270,1,1,False,0.017362837,0.98253816,9.901507e-05
14524,2022-11-10 13:00:00,117,1,1,False,0.338459,0.6612787,0.00026230462
14027,2022-11-19 15:00:00,116,0,0,False,0.9943538,0.00062306446,0.005023138
332005,2022-12-22 05:00:00,38,0,1,True,0.10854515,0.89126295,0.00019191207
103084,2022-11-06 07:00:00,230,2,2,False,0.07356468,0.00037402092,0.92606133
227717,2022-12-01 23:00:00,148,1,1,False,0.20245245,0.7973072,0.000240366
255508,2022-12-19 04:00:00,182,2,2,False,0.08030887,0.00042708445,0.919264
156438,2022-11-24 21:00:00,56,2,0,True,0.7305657,0.0012972527,0.26813695
50863,2022-11-05 05:00:00,163,0,0,False,0.995262,0.0044683972,0.00026959245
71714,2022-11-10 03:00:00,19,1,1,False,0.03524087,0.96461785,0.00014124882
287918,2022-12-16 21:00:00,223,0,0,False,0.9932266,0.006479656,0.0002937665
107159,2022-11-27 05:00:00,235,2,2,False,0.06427164,0.00040938926,0.93531895
157200,2022-11-26 20:00:00,57,2,0,True,0.776289,0.0023700753,0.221341
207345,2022-12-25 06:00:00,121,0,0,False,0.99881977,0.000474002,0.00070625346
324323,2022-12-01 15:00:00,29,1,1,False,0.0010590306,0.99887687,6.40413e-05
99933,2022-11-24 01:00:00,225,0,0,False,0.99831605,0.0012515276,0.00043239677
255839,2022-12-02 02:00:00,183,0,0,False,0.9523225,0.000707265,0.046970177
97074,2022-11-24 02:00:00,221,2,2,False,0.054564122,0.0003189634,0.9451169
342420,2022-12-04 15:00:00,51,0,0,False,0.9088058,0.0006326743,0.090561606
250790,2022-12-02 00:00:00,177,2,2,False,0.08837821,0.00048008063,0.9111417
105679,2022-11-25 03:00:00,233,2,2,False,0.020994423,0.00021987608,0.97878563
275822,2022-12-24 12:00:00,207,0,0,False,0.9932654,0.006375038,0.0003595237
324982,2022-12-30 00:00:00,29,1,1,False,0.0010364008,0.9989023,6.1258164e-05
129714,2022-11-13 16:00:00,266,0,0,False,0.84572643,0.15401432,0.00025931722
367425,2022-12-26 00:00:00,84,0,0,False,0.997148,0.0020918555,0.00076014345
155960,2022-11-04 21:00:00,56,0,0,False,0.5035317,0.0015287533,0.49493957
284465,2022-12-24 03:00:00,218,1,1,False,0.003913506,0.99594647,0.00013998707
346461,2022-12-23 17:00:00,56,0,0,False,0.9774136,0.021371419,0.0012150645
99106,2022-11-19 09:00:00,224,2,0,True,0.9729714,0.00053499977,0.026493568
326183,2022-12-19 21:00:00,30,0,0,False,0.97588044,0.023366865,0.00075265026
307519,2022-12-23 09:00:00,25,0,0,False,0.99440455,0.0038511145,0.0017442632
113180,2022-11-09 23:00:00,244,2,2,False,0.250163,0.0007822386,0.74905473
141707,2022-11-06 20:00:00,38,2,2,False,0.34890047,0.0008363979,0.65026313
152759,2022-11-20 13:00:00,51,2,2,False,0.24059822,0.0006260899,0.75877565
375264,2022-12-22 04:00:00,94,0,0,False,0.9967577,0.0030527161,0.00018957899
104991,2022-11-26 06:00:00,232,2,2,False,0.10098658,0.000496266,0.89851713
41953,2022-11-21 08:00:00,151,2,0,True,0.96035093,0.019623913,0.020025179
105988,2022-11-08 03:00:00,234,2,2,False,0.07081962,0.0003975674,0.92878276
145402,2022-11-11 22:00:00,42,2,2,False,0.097893216,0.00063297193,0.9014738
68876,2022-11-11 01:00:00,186,2,2,False,0.13616365,0.00079186936,0.86304444
205852,2022-12-23 03:00:00,12,0,0,False,0.99618965,0.003280501,0.0005298754
271359,2022-12-18 06:00:00,201,0,0,False,0.99776375,0.001920801,0.00031548846
92968,2022-11-01 18:00:00,216,0,0,False,0.99239457,0.007362278,0.00024315788
145808,2022-11-28 20:00:00,42,2,2,False,0.37819302,0.0007659532,0.62104106
60187,2022-11-06 10:00:00,175,0,0,False,0.9758469,0.00048287536,0.023670206
177306,2022-11-30 10:00:00,84,0,0,False,0.9937416,0.0016001454,0.004658219
286437,2022-12-15 06:00:00,221,2,0,True,0.7915812,0.00066663127,0.20775215
324652,2022-12-15 08:00:00,29,1,1,False,0.0010785076,0.9988373,8.417279e-05
24870,2022-11-24 13:00:00,13,0,0,False,0.93593013,0.06255482,0.0015149883
261812,2022-12-10 15:00:00,190,0,0,False,0.9532319,0.04630202,0.00046614508
65664,2022-11-26 04:00:00,181,0,0,False,0.98564667,0.0007910853,0.013562209
54088,2022-11-20 12:00:00,167,0,0,False,0.9594349,0.040292587,0.00027250446
269943,2022-12-19 19:00:00,20,1,1,False,0.0031018008,0.99671304,0.00018513708
132473,2022-11-09 11:00:00,27,0,0,False,0.94978386,0.04975235,0.00046374064
65693,2022-11-27 09:00:00,181,2,0,True,0.5350983,0.0006833807,0.46421832
66989,2022-11-21 19:00:00,183,0,0,False,0.9555541,0.042966824,0.0014790633
304061,2022-12-29 12:00:00,245,1,1,False,0.0010655171,0.9988595,7.4941934e-05
331686,2022-12-08 00:00:00,38,1,1,False,0.000996861,0.998941,6.216422e-05
119100,2022-11-18 07:00:00,251,0,0,False,0.9952974,0.002790857,0.0019118147
40683,2022-11-28 00:00:00,15,0,0,False,0.99466765,0.0051043862,0.00022801477
208115,2022-12-27 07:00:00,122,0,0,False,0.9952455,0.0031048816,0.0016495896
315123,2022-12-08 20:00:00,260,0,0,False,0.9976846,0.001657148,0.00065830414
9528,2022-11-10 22:00:00,110,1,1,False,0.20280151,0.7969154,0.00028309485
280922,2022-12-26 17:00:00,213,0,0,False,0.9943066,0.0053252387,0.00036816773
3106,2022-11-11 11:00:00,102,0,0,False,0.99699116,0.0026767147,0.00033208987
100501,2022-11-17 22:00:00,226,2,0,True,0.60498846,0.0010692085,0.3939424
288326,2022-12-03 20:00:00,224,2,0,True,0.51569873,0.00097274996,0.48332855
39576,2022-11-11 16:00:00,149,1,0,True,0.80779344,0.19181083,0.00039569105
272697,2022-12-13 13:00:00,203,1,1,False,0.05911304,0.94076157,0.00012546423
134205,2022-11-22 01:00:00,28,0,0,False,0.99703443,0.0027504452,0.00021507166
180188,2022-11-01 08:00:00,89,1,1,False,0.0010700898,0.99885225,7.7657554e-05
114872,2022-11-20 21:00:00,246,1,1,False,0.061781954,0.9380407,0.00017730486
94970,2022-11-25 19:00:00,218,1,1,False,0.0033878966,0.9964945,0.00011766144
173250,2022-11-10 09:00:00,8,1,0,True,0.65114164,0.34823143,0.0006269577
206045,2022-12-31 04:00:00,12,1,1,False,0.17224275,0.8275935,0.00016373432
123920,2022-11-10 14:00:00,259,0,0,False,0.953859,0.04588255,0.00025843157
165529,2022-11-16 09:00:00,69,2,2,False,0.18914503,0.0007619861,0.81009305
107796,2022-11-23 23:00:00,236,2,2,False,0.095334694,0.00048285438,0.9041825
203033,2022-12-25 20:00:00,116,0,0,False,0.99775046,0.0015838942,0.0006656869
95880,2022-11-04 01:00:00,220,2,2,False,0.19801679,0.00062160764,0.80136156
158637,2022-11-27 03:00:00,59,1,1,False,0.25077245,0.74888575,0.00034181846
202863,2022-12-18 05:00:00,116,0,0,False,0.996136,0.0015776785,0.002286232
135116,2022-11-30 05:00:00,29,1,1,False,0.0010400611,0.99888974,7.023242e-05
267246,2022-12-27 16:00:00,197,1,0,True,0.9524432,0.04718469,0.00037208694
69605,2022-11-11 15:00:00,187,2,2,False,0.38292825,0.00078299735,0.6162888
339928,2022-12-21 21:00:00,48,2,2,False,0.11986861,0.00068155566,0.87944984
105962,2022-11-07 01:00:00,234,2,2,False,0.03326288,0.00026111578,0.966476
330664,2022-12-26 10:00:00,36,2,0,True,0.8452645,0.0015301952,0.15320529
167262,2022-11-29 00:00:00,71,1,1,False,0.15576808,0.8440353,0.0001965533
363548,2022-12-13 18:00:00,8,1,1,False,0.15815592,0.84156,0.0002840655
140061,2022-11-27 17:00:00,35,1,1,False,0.0036622111,0.99620974,0.00012807416
10758,2022-11-02 09:00:00,112,2,0,True,0.7398796,0.004117504,0.2560029
358638,2022-12-20 07:00:00,73,0,0,False,0.9117379,0.087944314,0.00031771953
108966,2022-11-13 03:00:00,238,2,2,False,0.06631723,0.00035984637,0.93332285
331184,2022-12-17 12:00:00,37,1,1,False,0.0032056584,0.99660563,0.0001887038
150206,2022-11-03 11:00:00,49,0,0,False,0.99361044,0.0042010527,0.0021884302
352097,2022-12-17 16:00:00,63,1,1,False,0.293305,0.70613354,0.00056148006
78308,2022-11-16 18:00:00,198,2,2,False,0.16723603,0.0007867204,0.83197725
60850,2022-11-04 06:00:00,176,2,2,False,0.33411014,0.00059917086,0.6652907
110292,2022-11-08 19:00:00,240,0,0,False,0.96122324,0.036473807,0.0023028734
165817,2022-11-28 09:00:00,69,2,2,False,0.41017985,0.0010820677,0.5887381
269537,2022-12-02 01:00:00,20,1,1,False,0.0010420694,0.9988952,6.271275e-05
202919,2022-12-21 02:00:00,116,0,0,False,0.99150074,0.008317146,0.00018205382
69521,2022-11-08 01:00:00,187,2,0,True,0.6815149,0.0009453945,0.31753972
318476,2022-12-29 07:00:00,264,1,1,False,0.3495763,0.6501433,0.00028039928
269746,2022-12-10 18:00:00,20,1,1,False,0.0010513476,0.9988794,6.922903e-05
34523,2022-11-09 16:00:00,142,1,1,False,0.001088428,0.99884206,6.9481335e-05
139340,2022-11-27 11:00:00,34,1,0,True,0.5896455,0.41011333,0.00024114568
27894,2022-11-01 09:00:00,134,0,0,False,0.9951944,0.0018258162,0.002979817
106863,2022-11-14 21:00:00,235,2,2,False,0.11523075,0.00046656924,0.8843026
224539,2022-12-20 16:00:00,143,1,1,False,0.0036873324,0.9960737,0.00023891852
105771,2022-11-28 23:00:00,233,2,2,False,0.13162786,0.00049241417,0.86787975
24000,2022-11-18 02:00:00,129,2,2,False,0.19508296,0.0008365178,0.80408055
61637,2022-11-07 06:00:00,177,2,0,True,0.8678567,0.0010910673,0.13105229
237753,2022-12-30 12:00:00,16,1,1,False,0.0011254506,0.9988029,7.166593e-05
239575,2022-12-15 09:00:00,162,0,0,False,0.6286825,0.0007823818,0.3705351
80550,2022-11-20 19:00:00,20,1,1,False,0.001062115,0.99886775,7.017356e-05
149808,2022-11-16 18:00:00,48,0,0,False,0.91746265,0.08182929,0.00070806046
266718,2022-12-04 18:00:00,197,0,0,False,0.9975745,0.00091024034,0.0015152006
138072,2022-11-04 08:00:00,33,1,0,True,0.9270852,0.0721769,0.000737914
330052,2022-12-30 23:00:00,35,1,1,False,0.005278622,0.9945692,0.00015223981
224220,2022-12-06 11:00:00,143,1,1,False,0.0010510361,0.99888104,6.787374e-05
64488,2022-11-06 21:00:00,180,0,0,False,0.59792966,0.40179792,0.0002724065
80037,2022-11-29 05:00:00,2,1,1,False,0.02390692,0.97601694,7.615789e-05
139426,2022-11-01 01:00:00,35,1,1,False,0.039833065,0.96006805,9.887581e-05
349362,2022-12-24 10:00:00,6,1,0,True,0.63271135,0.36701286,0.0002758119
81652,2022-11-07 01:00:00,201,0,0,False,0.994998,0.004753191,0.00024887276
8935,2022-11-16 00:00:00,11,1,1,False,0.15253016,0.8472797,0.00019013262
286880,2022-12-03 16:00:00,222,1,1,False,0.2853644,0.71441495,0.00022065776
241860,2022-12-21 09:00:00,165,2,2,False,0.16427603,0.001841572,0.83388233
121638,2022-11-04 19:00:00,256,1,1,False,0.32589042,0.6738706,0.00023902237
63109,2022-11-09 02:00:00,179,2,0,True,0.769561,0.0008476654,0.2295914
255514,2022-12-19 10:00:00,182,0,0,False,0.9911329,0.0010029303,0.0078642
175505,2022-11-14 23:00:00,82,2,2,False,0.093596436,0.0004235038,0.90598005
129695,2022-11-12 21:00:00,266,0,0,False,0.9498055,0.050047997,0.00014656721
69930,2022-11-25 04:00:00,187,2,0,True,0.56349725,0.0007574607,0.43574527
182263,2022-11-28 10:00:00,90,0,0,False,0.9955884,0.0013826574,0.0030288966
340839,2022-12-29 19:00:00,49,0,0,False,0.6533939,0.3461702,0.00043590198
66904,2022-11-18 06:00:00,183,0,0,False,0.9906035,0.0011970818,0.008199389
96816,2022-11-13 08:00:00,221,2,2,False,0.2342385,0.0005038639,0.76525766
174859,2022-11-17 20:00:00,81,2,0,True,0.9610037,0.0028389988,0.03615731
9235,2022-11-28 12:00:00,11,0,0,False,0.99231696,0.0021523898,0.0055306866
67401,2022-11-09 04:00:00,184,2,2,False,0.043188136,0.00038334235,0.9564285
221054,2022-12-25 16:00:00,139,0,0,False,0.90427333,0.09550146,0.00022527964
46114,2022-11-15 23:00:00,157,0,0,False,0.99128014,0.0044488627,0.004271022
64412,2022-11-03 17:00:00,180,0,0,False,0.985225,0.001807502,0.012967425
59516,2022-11-08 06:00:00,174,0,0,False,0.99779534,0.0011295066,0.0010751081
276781,2022-12-03 11:00:00,209,1,1,False,0.4023885,0.5973643,0.00024720587
363365,2022-12-06 03:00:00,8,0,0,False,0.99108875,0.008683959,0.00022729904
181050,2022-11-07 14:00:00,9,0,0,False,0.7917841,0.0012565103,0.2069594
100413,2022-11-14 06:00:00,226,2,2,False,0.43179238,0.0006802065,0.5675274
26329,2022-11-25 18:00:00,131,0,0,False,0.99380034,0.003983267,0.0022163454
198871,2022-12-01 17:00:00,111,1,0,True,0.8317542,0.16759208,0.0006536967
62599,2022-11-17 15:00:00,178,0,0,False,0.68572503,0.31401026,0.00026474986
243592,2022-12-02 12:00:00,168,1,0,True,0.7898576,0.20958687,0.0005555135
11092,2022-11-16 12:00:00,112,2,2,False,0.12830326,0.00063621474,0.8710605
365912,2022-12-23 01:00:00,82,2,2,False,0.12882335,0.0005286617,0.87064797
286564,2022-12-21 11:00:00,221,0,0,False,0.99658453,0.0014206523,0.0019947814
182832,2022-11-22 08:00:00,91,2,2,False,0.37082097,0.0027161848,0.6264629
13416,2022-11-23 23:00:00,115,1,0,True,0.54719555,0.45248416,0.0003202813
239189,2022-12-30 06:00:00,161,1,1,False,0.19860896,0.80119723,0.0001938362
245694,2022-12-30 22:00:00,17,0,0,False,0.9825104,0.016872257,0.00061734836
104864,2022-11-20 23:00:00,232,2,2,False,0.11730235,0.0005405315,0.8821571
156103,2022-11-10 22:00:00,56,2,2,False,0.40811574,0.00078436,0.59109986
30659,2022-11-27 10:00:00,137,0,0,False,0.99596727,0.003743628,0.0002890696
187566,2022-11-11 01:00:00,98,1,1,False,0.03612561,0.96376336,0.00011098286
308304,2022-12-26 01:00:00,250,1,1,False,0.12551817,0.8743122,0.00016961644
246444,2022-12-01 04:00:00,171,1,1,False,0.14323294,0.85655683,0.00021024293
73091,2022-11-07 20:00:00,191,0,0,False,0.810745,0.18904237,0.00021263456
152752,2022-11-20 06:00:00,51,2,0,True,0.8267453,0.00073730963,0.17251737
365488,2022-12-04 11:00:00,82,2,2,False,0.113326594,0.00047958494,0.8861938
54655,2022-11-14 08:00:00,168,1,0,True,0.5214837,0.47808966,0.00042658547
243636,2022-12-04 08:00:00,168,2,0,True,0.87775314,0.00097225985,0.12127453
152908,2022-11-26 18:00:00,51,2,0,True,0.9958103,0.0013475033,0.0028422165
7447,2022-11-13 14:00:00,108,0,0,False,0.85198754,0.14771631,0.0002961214
112545,2022-11-13 07:00:00,243,2,2,False,0.045776647,0.000309381,0.953914
290826,2022-12-18 06:00:00,227,2,2,False,0.062463574,0.00044155557,0.93709487
373972,2022-12-28 10:00:00,92,2,2,False,0.19882102,0.0006177688,0.80056125
183359,2022-11-14 12:00:00,92,2,2,False,0.124371655,0.000531864,0.87509644
328558,2022-12-28 19:00:00,33,0,0,False,0.97423697,0.024710888,0.0010521577
249122,2022-12-23 13:00:00,174,1,1,False,0.046228416,0.9536628,0.0001087053
145287,2022-11-07 01:00:00,42,2,2,False,0.06644107,0.00039627214,0.9331627
13734,2022-11-07 08:00:00,116,0,0,False,0.9823965,0.0043949313,0.0132085625
246948,2022-12-23 02:00:00,171,1,0,True,0.71938646,0.28034294,0.00027061108
230905,2022-12-14 15:00:00,151,2,2,False,0.26165557,0.0007092844,0.73763514
5666,2022-11-28 18:00:00,105,2,2,False,0.28238234,0.0006524587,0.7169652
102007,2022-11-21 02:00:00,228,2,2,False,0.08153965,0.00041819218,0.9180421
47108,2022-11-27 14:00:00,158,1,1,False,0.21984738,0.7799443,0.00020832715
37021,2022-11-24 09:00:00,145,2,2,False,0.23704554,0.0007799406,0.76217455
299376,2022-12-13 15:00:00,239,2,0,True,0.55324954,0.0007930331,0.44595745
105746,2022-11-27 22:00:00,233,2,2,False,0.0930318,0.0003877544,0.90658045
38053,2022-11-07 17:00:00,147,1,1,False,0.0010173906,0.9989146,6.803162e-05
288667,2022-12-18 10:00:00,224,0,0,False,0.97518796,0.00093659875,0.023875393
346369,2022-12-19 19:00:00,56,2,2,False,0.15939966,0.0007013139,0.839899
87303,2022-11-04 04:00:00,209,0,0,False,0.93815714,0.06169915,0.000143757
326564,2022-12-04 21:00:00,31,0,0,False,0.99705243,0.0019667626,0.0009807856
68952,2022-11-14 05:00:00,186,2,2,False,0.07261499,0.0003990928,0.9269859
85185,2022-11-05 07:00:00,206,1,1,False,0.08060171,0.9191902,0.00020806609
27382,2022-11-10 01:00:00,133,2,2,False,0.043597315,0.00030926178,0.95609343
34547,2022-11-10 16:00:00,142,1,1,False,0.0010930604,0.9988424,6.457651e-05
203256,2022-12-04 04:00:00,117,1,0,True,0.9617121,0.03816372,0.00012418469
325248,2022-12-10 03:00:00,3,0,0,False,0.93916,0.060659047,0.00018099362
8210,2022-11-15 14:00:00,109,0,0,False,0.9793803,0.01826943,0.0023502144
96074,2022-11-12 05:00:00,220,2,2,False,0.07417887,0.00053546875,0.92528564
332557,2022-12-14 06:00:00,39,2,2,False,0.24472266,0.00056283467,0.7547145
298307,2022-12-30 02:00:00,237,0,0,False,0.99785304,0.0017010851,0.00044588838
198668,2022-12-24 05:00:00,110,1,1,False,0.12495096,0.8748254,0.00022359758
332296,2022-12-03 09:00:00,39,2,0,True,0.54882467,0.001734502,0.44944087
176060,2022-11-08 05:00:00,83,2,2,False,0.09359657,0.0005846439,0.90581876
301237,2022-12-01 01:00:00,242,2,2,False,0.06612517,0.0004092332,0.9334656
329524,2022-12-08 01:00:00,35,1,1,False,0.0009906418,0.9989373,7.208234e-05
300738,2022-12-10 07:00:00,241,0,0,False,0.99563354,0.0030525727,0.0013138464
85749,2022-11-28 21:00:00,206,1,1,False,0.3868248,0.61291176,0.00026342695
302911,2022-12-10 17:00:00,244,1,0,True,0.96102756,0.03848,0.00049239554
319882,2022-12-27 19:00:00,266,0,0,False,0.7892987,0.21039511,0.00030619025
319854,2022-12-26 15:00:00,266,0,0,False,0.9539747,0.045690957,0.00033432536
126486,2022-11-28 03:00:00,261,0,0,False,0.90649,0.09328689,0.00022304595
331568,2022-12-03 02:00:00,38,1,1,False,0.042419307,0.95744747,0.00013319895
349940,2022-12-17 22:00:00,60,0,0,False,0.9963666,0.0026545725,0.0009787612
144987,2022-11-24 10:00:00,41,1,1,False,0.3215466,0.67800623,0.00044715777
190020,2022-12-24 09:00:00,10,0,0,False,0.99490213,0.004013329,0.0010844904
211176,2022-12-03 17:00:00,127,0,0,False,0.9944547,0.00071450014,0.0048308885
171731,2022-11-06 14:00:00,78,1,0,True,0.73363644,0.26595774,0.00040583132
307575,2022-12-25 17:00:00,25,1,0,True,0.63571715,0.363994,0.00028883282
158597,2022-11-25 11:00:00,59,0,1,True,0.33541054,0.66423994,0.00034950627
168894,2022-11-07 13:00:00,74,0,0,False,0.7945358,0.20499122,0.00047302915
368927,2022-12-28 12:00:00,86,1,0,True,0.8542262,0.14546742,0.00030643132
169856,2022-11-17 22:00:00,75,2,0,True,0.60266316,0.00085814524,0.39647865
236294,2022-12-29 19:00:00,158,0,0,False,0.9567443,0.042962562,0.0002931353
77382,2022-11-07 21:00:00,197,2,0,True,0.59998477,0.0012384929,0.39877674
69477,2022-11-06 05:00:00,187,0,0,False,0.6652549,0.0007732259,0.3339719
8745,2022-11-08 00:00:00,11,1,1,False,0.039834954,0.96001554,0.00014952425
64067,2022-11-19 05:00:00,18,0,0,False,0.9931263,0.0060816053,0.0007920521
45339,2022-11-13 11:00:00,156,0,0,False,0.5954,0.40436658,0.00023344465
2542,2022-11-17 18:00:00,101,1,0,True,0.97633433,0.023415435,0.00025017932
297948,2022-12-14 05:00:00,237,2,0,True,0.7132045,0.00066230504,0.2861332
255872,2022-12-03 11:00:00,183,0,0,False,0.9900107,0.00739858,0.0025907485
99730,2022-11-15 14:00:00,225,0,0,False,0.9968876,0.002801266,0.00031105013
143621,2022-11-27 02:00:00,4,1,0,True,0.8703881,0.12937392,0.00023800383
95494,2022-11-17 20:00:00,219,2,0,True,0.5500091,0.0009821124,0.44900885
229509,2022-12-16 13:00:00,15,1,0,True,0.8434448,0.1562413,0.00031389907
77651,2022-11-19 04:00:00,197,0,0,False,0.9981592,0.001523684,0.00031714808
28993,2022-11-17 14:00:00,135,0,0,False,0.9964324,0.0008004726,0.0027670562
224410,2022-12-14 09:00:00,143,1,1,False,0.001075619,0.99884856,7.5810756e-05
161916,2022-11-14 19:00:00,63,1,1,False,0.09368849,0.9060572,0.00025431413
90873,2022-11-03 23:00:00,213,2,0,True,0.5577581,0.00088233687,0.44135958
35380,2022-11-15 14:00:00,143,1,1,False,0.001022063,0.9989127,6.530357e-05
339931,2022-12-22 00:00:00,48,2,2,False,0.054875523,0.00040007028,0.94472444
222135,2022-12-09 17:00:00,140,0,0,False,0.9971566,0.0025339907,0.00030937712
223763,2022-12-17 20:00:00,142,1,1,False,0.0031270985,0.99668676,0.00018611894
275813,2022-12-24 03:00:00,207,1,1,False,0.38188475,0.6171127,0.0010025582
70607,2022-11-23 14:00:00,188,0,0,False,0.9979394,0.0011275538,0.00093305414
334966,2022-12-25 10:00:00,41,2,2,False,0.07063379,0.00035274404,0.9290135
104536,2022-11-07 05:00:00,232,2,2,False,0.101903446,0.00047215822,0.89762443
195794,2022-12-24 15:00:00,107,0,0,False,0.9968168,0.0029588381,0.00022435136
339092,2022-12-16 04:00:00,47,0,0,False,0.7222127,0.27750582,0.00028151108
1865,2022-11-19 08:00:00,100,1,1,False,0.110830925,0.88892215,0.00024694187
367631,2022-12-03 15:00:00,85,2,2,False,0.14414631,0.000590574,0.8552631
300876,2022-12-16 01:00:00,241,0,0,False,0.97525567,0.0005385706,0.024205776
241947,2022-12-25 00:00:00,165,0,2,True,0.32453564,0.002895524,0.67256886
193481,2022-12-17 20:00:00,104,1,0,True,0.5752941,0.42440838,0.0002975638
336106,2022-12-11 22:00:00,43,2,0,True,0.7433509,0.00080302526,0.25584608
45649,2022-11-26 09:00:00,156,1,1,False,0.0011097938,0.99882156,6.859943e-05
48499,2022-11-25 23:00:00,16,1,1,False,0.0011229926,0.99881136,6.569351e-05
105287,2022-11-08 19:00:00,233,2,2,False,0.1249398,0.00061478926,0.8744454
357839,2022-12-16 05:00:00,72,0,0,False,0.99180025,0.007942903,0.00025677469
35005,2022-11-29 18:00:00,142,1,1,False,0.001072099,0.99885786,7.008833e-05
100330,2022-11-10 19:00:00,226,2,2,False,0.1620239,0.00074218004,0.8372339
15577,2022-11-24 15:00:00,118,0,0,False,0.9929463,0.0024250767,0.0046286667
174389,2022-11-28 01:00:00,80,0,0,False,0.9948161,0.00047372427,0.0047100945
327147,2022-12-30 02:00:00,31,1,1,False,0.04385588,0.9560267,0.000117505835
329966,2022-12-27 09:00:00,35,0,0,False,0.987943,0.011691267,0.0003657094
279460,2022-12-25 21:00:00,211,0,0,False,0.9973162,0.002012753,0.00067105645
189462,2022-12-31 04:00:00,1,1,1,False,0.0035648532,0.9963104,0.000124672
264922,2022-12-20 23:00:00,194,1,1,False,0.19130923,0.80843836,0.00025242442
142728,2022-11-19 16:00:00,39,1,0,True,0.6178787,0.38185725,0.00026412305
54192,2022-11-24 20:00:00,167,0,0,False,0.64592624,0.3536761,0.00039762736
61415,2022-11-27 21:00:00,176,0,0,False,0.9953673,0.0033227592,0.0013099217
78879,2022-11-10 18:00:00,199,1,1,False,0.28617275,0.7132411,0.0005861709
146580,2022-11-01 05:00:00,44,1,1,False,0.054282222,0.9455853,0.00013241467
35232,2022-11-09 10:00:00,143,1,1,False,0.0032201386,0.99656975,0.00021015388
237731,2022-12-29 14:00:00,16,1,1,False,0.0011401362,0.9987852,7.473096e-05
102401,2022-11-07 15:00:00,229,0,0,False,0.98804283,0.011588121,0.0003690393
165941,2022-11-03 16:00:00,7,1,0,True,0.70427454,0.2953124,0.0004129892
254392,2022-12-01 21:00:00,181,2,2,False,0.10946048,0.0005416966,0.88999784
370679,2022-12-10 11:00:00,89,1,1,False,0.001063678,0.99886584,7.0490554e-05
235140,2022-12-10 20:00:00,157,0,0,False,0.76901126,0.23036288,0.0006258731
16605,2022-11-07 19:00:00,12,0,0,False,0.74638796,0.25335166,0.00026041648
324911,2022-12-27 01:00:00,29,1,1,False,0.0010730356,0.99886334,6.361355e-05
200401,2022-12-05 09:00:00,113,0,0,False,0.99295723,0.004087785,0.0029550218
299794,2022-12-01 00:00:00,240,2,2,False,0.35466385,0.0006904502,0.6446457
288961,2022-12-31 05:00:00,224,2,2,False,0.19567531,0.0006902779,0.80363435
160407,2022-11-11 12:00:00,61,0,0,False,0.986166,0.013497022,0.00033698816
334427,2022-12-02 01:00:00,41,2,2,False,0.09086712,0.000595566,0.9085373
162188,2022-11-26 03:00:00,63,0,0,False,0.9902091,0.008523592,0.0012672372
303602,2022-12-09 11:00:00,245,1,1,False,0.0010536148,0.9988795,6.6840796e-05
107899,2022-11-28 06:00:00,236,0,0,False,0.99440753,0.0052153957,0.0003770562
112800,2022-11-23 22:00:00,243,2,2,False,0.47036108,0.000860382,0.52877855
259972,2022-12-25 00:00:00,188,2,2,False,0.09996733,0.00039997188,0.8996327
288854,2022-12-26 18:00:00,224,2,2,False,0.46725604,0.0012734059,0.53147054
339758,2022-12-13 21:00:00,48,2,2,False,0.11157715,0.000485663,0.8879372
217193,2022-12-14 02:00:00,134,2,2,False,0.0930347,0.0004666039,0.9064987
149528,2022-11-05 00:00:00,48,0,0,False,0.98183686,0.013747817,0.0044153593
365914,2022-12-23 03:00:00,82,2,2,False,0.0841916,0.00047432314,0.91533405
95884,2022-11-04 05:00:00,220,0,0,False,0.99323106,0.00047012712,0.0062988126
331155,2022-12-15 22:00:00,37,1,0,True,0.63602215,0.3636476,0.00033025717
170478,2022-11-14 01:00:00,76,2,2,False,0.036314555,0.00031886908,0.96336657
20757,2022-11-01 22:00:00,125,1,1,False,0.3812225,0.6185233,0.00025422603
185390,2022-11-09 18:00:00,95,1,1,False,0.34126058,0.6583721,0.00036733618
68250,2022-11-14 18:00:00,185,0,0,False,0.9779066,0.021336548,0.000756806
234214,2022-12-02 07:00:00,156,1,1,False,0.0010483431,0.9988876,6.4130545e-05
102343,2022-11-05 05:00:00,229,2,2,False,0.026793193,0.00023600533,0.97297084
87269,2022-11-02 18:00:00,209,1,0,True,0.7366435,0.26299426,0.00036224676
29581,2022-11-12 07:00:00,136,2,2,False,0.22255747,0.001385823,0.7760567
324251,2022-12-29 14:00:00,28,1,1,False,0.0010608364,0.9988715,6.758418e-05
330885,2022-12-04 16:00:00,37,1,1,False,0.003552042,0.99630934,0.00013860404
284951,2022-12-13 10:00:00,219,0,0,False,0.99737906,0.0018002223,0.0008207671
144758,2022-11-14 21:00:00,41,2,0,True,0.9274573,0.001074902,0.07146787
76833,2022-11-14 21:00:00,196,0,0,False,0.8591461,0.1407021,0.00015178465
187861,2022-11-23 08:00:00,98,0,0,False,0.9799849,0.019616466,0.00039859017
68880,2022-11-11 05:00:00,186,2,2,False,0.27357948,0.0010791564,0.7253414
55123,2022-11-03 23:00:00,169,0,0,False,0.98116887,0.013795608,0.005035585
228132,2022-12-20 02:00:00,148,0,0,False,0.9884106,0.01146573,0.00012373597
96952,2022-11-19 00:00:00,221,2,0,True,0.9912156,0.0007721479,0.008012224
258676,2022-12-31 02:00:00,186,2,2,False,0.03439012,0.0002515792,0.96535826
114385,2022-11-30 09:00:00,245,1,1,False,0.0010516818,0.9988734,7.493826e-05
13000,2022-11-06 13:00:00,115,2,0,True,0.9483546,0.0007974617,0.05084798
8730,2022-11-07 09:00:00,11,2,0,True,0.66619515,0.0015203428,0.33228454
367752,2022-12-08 16:00:00,85,0,0,False,0.99842924,0.0007353055,0.0008354811
143946,2022-11-10 20:00:00,40,0,0,False,0.99322104,0.0025752576,0.0042036255
336731,2022-12-07 22:00:00,44,2,2,False,0.15396817,0.00065254606,0.8453793
120282,2022-11-07 21:00:00,253,0,0,False,0.9724109,0.026502535,0.0010865463
159592,2022-11-07 06:00:00,60,1,1,False,0.07734909,0.9225275,0.00012342166
9839,2022-11-23 21:00:00,110,1,1,False,0.07896417,0.92086935,0.00016649968
249938,2022-12-27 12:00:00,175,0,0,False,0.9959817,0.0026200823,0.001398275
363069,2022-12-24 18:00:00,79,2,0,True,0.8669852,0.0010050572,0.13200971
41620,2022-11-07 09:00:00,151,2,2,False,0.47022188,0.0015869325,0.52819115
329487,2022-12-06 12:00:00,35,1,1,False,0.0038036343,0.99603206,0.0001643094
240442,2022-12-22 09:00:00,163,1,1,False,0.20661268,0.7931763,0.00021099126
154286,2022-11-24 14:00:00,53,1,0,True,0.50130475,0.49842224,0.00027298412
307341,2022-12-15 01:00:00,25,1,1,False,0.07394343,0.92592925,0.00012735411
15218,2022-11-09 16:00:00,118,0,0,False,0.963019,0.0008310265,0.036150005
100831,2022-11-01 16:00:00,227,2,0,True,0.6447583,0.00087661645,0.35436514
302218,2022-12-11 21:00:00,243,2,2,False,0.07651358,0.00039491858,0.92309153
216905,2022-12-02 02:00:00,134,2,2,False,0.14127214,0.00065206626,0.8580758
342426,2022-12-04 21:00:00,51,2,0,True,0.89843524,0.00062356977,0.10094115
297177,2022-12-12 03:00:00,236,2,2,False,0.027878119,0.00023222061,0.9718897
145275,2022-11-06 13:00:00,42,2,2,False,0.24642473,0.0006865512,0.75288874
144044,2022-11-14 22:00:00,40,1,1,False,0.2892024,0.71055907,0.00023858059
250250,2022-12-09 13:00:00,176,0,0,False,0.997551,0.0009512304,0.0014977677
231280,2022-12-31 04:00:00,151,2,2,False,0.110642634,0.00046779352,0.88888955
126089,2022-11-11 14:00:00,261,1,1,False,0.34690782,0.65272915,0.00036299851
269673,2022-12-07 17:00:00,20,1,1,False,0.0010287779,0.9989071,6.4134554e-05
335169,2022-12-02 22:00:00,42,2,2,False,0.13205862,0.00066887646,0.8672725
264648,2022-12-08 15:00:00,194,1,0,True,0.6942204,0.3055301,0.000249472
69359,2022-11-01 04:00:00,187,2,2,False,0.06364175,0.0005706286,0.9357876
309656,2022-12-22 07:00:00,252,2,0,True,0.5199711,0.004421261,0.47560763
21510,2022-11-03 15:00:00,126,2,0,True,0.7140295,0.0012644451,0.28470603
19149,2022-11-24 12:00:00,122,0,0,False,0.873563,0.12619603,0.00024099473
69615,2022-11-12 01:00:00,187,2,0,True,0.97773314,0.0019232538,0.02034362
35654,2022-11-27 00:00:00,143,1,1,False,0.0011019502,0.99883145,6.654781e-05
35046,2022-11-01 11:00:00,143,1,1,False,0.0010111821,0.9989256,6.31708e-05
48456,2022-11-24 04:00:00,16,1,1,False,0.001188782,0.99872917,8.204876e-05
35087,2022-11-03 07:00:00,143,1,1,False,0.00393077,0.9958377,0.00023158929
370840,2022-12-17 13:00:00,89,1,1,False,0.003100562,0.9967146,0.0001848653
53819,2022-11-09 07:00:00,167,1,1,False,0.11052355,0.8892795,0.00019696626
87194,2022-11-29 12:00:00,208,1,0,True,0.7964687,0.20311844,0.00041282928
119724,2022-11-14 12:00:00,252,0,0,False,0.9964167,0.0023371617,0.0012461082
187495,2022-11-08 00:00:00,98,1,1,False,0.0353924,0.964484,0.00012360125
200560,2022-12-12 00:00:00,113,0,0,False,0.9962418,0.0025560095,0.0012022156
213747,2022-12-21 15:00:00,13,1,0,True,0.9680039,0.030139502,0.001856523
213456,2022-12-08 14:00:00,13,1,0,True,0.8366418,0.16302812,0.0003301313
126699,2022-11-07 03:00:00,262,2,2,False,0.02964751,0.000294051,0.9700585
106296,2022-11-21 01:00:00,234,2,2,False,0.45257828,0.0007808798,0.5466408
217951,2022-12-15 15:00:00,135,0,0,False,0.98609155,0.013684703,0.00022370629
26235,2022-11-21 20:00:00,131,0,0,False,0.9815006,0.014909605,0.0035897843
331896,2022-12-16 18:00:00,38,1,1,False,0.004234337,0.9956079,0.00015780523
90703,2022-11-26 18:00:00,212,1,0,True,0.61500245,0.3847481,0.00024948415
123792,2022-11-05 04:00:00,259,0,0,False,0.9976427,0.0016446926,0.0007125918
114244,2022-11-24 12:00:00,245,1,1,False,0.0010557763,0.9988681,7.610808e-05
308815,2022-12-16 09:00:00,251,1,0,True,0.8690895,0.13070439,0.00020615778
81665,2022-11-07 14:00:00,201,1,1,False,0.24430461,0.7554741,0.00022128386
83426,2022-11-21 11:00:00,203,1,1,False,0.0010070652,0.9989248,6.8150504e-05
85077,2022-11-30 16:00:00,205,1,1,False,0.29156306,0.7081918,0.00024507492
84226,2022-11-25 00:00:00,204,1,1,False,0.3799123,0.6196826,0.00040511184
178901,2022-11-07 10:00:00,87,1,1,False,0.2572583,0.7425212,0.00022048967
97076,2022-11-24 04:00:00,221,2,2,False,0.16917656,0.0006309215,0.8301925
68329,2022-11-18 01:00:00,185,2,2,False,0.103613004,0.0007027979,0.8956842
90309,2022-11-10 08:00:00,212,1,0,True,0.939529,0.059404626,0.001066438
352111,2022-12-18 06:00:00,63,1,1,False,0.14980642,0.8498731,0.00032051076
316933,2022-12-25 02:00:00,262,2,2,False,0.03896757,0.00029780637,0.9607346
270255,2022-12-01 22:00:00,200,1,0,True,0.845085,0.15472716,0.0001877868
289376,2022-12-17 22:00:00,225,0,0,False,0.99564135,0.0028420486,0.001516548
39478,2022-11-07 12:00:00,149,1,1,False,0.20998372,0.78968364,0.00033263618
78622,2022-11-29 20:00:00,198,1,0,True,0.78326124,0.21637924,0.00035954945
165933,2022-11-03 08:00:00,7,0,0,False,0.90311337,0.09574415,0.0011425293
101842,2022-11-14 05:00:00,228,2,2,False,0.028435238,0.00023269908,0.971332
259257,2022-12-25 06:00:00,187,2,2,False,0.03875603,0.00028008412,0.96096385
80476,2022-11-17 17:00:00,20,1,1,False,0.0010260632,0.9989065,6.744818e-05
358245,2022-12-03 02:00:00,73,0,0,False,0.990276,0.00950044,0.00022356429
160035,2022-11-25 19:00:00,60,2,2,False,0.20204638,0.0007516104,0.797202
29578,2022-11-12 04:00:00,136,2,0,True,0.68013144,0.00097491103,0.31889364
1796,2022-11-16 11:00:00,100,2,2,False,0.09681205,0.0004767574,0.9027112
354354,2022-12-22 03:00:00,66,0,0,False,0.99643683,0.0033376897,0.00022544246
96649,2022-11-06 07:00:00,221,2,2,False,0.12261802,0.00045257417,0.87692934
242837,2022-12-01 02:00:00,167,1,1,False,0.08590483,0.9139251,0.00017001346
355848,2022-12-24 07:00:00,69,1,1,False,0.18453074,0.8152268,0.0002424345
66452,2022-11-29 05:00:00,182,2,2,False,0.17819329,0.00065722124,0.8211495
330921,2022-12-06 04:00:00,37,1,1,False,0.0033817932,0.99646,0.00015814965
223394,2022-12-02 02:00:00,142,1,1,False,0.001086976,0.9988489,6.4145e-05
278072,2022-12-28 03:00:00,21,1,1,False,0.06495939,0.93488914,0.00015147433
189723,2022-12-11 02:00:00,10,1,1,False,0.20796607,0.7918292,0.0002046905
36585,2022-11-06 03:00:00,145,0,0,False,0.9956546,0.0033714261,0.0009740089
303779,2022-12-16 20:00:00,245,1,1,False,0.0010391262,0.99889827,6.2564795e-05
372434,2022-12-24 10:00:00,90,1,0,True,0.7431746,0.2565562,0.00026914946
213128,2022-12-25 21:00:00,129,0,0,False,0.9966319,0.0028118666,0.000556269
363030,2022-12-23 03:00:00,79,0,0,False,0.99811375,0.0009256841,0.00096063386
97094,2022-11-24 22:00:00,221,2,2,False,0.09575466,0.00043019126,0.9038152
296408,2022-12-10 03:00:00,235,2,2,False,0.07056121,0.00040386713,0.9290349
258527,2022-12-24 21:00:00,186,2,2,False,0.1972588,0.00050446467,0.8022367
26975,2022-11-22 21:00:00,132,0,0,False,0.98917514,0.010012954,0.00081186683
91953,2022-11-19 06:00:00,214,0,0,False,0.9964135,0.0034264848,0.0001599774
67405,2022-11-09 08:00:00,184,2,2,False,0.21351518,0.0006421563,0.78584266
145211,2022-11-03 21:00:00,42,2,0,True,0.8296536,0.0023524365,0.16799396
188668,2022-11-27 04:00:00,99,1,1,False,0.048462745,0.9512551,0.00028210005
252821,2022-12-27 11:00:00,179,1,0,True,0.60986954,0.3897948,0.0003356596
201177,2022-12-07 16:00:00,114,0,0,False,0.90996736,0.0898851,0.00014755514
109849,2022-11-20 03:00:00,239,0,0,False,0.9942893,0.005428314,0.00028243146
341944,2022-12-14 20:00:00,50,0,0,False,0.9676606,0.032065935,0.00027346186
269734,2022-12-10 06:00:00,20,1,1,False,0.001046654,0.9988858,6.7567365e-05
237171,2022-12-05 08:00:00,16,1,1,False,0.0011246345,0.9988004,7.492406e-05
231281,2022-12-31 05:00:00,151,2,2,False,0.07382835,0.0003972896,0.92577434
323594,2022-12-01 07:00:00,28,1,1,False,0.0010263225,0.9989017,7.1914226e-05
254373,2022-12-01 02:00:00,181,2,2,False,0.04795368,0.00037225801,0.95167404
106153,2022-11-15 02:00:00,234,2,2,False,0.030621668,0.000248173,0.9691301
217109,2022-12-10 14:00:00,134,2,0,True,0.86338955,0.0011363634,0.13547409
308360,2022-12-28 09:00:00,250,1,0,True,0.9371359,0.062697895,0.00016615461
51602,2022-11-06 05:00:00,164,1,1,False,0.024810214,0.97508425,0.00010551965
197464,2022-12-03 04:00:00,11,0,0,False,0.9600408,0.03972918,0.00023004912
297418,2022-12-23 02:00:00,236,2,2,False,0.42269143,0.00088606484,0.5764225
269724,2022-12-09 20:00:00,20,1,1,False,0.0010307215,0.99889755,7.1664246e-05
68987,2022-11-15 16:00:00,186,1,0,True,0.81028354,0.18928483,0.00043159167
257810,2022-12-25 01:00:00,185,2,2,False,0.17029302,0.00055793085,0.82914907
77653,2022-11-19 06:00:00,197,0,0,False,0.9971365,0.0025684428,0.00029512664
260064,2022-12-28 20:00:00,188,2,0,True,0.7611353,0.0008571047,0.23800759
226017,2022-12-22 04:00:00,145,1,0,True,0.8085643,0.19110243,0.00033330842
105244,2022-11-06 22:00:00,233,2,2,False,0.12669384,0.00046180614,0.8728443
335614,2022-12-22 09:00:00,42,1,1,False,0.35145488,0.6479555,0.0005896473
211241,2022-12-06 10:00:00,127,0,0,False,0.9982488,0.0010455836,0.0007056357
163446,2022-11-18 23:00:00,65,1,1,False,0.06362507,0.9361889,0.00018605788
188624,2022-11-25 08:00:00,99,0,0,False,0.9195262,0.07939607,0.0010776777
112538,2022-11-13 00:00:00,243,2,2,False,0.07115886,0.0003601629,0.9284809
67398,2022-11-09 01:00:00,184,2,2,False,0.07106017,0.00041863162,0.9285212
346440,2022-12-22 20:00:00,56,0,0,False,0.98716134,0.0029535457,0.009885141
97197,2022-11-29 05:00:00,221,2,2,False,0.033963546,0.0002503549,0.96578616
320290,2022-12-13 20:00:00,267,1,1,False,0.082969606,0.91626054,0.00076985423
346583,2022-12-28 19:00:00,56,2,0,True,0.81466573,0.0009315986,0.18440267
78045,2022-11-05 17:00:00,198,0,0,False,0.88378316,0.11561819,0.000598714
259259,2022-12-25 08:00:00,187,2,2,False,0.04163274,0.00028536722,0.9580819
37951,2022-11-03 11:00:00,147,1,1,False,0.0031230475,0.9966788,0.00019808397
149819,2022-11-17 05:00:00,48,2,2,False,0.05705129,0.00054109143,0.94240767
199339,2022-12-22 03:00:00,111,0,0,False,0.99773216,0.0010998624,0.0011679948
174556,2022-11-05 03:00:00,81,2,2,False,0.12044378,0.00064305135,0.87891316
300420,2022-12-28 00:00:00,240,2,2,False,0.064873226,0.00037655592,0.9347502
199941,2022-12-16 06:00:00,112,1,1,False,0.12090757,0.87665147,0.002440987
137644,2022-11-16 09:00:00,32,2,0,True,0.5321963,0.0014087543,0.46639496
69516,2022-11-07 20:00:00,187,2,0,True,0.7635385,0.0015577254,0.2349038
63112,2022-11-09 05:00:00,179,2,2,False,0.043391466,0.00039624277,0.95621234
289751,2022-12-03 03:00:00,226,2,2,False,0.10185962,0.0003819068,0.89775854
173521,2022-11-21 16:00:00,8,1,0,True,0.85523504,0.14448489,0.0002800402
324951,2022-12-28 17:00:00,29,1,1,False,0.0010314012,0.9989017,6.684936e-05
8720,2022-11-06 23:00:00,11,0,0,False,0.9901453,0.009662972,0.00019167192
134698,2022-11-12 19:00:00,29,0,0,False,0.9007152,0.09908613,0.00019872648
47360,2022-11-08 05:00:00,159,0,0,False,0.98773205,0.012095657,0.00017230096
323881,2022-12-13 06:00:00,28,1,1,False,0.0010365845,0.998895,6.8399015e-05
276092,2022-12-04 19:00:00,208,2,0,True,0.5812474,0.0008030655,0.41794956
107453,2022-11-09 16:00:00,236,1,0,True,0.5853772,0.4141864,0.00043644462
304101,2022-12-31 04:00:00,245,1,1,False,0.0010150896,0.9989191,6.575131e-05
105224,2022-11-06 02:00:00,233,2,2,False,0.06934776,0.00037901735,0.9302733
97801,2022-11-24 14:00:00,222,0,0,False,0.85363936,0.00096337136,0.14539723
175405,2022-11-10 19:00:00,82,2,2,False,0.3422348,0.0008972692,0.6568679
152546,2022-11-11 16:00:00,51,2,2,False,0.20468698,0.0007442878,0.79456866
8228,2022-11-16 08:00:00,109,2,0,True,0.866812,0.006161613,0.12702638
41786,2022-11-14 09:00:00,151,0,0,False,0.95146877,0.0013074169,0.047223795
325540,2022-12-23 05:00:00,3,1,1,False,0.15451135,0.8452416,0.00024701824
229487,2022-12-15 15:00:00,15,0,0,False,0.977443,0.0009929921,0.02156407
211000,2022-12-27 08:00:00,126,2,0,True,0.9739285,0.0006093125,0.025462158
166140,2022-11-12 01:00:00,7,0,0,False,0.9869136,0.012632041,0.00045436568
195926,2022-12-30 03:00:00,107,1,1,False,0.08080145,0.91904885,0.0001497062
131907,2022-11-15 16:00:00,269,0,0,False,0.9972023,0.0020107827,0.0007869136
165351,2022-11-08 23:00:00,69,1,1,False,0.07347824,0.92637324,0.00014847839
60203,2022-11-07 02:00:00,175,0,0,False,0.9936871,0.0053931647,0.0009197051
91386,2022-11-25 10:00:00,213,1,1,False,0.15359305,0.84608364,0.00032330412
166969,2022-11-16 19:00:00,71,0,0,False,0.96350825,0.0007973184,0.03569444
70765,2022-11-30 04:00:00,188,0,0,False,0.9981723,0.0013622484,0.00046542438
374152,2022-12-04 23:00:00,93,0,0,False,0.9620181,0.03769508,0.00028688056
76263,2022-11-20 22:00:00,195,0,0,False,0.9708232,0.0007495936,0.028427202
43123,2022-11-10 12:00:00,153,2,2,False,0.23354352,0.00067510037,0.76578134
234457,2022-12-12 10:00:00,156,1,1,False,0.0010653471,0.99885976,7.486494e-05
251756,2022-12-12 05:00:00,178,2,2,False,0.030520294,0.00022838404,0.9692513
103274,2022-11-14 07:00:00,230,2,0,True,0.8386989,0.0008773589,0.16042368
340799,2022-12-28 03:00:00,49,2,2,False,0.041869756,0.00031678533,0.9578135
12112,2022-11-29 05:00:00,113,1,1,False,0.031677585,0.96821344,0.00010903037
143879,2022-11-07 23:00:00,40,0,0,False,0.61670345,0.38292024,0.0003763648
105685,2022-11-25 09:00:00,233,2,2,False,0.049916357,0.00031878887,0.94976485
8230,2022-11-16 10:00:00,109,2,2,False,0.23507252,0.0008659507,0.76406157
324865,2022-12-25 03:00:00,29,1,1,False,0.0010331523,0.99889576,7.106751e-05
179075,2022-11-14 18:00:00,87,0,0,False,0.96618384,0.033544708,0.00027143356
322154,2022-12-01 09:00:00,27,1,0,True,0.51433724,0.4853875,0.00027525588
215475,2022-12-02 14:00:00,132,2,0,True,0.7861085,0.0012103627,0.2126811
73287,2022-11-16 02:00:00,191,1,1,False,0.0010663067,0.99885786,7.589718e-05
331163,2022-12-16 06:00:00,37,1,1,False,0.055111773,0.94475234,0.00013586033
122392,2022-11-06 10:00:00,257,0,0,False,0.9980856,0.0012790135,0.0006353905
155894,2022-11-02 00:00:00,56,2,2,False,0.09796417,0.00044655168,0.9015892
218013,2022-12-19 01:00:00,135,2,0,True,0.5569491,0.0009780037,0.44207293
115560,2022-11-19 18:00:00,247,1,1,False,0.3396071,0.6600958,0.00029706393
358015,2022-12-24 11:00:00,72,0,0,False,0.9818247,0.017696152,0.0004791545
113394,2022-11-18 21:00:00,244,2,0,True,0.6153158,0.0013003383,0.3833839
27401,2022-11-10 20:00:00,133,2,2,False,0.43174058,0.0010918817,0.5671676
240791,2022-12-05 23:00:00,164,0,0,False,0.99809617,0.0011847129,0.0007190741
377287,2022-12-15 10:00:00,97,2,0,True,0.54250556,0.0008724322,0.45662197
95185,2022-11-04 21:00:00,219,2,0,True,0.572001,0.0010941036,0.42690498
114241,2022-11-24 09:00:00,245,1,1,False,0.0010593997,0.9988638,7.6835e-05
64356,2022-11-01 06:00:00,180,2,2,False,0.09102797,0.0006450509,0.90832704
8577,2022-11-30 21:00:00,109,1,1,False,0.25369805,0.7459268,0.0003751374
148716,2022-11-30 20:00:00,46,2,0,True,0.5344617,0.0020043058,0.46353406
126212,2022-11-16 17:00:00,261,0,0,False,0.99605834,0.003259561,0.00068205525
8631,2022-11-03 06:00:00,11,1,1,False,0.048915323,0.9509037,0.00018103221
11910,2022-11-20 19:00:00,113,1,0,True,0.7300288,0.26965395,0.0003172304
70026,2022-11-29 04:00:00,187,2,0,True,0.831091,0.00069251336,0.16821648
262248,2022-12-29 17:00:00,190,0,0,False,0.98953295,0.01007209,0.00039494736
151940,2022-11-16 05:00:00,50,2,2,False,0.118281886,0.0005575033,0.88116056
21877,2022-11-19 00:00:00,126,1,0,True,0.8009122,0.19880818,0.00027958365
335928,2022-12-04 12:00:00,43,2,2,False,0.389083,0.0009893344,0.60992765
263444,2022-12-19 09:00:00,192,1,0,True,0.58112615,0.41855332,0.00032048713
61326,2022-11-24 04:00:00,176,2,2,False,0.05057411,0.00035292242,0.94907296
105721,2022-11-26 21:00:00,233,2,2,False,0.20416966,0.0005517905,0.7952785
65785,2022-11-01 05:00:00,182,2,2,False,0.09702136,0.0005050822,0.90247357
177132,2022-11-23 04:00:00,84,0,0,False,0.9973482,0.002254713,0.0003970481
252234,2022-12-02 02:00:00,179,2,2,False,0.056288507,0.0003532514,0.9433582
118745,2022-11-03 10:00:00,251,1,1,False,0.2509529,0.74880356,0.00024358115
145118,2022-11-29 21:00:00,41,2,2,False,0.13585229,0.0010268504,0.8631209
189352,2022-12-26 14:00:00,1,1,1,False,0.0011095379,0.9988224,6.8069145e-05
222379,2022-12-20 19:00:00,140,0,0,False,0.9600412,0.039689418,0.0002693167
229226,2022-12-04 18:00:00,15,1,0,True,0.98967326,0.009958617,0.00036818293
19635,2022-11-14 23:00:00,123,0,0,False,0.76490223,0.23480006,0.00029767372
371069,2022-12-27 15:00:00,89,1,1,False,0.0011521203,0.99877924,6.8661975e-05
131174,2022-11-14 22:00:00,268,0,0,False,0.9885831,0.011064718,0.00035223892
85706,2022-11-27 02:00:00,206,1,1,False,0.044714343,0.95517886,0.00010677151
56023,2022-11-11 18:00:00,17,1,1,False,0.31230116,0.687362,0.0003368
189257,2022-12-22 15:00:00,1,0,0,False,0.99535227,0.0041842456,0.0004635024
117837,2022-11-25 06:00:00,25,0,0,False,0.99567163,0.0039749495,0.00035339096
158223,2022-11-09 21:00:00,59,0,0,False,0.9788028,0.002571612,0.01862561
8232,2022-11-16 12:00:00,109,2,2,False,0.1489875,0.00064013316,0.8503724
99046,2022-11-16 21:00:00,224,2,0,True,0.674412,0.001266009,0.32432193
26769,2022-11-14 07:00:00,132,2,2,False,0.2464379,0.0006084157,0.7529537
178810,2022-11-03 15:00:00,87,1,1,False,0.012633762,0.9872684,9.785936e-05
113901,2022-11-10 05:00:00,245,1,1,False,0.001053684,0.9988728,7.350293e-05
175369,2022-11-09 07:00:00,82,2,2,False,0.16493471,0.0005805034,0.83448476
375499,2022-12-01 00:00:00,95,1,1,False,0.031661738,0.9682093,0.00012894893
366391,2022-12-12 01:00:00,83,2,2,False,0.04669974,0.00032866123,0.95297164
109093,2022-11-18 10:00:00,238,2,2,False,0.13461325,0.0005311402,0.8648556
339932,2022-12-22 01:00:00,48,2,2,False,0.03469513,0.00033949906,0.96496534
115701,2022-11-25 15:00:00,247,0,0,False,0.6766937,0.3229997,0.00030664663
71213,2022-11-19 01:00:00,189,0,0,False,0.78392464,0.21574335,0.00033203888
104696,2022-11-13 23:00:00,232,2,2,False,0.11750347,0.00054707326,0.8819495
251752,2022-12-12 01:00:00,178,2,0,True,0.58420897,0.00061228155,0.41517875
339936,2022-12-22 05:00:00,48,2,2,False,0.07465862,0.000415204,0.9249262
165722,2022-11-24 10:00:00,69,2,0,True,0.83825225,0.0011858268,0.16056193
184425,2022-11-29 03:00:00,93,0,0,False,0.9766584,0.023208579,0.00013298662
329397,2022-12-02 18:00:00,35,1,1,False,0.0042917896,0.99558216,0.00012606899
148395,2022-11-17 11:00:00,46,1,1,False,0.07232566,0.92746156,0.00021277842
151016,2022-11-07 10:00:00,5,1,1,False,0.23395635,0.7656918,0.0003518697
7940,2022-11-04 06:00:00,109,0,0,False,0.9253696,0.07439412,0.0002362829
48089,2022-11-08 21:00:00,16,1,1,False,0.003086807,0.9967272,0.00018596716
26614,2022-11-07 18:00:00,132,2,0,True,0.8987079,0.0013112011,0.099980906
110622,2022-11-22 13:00:00,240,1,1,False,0.26924375,0.7304763,0.00027992603
144818,2022-11-17 09:00:00,41,1,1,False,0.24961798,0.7499739,0.00040816318
29195,2022-11-26 00:00:00,135,0,0,False,0.99670094,0.00086979946,0.002429198
298694,2022-12-15 06:00:00,238,0,0,False,0.9974905,0.0022953835,0.00021405317
157907,2022-11-26 12:00:00,58,1,0,True,0.8525445,0.14694478,0.0005107637
250893,2022-12-06 07:00:00,177,0,0,False,0.99255604,0.00069035287,0.0067536132
268236,2022-12-07 22:00:00,199,1,1,False,0.1468835,0.85261387,0.00050260074
174530,2022-11-04 01:00:00,81,2,2,False,0.43674347,0.0009246869,0.56233186
63327,2022-11-18 04:00:00,179,2,2,False,0.11896806,0.0006035442,0.8804284
166532,2022-11-28 09:00:00,7,1,1,False,0.22395523,0.77582246,0.00022233183
198844,2022-12-31 13:00:00,110,1,1,False,0.004416276,0.99544287,0.00014080577
255583,2022-12-22 09:00:00,182,0,0,False,0.9959311,0.0034051533,0.0006637973
86673,2022-11-07 17:00:00,208,0,0,False,0.96997035,0.0013073934,0.028722228
6410,2022-11-29 23:00:00,106,1,1,False,0.0010637721,0.9988776,5.868246e-05
11847,2022-11-18 04:00:00,113,1,1,False,0.03401863,0.965868,0.00011331634
195360,2022-12-05 15:00:00,107,1,0,True,0.9173476,0.082489505,0.00016292589
195632,2022-12-16 23:00:00,107,1,1,False,0.1799757,0.81983346,0.0001908578
363996,2022-12-02 09:00:00,80,0,0,False,0.6906934,0.3085923,0.0007142924
342428,2022-12-04 23:00:00,51,2,2,False,0.23238793,0.00061981526,0.7669923
157704,2022-11-18 01:00:00,58,1,1,False,0.070757054,0.92903376,0.00020923959
224789,2022-12-31 02:00:00,143,1,1,False,0.0010393391,0.99889296,6.777481e-05
186567,2022-11-29 00:00:00,96,1,1,False,0.049521476,0.9503799,9.858956e-05
50311,2022-11-12 02:00:00,162,0,0,False,0.9627758,0.03693895,0.00028524554
202054,2022-12-14 04:00:00,115,0,0,False,0.9390349,0.060768906,0.00019617882
198307,2022-12-08 06:00:00,110,0,0,False,0.99314135,0.006530956,0.00032774676
195929,2022-12-30 06:00:00,107,1,1,False,0.22168466,0.77811116,0.00020420612
257493,2022-12-10 22:00:00,185,0,0,False,0.9864401,0.0012262567,0.012333606
9650,2022-11-16 00:00:00,110,0,0,False,0.9905054,0.009134553,0.00035999966
343149,2022-12-04 23:00:00,52,0,0,False,0.96008605,0.03950178,0.0004121836
148266,2022-11-12 02:00:00,46,2,2,False,0.08229967,0.0006107159,0.91708964
74474,2022-11-05 21:00:00,193,0,0,False,0.99664706,0.0011992794,0.0021536334
73350,2022-11-18 17:00:00,191,1,1,False,0.036352042,0.9634933,0.00015463604
323846,2022-12-11 19:00:00,28,1,1,False,0.0010312499,0.998898,7.064089e-05
308278,2022-12-24 23:00:00,250,1,1,False,0.1102762,0.88956267,0.00016109494
257540,2022-12-12 21:00:00,185,2,0,True,0.60205114,0.00064417516,0.39730465
217278,2022-12-18 00:00:00,134,0,0,False,0.98283225,0.016694807,0.00047296265
103130,2022-11-08 05:00:00,230,2,2,False,0.029708618,0.0002959621,0.96999544
16248,2022-11-22 19:00:00,119,1,0,True,0.9034885,0.0962616,0.00024992286
286148,2022-12-03 05:00:00,221,2,0,True,0.5349578,0.0008471994,0.46419498
233170,2022-12-19 17:00:00,154,0,0,False,0.99406993,0.0025683893,0.0033616554
156867,2022-11-12 23:00:00,57,0,0,False,0.9551431,0.043637652,0.001219307
255601,2022-12-23 03:00:00,182,0,0,False,0.99411446,0.000576291,0.005309219
59503,2022-11-07 17:00:00,174,0,0,False,0.99183875,0.007555743,0.00060554093
331516,2022-12-31 21:00:00,37,1,1,False,0.0010620197,0.998871,6.687441e-05
188416,2022-11-16 16:00:00,99,2,2,False,0.17028847,0.00066436484,0.8290472
325519,2022-12-22 08:00:00,3,0,0,False,0.68731594,0.3124054,0.0002786514
39967,2022-11-27 23:00:00,149,0,0,False,0.97252345,0.0020097634,0.025466813
97569,2022-11-14 22:00:00,222,0,0,False,0.9784645,0.021255534,0.00027998726
32365,2022-11-09 03:00:00,14,0,0,False,0.9914364,0.008289474,0.00027413963
136066,2022-11-10 05:00:00,30,1,1,False,0.03031219,0.9695417,0.0001460567
370523,2022-12-03 23:00:00,89,1,1,False,0.0010789289,0.9988531,6.7967514e-05
101831,2022-11-13 18:00:00,228,2,2,False,0.1133879,0.00047839925,0.88613373
80490,2022-11-18 07:00:00,20,1,1,False,0.0010447929,0.9988846,7.054279e-05
297968,2022-12-15 01:00:00,237,0,0,False,0.9979406,0.0004897189,0.001569629
96120,2022-11-14 03:00:00,220,2,2,False,0.029783512,0.00026895056,0.9699476
129354,2022-11-28 11:00:00,265,2,2,False,0.23811477,0.0006720691,0.7612132
255506,2022-12-19 02:00:00,182,2,2,False,0.08860786,0.00042189125,0.9109702
113832,2022-11-07 06:00:00,245,1,1,False,0.0010575551,0.9988759,6.647421e-05
237324,2022-12-11 17:00:00,16,1,1,False,0.001097922,0.9988237,7.835595e-05
259207,2022-12-23 04:00:00,187,2,2,False,0.077065945,0.0004165917,0.9225175
240317,2022-12-16 06:00:00,163,0,0,False,0.7745912,0.22503006,0.00037875958
106844,2022-11-14 02:00:00,235,2,2,False,0.04324034,0.00030306424,0.95645654
364811,2022-12-06 07:00:00,81,0,0,False,0.9937115,0.0015196725,0.0047689113
329928,2022-12-25 19:00:00,35,1,1,False,0.0010394733,0.99889284,6.772176e-05
134153,2022-11-19 21:00:00,28,1,1,False,0.06796419,0.9319168,0.00011898067
59491,2022-11-07 05:00:00,174,2,2,False,0.034986667,0.00027536973,0.96473795
318398,2022-12-26 01:00:00,264,0,0,False,0.99164504,0.008221115,0.0001338032
153959,2022-11-10 23:00:00,53,2,2,False,0.12903214,0.0006228908,0.870345
261504,2022-12-28 18:00:00,19,2,2,False,0.28762364,0.0006495719,0.71172684
166129,2022-11-11 14:00:00,7,0,0,False,0.9853872,0.012632348,0.0019804204
329736,2022-12-16 21:00:00,35,1,1,False,0.0045102416,0.99535096,0.0001388272
281348,2022-12-13 12:00:00,214,1,1,False,0.039525997,0.96008366,0.0003903505
75451,2022-11-16 21:00:00,194,1,1,False,0.07386445,0.92592454,0.00021095228
198151,2022-12-01 18:00:00,110,1,0,True,0.964968,0.03409596,0.00093596824
254731,2022-12-16 00:00:00,181,2,2,False,0.28430662,0.00070656964,0.71498674
68739,2022-11-05 06:00:00,186,2,2,False,0.2749402,0.000625472,0.7244343
287057,2022-12-11 01:00:00,222,0,0,False,0.99851125,0.00092013873,0.0005685679
39610,2022-11-13 02:00:00,149,2,2,False,0.30943352,0.0007889084,0.6897776
82566,2022-11-15 10:00:00,202,0,0,False,0.992955,0.005646957,0.0013980658
36602,2022-11-06 20:00:00,145,0,0,False,0.57595253,0.4233191,0.0007283836
214695,2022-12-31 02:00:00,130,0,0,False,0.9967604,0.003077329,0.00016229905
62650,2022-11-19 18:00:00,178,2,2,False,0.4796339,0.0006355867,0.5197305
144975,2022-11-23 22:00:00,41,2,2,False,0.1263946,0.00056357065,0.87304187
134971,2022-11-24 04:00:00,29,1,1,False,0.027811326,0.9721119,7.676511e-05
161962,2022-11-16 17:00:00,63,1,0,True,0.7947413,0.20502596,0.00023270915
350815,2022-12-24 21:00:00,61,0,0,False,0.99726295,0.0024517835,0.00028523747
12671,2022-11-22 17:00:00,114,0,0,False,0.95578635,0.043994207,0.00021944658
352585,2022-12-07 14:00:00,64,0,0,False,0.99280727,0.0050259237,0.0021668014
36684,2022-11-10 08:00:00,145,2,0,True,0.97608393,0.022149215,0.0017667965
224206,2022-12-05 21:00:00,143,1,1,False,0.0010107937,0.9989267,6.252971e-05
148191,2022-11-08 23:00:00,46,2,2,False,0.07807351,0.00049375795,0.9214327
115867,2022-11-02 13:00:00,248,1,1,False,0.25395977,0.7457883,0.00025196496
180680,2022-11-22 01:00:00,89,1,1,False,0.0010768673,0.99884784,7.5303135e-05
356930,2022-12-08 09:00:00,71,0,0,False,0.9978096,0.0015254223,0.00066497416
245016,2022-12-01 18:00:00,17,1,1,False,0.408373,0.5912661,0.00036085318
50055,2022-11-01 05:00:00,162,1,1,False,0.04274698,0.95711786,0.00013516305
237155,2022-12-04 16:00:00,16,1,1,False,0.0011616322,0.998765,7.339722e-05
253754,2022-12-05 08:00:00,180,0,0,False,0.9923267,0.0069927983,0.00068045914
30938,2022-11-09 06:00:00,138,1,1,False,0.06977289,0.9300841,0.00014298935
52519,2022-11-14 17:00:00,165,1,0,True,0.5272615,0.47057602,0.0021624842
368826,2022-12-24 07:00:00,86,0,0,False,0.9971712,0.0020196827,0.0008091353
294803,2022-12-03 08:00:00,233,2,2,False,0.2238409,0.00055569335,0.77560335
1726,2022-11-13 13:00:00,100,0,0,False,0.9845264,0.015056882,0.00041667058
336366,2022-12-23 16:00:00,43,1,0,True,0.85448974,0.1426091,0.0029011366
70550,2022-11-21 05:00:00,188,0,0,False,0.997546,0.0003824732,0.0020715038
146092,2022-11-10 21:00:00,43,2,0,True,0.5683096,0.003218944,0.42847142
25194,2022-11-08 04:00:00,130,0,0,False,0.9969753,0.001168229,0.0018564794
352254,2022-12-24 18:00:00,63,0,0,False,0.9657278,0.033804137,0.00046804876
124413,2022-11-01 03:00:00,26,1,1,False,0.066595264,0.93324,0.0001647487
224407,2022-12-14 06:00:00,143,1,1,False,0.0010837963,0.9988386,7.75878e-05
199981,2022-12-18 07:00:00,112,0,0,False,0.97816056,0.021239055,0.0006004126
324692,2022-12-17 09:00:00,29,1,1,False,0.012818342,0.98673356,0.00044811695
59247,2022-11-26 22:00:00,173,0,0,False,0.99117106,0.008544845,0.0002840198
261257,2022-12-17 22:00:00,19,0,0,False,0.89689434,0.0012165819,0.101889074
71547,2022-11-03 02:00:00,19,1,1,False,0.11829932,0.8814324,0.00026827987
65470,2022-11-18 02:00:00,181,2,2,False,0.09591376,0.0007240042,0.9033622
226672,2022-12-19 08:00:00,146,2,0,True,0.979079,0.0029463547,0.017974667
59489,2022-11-07 03:00:00,174,2,2,False,0.04542224,0.00032623648,0.9542516
237221,2022-12-07 10:00:00,16,1,1,False,0.0010913126,0.99882764,8.102765e-05
356299,2022-12-12 03:00:00,7,1,1,False,0.027747555,0.9721725,7.997391e-05
294054,2022-12-02 04:00:00,232,2,2,False,0.0473997,0.00039429555,0.95220596
105946,2022-11-06 09:00:00,234,2,2,False,0.43264902,0.00072300783,0.566628
101359,2022-11-23 21:00:00,227,0,0,False,0.9181651,0.0006785149,0.081156336
999,2022-11-13 01:00:00,10,1,0,True,0.9521807,0.047469642,0.0003496877
246251,2022-12-24 02:00:00,170,0,0,False,0.9968989,0.0013931419,0.0017080191
175987,2022-11-05 04:00:00,83,2,2,False,0.39654976,0.000929915,0.60252035
169696,2022-11-11 06:00:00,75,2,2,False,0.09947068,0.00049201655,0.90003735
94953,2022-11-25 02:00:00,218,1,1,False,0.0039323806,0.9959357,0.00013195764
28862,2022-11-12 03:00:00,135,2,0,True,0.5682031,0.00079699216,0.4309999
199561,2022-12-31 09:00:00,111,1,1,False,0.007588341,0.99219126,0.00022034966
46195,2022-11-19 08:00:00,157,0,0,False,0.79562676,0.20397706,0.00039613788
105057,2022-11-29 00:00:00,232,2,2,False,0.4958674,0.0008848198,0.50324774
291406,2022-12-12 00:00:00,228,2,2,False,0.049324375,0.00030639346,0.95036924
193250,2022-12-07 20:00:00,104,1,0,True,0.84963924,0.1501798,0.00018099396
364476,2022-12-23 07:00:00,80,0,0,False,0.98233277,0.0011596679,0.016507553
65328,2022-11-12 04:00:00,181,2,2,False,0.07427928,0.0005227964,0.92519796
108971,2022-11-13 08:00:00,238,2,2,False,0.17411616,0.0005015558,0.8253823
237652,2022-12-26 07:00:00,16,1,1,False,0.0011163381,0.998809,7.4696756e-05
60276,2022-11-10 05:00:00,175,2,2,False,0.05339001,0.00040100247,0.94620895
114325,2022-11-27 21:00:00,245,1,1,False,0.0010487745,0.99888605,6.520288e-05
6387,2022-11-29 00:00:00,106,1,1,False,0.0010915064,0.9988502,5.826263e-05
60749,2022-11-29 22:00:00,175,0,0,False,0.877665,0.0014747932,0.12086019
45787,2022-11-02 03:00:00,157,0,0,False,0.9943269,0.004499645,0.001173468
50633,2022-11-25 12:00:00,162,0,0,False,0.9933563,0.002928976,0.0037147235
51398,2022-11-27 14:00:00,163,1,0,True,0.7366268,0.26304576,0.00032738916
138151,2022-11-07 15:00:00,33,0,0,False,0.952521,0.046738762,0.0007401948
189276,2022-12-23 10:00:00,1,1,1,False,0.0032897112,0.9965714,0.00013881871
190896,2022-12-30 20:00:00,100,1,0,True,0.6813727,0.3183633,0.0002639936
345645,2022-12-19 16:00:00,55,0,0,False,0.9918744,0.0077073183,0.00041825668
276551,2022-12-24 20:00:00,208,1,1,False,0.19183505,0.8078836,0.00028128142
56996,2022-11-22 12:00:00,170,1,0,True,0.6029226,0.3967589,0.00031844832
234504,2022-12-14 09:00:00,156,1,1,False,0.0010662079,0.9988582,7.563066e-05
279556,2022-12-29 21:00:00,211,0,0,False,0.99761754,0.00087946415,0.0015029487
172650,2022-11-15 04:00:00,79,2,0,True,0.6750761,0.0007102281,0.32421365
56757,2022-11-12 13:00:00,170,1,1,False,0.3354839,0.6643003,0.0002157847
259357,2022-12-29 10:00:00,187,0,0,False,0.9972236,0.0009929109,0.001783538
294536,2022-12-23 04:00:00,232,2,2,False,0.04955568,0.00033761052,0.9501067
47906,2022-11-01 01:00:00,16,1,1,False,0.001133788,0.99879694,6.930787e-05
267620,2022-12-12 07:00:00,198,0,0,False,0.97967315,0.019734442,0.0005924722
37206,2022-11-02 02:00:00,146,0,0,False,0.9983369,0.0011233662,0.00053964945
210878,2022-12-22 06:00:00,126,0,0,False,0.99105763,0.008806565,0.00013577357
41622,2022-11-07 11:00:00,151,2,2,False,0.12824526,0.0006045538,0.87115014
103175,2022-11-10 04:00:00,230,2,2,False,0.06406656,0.0003511988,0.9355822
16047,2022-11-14 10:00:00,119,0,0,False,0.9965184,0.000863168,0.0026185107
307442,2022-12-20 02:00:00,25,1,0,True,0.7147897,0.28473073,0.000479594
292291,2022-12-19 16:00:00,229,0,0,False,0.97656417,0.022901863,0.00053398404
325880,2022-12-06 10:00:00,30,0,0,False,0.98798543,0.0114674345,0.0005471062
224156,2022-12-03 19:00:00,143,1,1,False,0.0010577242,0.9988765,6.580396e-05
164417,2022-11-29 15:00:00,66,0,0,False,0.9449587,0.053900756,0.0011405324
336588,2022-12-01 23:00:00,44,2,2,False,0.09188618,0.0004731341,0.9076407
331703,2022-12-08 17:00:00,38,1,1,False,0.0010205396,0.99891174,6.768082e-05
140294,2022-11-07 13:00:00,36,0,2,True,0.19413175,0.0009025846,0.8049656
238942,2022-12-19 21:00:00,161,0,0,False,0.963156,0.036407236,0.00043679535
294677,2022-12-29 01:00:00,232,2,2,False,0.07372447,0.0004693113,0.9258062
363986,2022-12-01 23:00:00,80,2,2,False,0.2342096,0.0007199639,0.76507044
282876,2022-12-17 11:00:00,216,0,0,False,0.89681,0.102928475,0.00026151587
185993,2022-11-05 00:00:00,96,1,1,False,0.063279614,0.9366023,0.000118079624
364027,2022-12-03 16:00:00,80,2,2,False,0.11748512,0.00046318566,0.8820517
248104,2022-12-10 06:00:00,173,0,0,False,0.99809307,0.0016591385,0.0002478102
200640,2022-12-15 08:00:00,113,0,0,False,0.9847978,0.013296691,0.0019055705
340126,2022-12-30 03:00:00,48,2,0,True,0.9244123,0.00078681065,0.07480085
161737,2022-11-07 06:00:00,63,1,0,True,0.63619095,0.36348295,0.00032607303
84644,2022-11-12 15:00:00,205,1,1,False,0.23137721,0.7683619,0.00026091846
334430,2022-12-02 04:00:00,41,2,2,False,0.060612824,0.00059158716,0.93879557
303557,2022-12-07 14:00:00,245,1,1,False,0.0010808251,0.9988514,6.7748995e-05
123811,2022-11-05 23:00:00,259,1,1,False,0.0959762,0.903882,0.00014175012
86203,2022-11-18 00:00:00,207,0,0,False,0.9947173,0.0046840813,0.0005986396
25485,2022-11-20 09:00:00,130,1,0,True,0.8980425,0.101773754,0.00018372378
317910,2022-12-04 19:00:00,264,0,0,False,0.997869,0.0010097697,0.0011211379
172414,2022-11-05 06:00:00,79,2,0,True,0.9818571,0.00063263334,0.017510306
255119,2022-12-02 03:00:00,182,0,0,False,0.8808689,0.00071373413,0.11841738
21754,2022-11-13 21:00:00,126,1,1,False,0.0017766447,0.9980584,0.00016497876
149604,2022-11-08 04:00:00,48,2,2,False,0.049226034,0.0004767199,0.95029724
6687,2022-11-11 17:00:00,107,0,0,False,0.9594039,0.04029179,0.00030439557
209746,2022-12-04 05:00:00,125,2,2,False,0.024974,0.00023045797,0.9747956
141062,2022-11-09 20:00:00,37,1,0,True,0.63833,0.3613303,0.0003396978
51821,2022-11-15 10:00:00,164,0,0,False,0.9563528,0.041998416,0.0016488064
245035,2022-12-02 13:00:00,17,1,1,False,0.41031364,0.58937013,0.0003162287
36472,2022-11-01 07:00:00,145,1,1,False,0.20138027,0.79837346,0.0002462916
257034,2022-12-22 18:00:00,184,1,0,True,0.6640178,0.33564067,0.000341505
144855,2022-11-18 22:00:00,41,2,0,True,0.5288804,0.00088993675,0.47022963
89933,2022-11-24 11:00:00,211,0,0,False,0.9917325,0.007968634,0.00029887407
40612,2022-11-25 01:00:00,15,1,0,True,0.78707105,0.21269755,0.00023141774
36666,2022-11-09 14:00:00,145,1,0,True,0.8833024,0.1163399,0.00035765916
173150,2022-11-06 03:00:00,8,1,1,False,0.03010606,0.9697705,0.00012338263
175691,2022-11-22 17:00:00,82,0,0,False,0.96678156,0.032886136,0.0003322838
60005,2022-11-28 17:00:00,174,0,0,False,0.98287547,0.016328646,0.00079590053
37404,2022-11-10 13:00:00,146,0,0,False,0.9784614,0.00081608695,0.020722473
152159,2022-11-25 08:00:00,50,0,0,False,0.97282636,0.0019468497,0.025226777
60126,2022-11-03 21:00:00,175,0,0,False,0.5495954,0.0013039632,0.4491006
105150,2022-11-03 00:00:00,233,2,2,False,0.10611146,0.0005579281,0.89333063
147473,2022-11-08 20:00:00,45,0,0,False,0.82052696,0.001831752,0.1776413
130258,2022-11-06 11:00:00,267,1,0,True,0.92081165,0.07902155,0.00016680869
369372,2022-12-16 02:00:00,87,0,0,False,0.9916437,0.0004156304,0.007940613
333902,2022-12-10 05:00:00,40,1,1,False,0.031569753,0.9683377,9.251378e-05
129032,2022-11-15 01:00:00,265,0,0,False,0.8936255,0.10615782,0.0002167007
62439,2022-11-10 23:00:00,178,0,0,False,0.99346066,0.001307465,0.005231898
152731,2022-11-19 09:00:00,51,2,0,True,0.6795177,0.0013923191,0.31908995
321191,2022-12-22 06:00:00,268,0,0,False,0.99596655,0.003825952,0.0002075127
6918,2022-11-21 08:00:00,107,0,0,False,0.9914937,0.007744076,0.0007621776
107557,2022-11-14 00:00:00,236,2,2,False,0.06414843,0.00033813986,0.9355135
325661,2022-12-28 06:00:00,3,1,1,False,0.23022859,0.76956385,0.00020750499
201983,2022-12-11 05:00:00,115,0,0,False,0.97368413,0.026183695,0.00013218369
67480,2022-11-12 11:00:00,184,2,2,False,0.34008655,0.0007393915,0.659174
157000,2022-11-18 12:00:00,57,1,0,True,0.8545876,0.14490478,0.00050756836
74835,2022-11-21 00:00:00,193,0,0,False,0.9944669,0.005295335,0.00023770516
117409,2022-11-07 08:00:00,25,0,1,True,0.33219326,0.6675474,0.0002592877
296552,2022-12-16 03:00:00,235,2,2,False,0.1240135,0.0005524651,0.8754341
118458,2022-11-21 08:00:00,250,1,1,False,0.0010243597,0.99890625,6.937179e-05
148735,2022-11-01 15:00:00,47,1,1,False,0.466289,0.53340614,0.0003048669
370765,2022-12-14 01:00:00,89,1,1,False,0.0010799046,0.99883574,8.4398365e-05
370676,2022-12-10 08:00:00,89,1,1,False,0.0010829045,0.9988456,7.149245e-05
181299,2022-11-18 01:00:00,9,1,1,False,0.10774895,0.89205253,0.00019845746
259413,2022-12-31 18:00:00,187,2,2,False,0.3015921,0.00087554,0.69753236
60826,2022-11-03 06:00:00,176,2,2,False,0.134229,0.0006924552,0.86507857
12066,2022-11-27 07:00:00,113,0,0,False,0.9822264,0.017375113,0.00039853452
60349,2022-11-13 06:00:00,175,2,2,False,0.14014818,0.0006144632,0.8592374
310597,2022-12-31 11:00:00,253,2,0,True,0.9252371,0.0006520366,0.07411083
377474,2022-12-24 03:00:00,97,1,1,False,0.12074827,0.87903655,0.00021522013
2159,2022-11-01 14:00:00,101,0,0,False,0.9983171,0.0012985198,0.00038433072
148564,2022-11-24 12:00:00,46,1,0,True,0.84091496,0.1588206,0.0002644536
69536,2022-11-08 18:00:00,187,0,2,True,0.39547586,0.0012621924,0.60326195
1735,2022-11-13 22:00:00,100,1,1,False,0.17208123,0.8277358,0.00018299591
141167,2022-11-14 05:00:00,37,1,1,False,0.029726606,0.9701788,9.461151e-05
47688,2022-11-21 23:00:00,159,0,0,False,0.98323786,0.016294401,0.0004676884
88374,2022-11-19 02:00:00,21,1,1,False,0.18158573,0.818214,0.00020032817
224860,2022-12-03 02:00:00,144,1,1,False,0.1130989,0.8867455,0.00015562406
232773,2022-12-02 08:00:00,154,0,2,True,0.1843187,0.00068130414,0.81499994
256169,2022-12-15 20:00:00,183,0,0,False,0.97888786,0.017292533,0.0038195676
180897,2022-11-01 02:00:00,9,1,1,False,0.10565104,0.8941406,0.00020831304
50289,2022-11-11 04:00:00,162,1,1,False,0.10496626,0.894819,0.00021473021
237305,2022-12-10 22:00:00,16,1,1,False,0.0010600449,0.99886274,7.7248566e-05
213398,2022-12-06 04:00:00,13,0,0,False,0.8755795,0.124231614,0.00018891963
141446,2022-11-25 20:00:00,37,1,1,False,0.0034126933,0.99645436,0.00013300552
316766,2022-12-17 14:00:00,262,2,0,True,0.6182699,0.0009119481,0.3808181
231324,2022-12-02 01:00:00,152,0,0,False,0.99500835,0.004802652,0.00018895646
107128,2022-11-25 22:00:00,235,2,0,True,0.85838574,0.0010045259,0.14060977
339682,2022-12-10 17:00:00,48,1,0,True,0.74041045,0.2590493,0.00054026203
105290,2022-11-08 22:00:00,233,2,2,False,0.090013534,0.00058584457,0.90940064
199744,2022-12-08 01:00:00,112,0,0,False,0.8387579,0.16087335,0.0003687273
4580,2022-11-13 07:00:00,104,0,0,False,0.99763644,0.0016136244,0.0007499539
107577,2022-11-14 20:00:00,236,2,2,False,0.4917398,0.00072872185,0.50753146
45239,2022-11-09 07:00:00,156,1,1,False,0.18920863,0.8105362,0.0002551308
339733,2022-12-12 20:00:00,48,0,0,False,0.99277544,0.0025779468,0.0046465704
258309,2022-12-14 21:00:00,186,2,0,True,0.89368534,0.0008884366,0.105426215
56657,2022-11-08 07:00:00,170,2,0,True,0.9769726,0.0010855922,0.021941878
98309,2022-11-15 23:00:00,223,2,2,False,0.19771047,0.0006515148,0.801638
245631,2022-12-28 07:00:00,17,2,2,False,0.3223116,0.0008045238,0.6768839
16666,2022-11-10 10:00:00,12,1,1,False,0.16191126,0.8379082,0.00018055267
182925,2022-11-26 05:00:00,91,1,0,True,0.6065942,0.39254367,0.0008621659
67282,2022-11-04 03:00:00,184,2,2,False,0.071966164,0.0004269181,0.9276069
170001,2022-11-23 23:00:00,75,2,2,False,0.42088825,0.000949408,0.5781623
35636,2022-11-26 06:00:00,143,1,1,False,0.0010737543,0.9988605,6.579988e-05
173034,2022-11-01 04:00:00,8,1,1,False,0.04086646,0.9590111,0.00012249372
168408,2022-11-17 04:00:00,73,0,0,False,0.98811066,0.011823001,6.632494e-05
234594,2022-12-18 23:00:00,156,1,1,False,0.004353647,0.9954124,0.00023399162
334536,2022-12-06 14:00:00,41,0,0,False,0.90533173,0.094201416,0.0004668604
23665,2022-11-04 01:00:00,129,2,2,False,0.3051004,0.0007207493,0.6941789
148237,2022-11-10 21:00:00,46,2,2,False,0.18575427,0.0006794207,0.81356627
148586,2022-11-25 10:00:00,46,1,1,False,0.4014985,0.5981799,0.00032157218
27403,2022-11-10 22:00:00,133,2,2,False,0.12436382,0.0006079859,0.8750282
14561,2022-11-12 02:00:00,117,0,0,False,0.93235075,0.06750547,0.0001437795
38809,2022-11-09 12:00:00,148,0,0,False,0.99694735,0.0020597356,0.0009929392
304561,2022-12-20 05:00:00,246,0,0,False,0.99761534,0.002226831,0.00015785897
95187,2022-11-04 23:00:00,219,2,2,False,0.24527241,0.0006855976,0.754042
107683,2022-11-19 06:00:00,236,2,2,False,0.38755772,0.00090164616,0.6115406
290582,2022-12-07 17:00:00,227,0,0,False,0.9872132,0.0008842433,0.011902557
156571,2022-11-30 10:00:00,56,0,0,False,0.994942,0.0033968345,0.0016611869
83474,2022-11-23 11:00:00,203,1,1,False,0.0010233006,0.99889743,7.9194986e-05
34084,2022-11-21 04:00:00,141,0,0,False,0.9869595,0.012886897,0.00015359567
145903,2022-11-02 22:00:00,43,0,0,False,0.7859437,0.0011937851,0.21286252
188424,2022-11-17 00:00:00,99,0,0,False,0.9965239,0.0021213556,0.0013546734
224328,2022-12-10 23:00:00,143,1,1,False,0.0010569424,0.99886763,7.548438e-05
179011,2022-11-12 02:00:00,87,2,2,False,0.04343723,0.00031600214,0.9562468
249093,2022-12-22 08:00:00,174,1,1,False,0.0010443493,0.99887294,8.272106e-05
60823,2022-11-03 03:00:00,176,2,2,False,0.055857837,0.00044354046,0.94369864
377197,2022-12-11 16:00:00,97,0,0,False,0.99685824,0.0005684275,0.0025732745
85517,2022-11-19 05:00:00,206,1,1,False,0.03963954,0.9602538,0.00010673032
145306,2022-11-07 20:00:00,42,2,0,True,0.607882,0.0019943947,0.39012358
106975,2022-11-19 13:00:00,235,0,0,False,0.96430016,0.0038433752,0.031856444
37104,2022-11-27 20:00:00,145,1,0,True,0.630627,0.36900505,0.00036798336
290661,2022-12-11 00:00:00,227,2,2,False,0.09727176,0.00040007965,0.90232813
244360,2022-12-04 11:00:00,169,1,0,True,0.6177289,0.38201678,0.00025436605
188410,2022-11-16 10:00:00,99,2,2,False,0.17838342,0.0007503642,0.82086617
103740,2022-11-03 20:00:00,231,2,0,True,0.87458795,0.0006407632,0.12477125
23083,2022-11-09 16:00:00,128,2,2,False,0.24351989,0.0007575766,0.7557226
254918,2022-12-24 17:00:00,181,2,2,False,0.1340618,0.0005155405,0.8654226
129933,2022-11-22 19:00:00,266,1,0,True,0.81317794,0.18656805,0.00025401305
329728,2022-12-16 13:00:00,35,1,1,False,0.128933,0.8704588,0.000608246
8229,2022-11-16 09:00:00,109,2,2,False,0.18027933,0.0006413316,0.8190793
350156,2022-12-27 11:00:00,60,0,0,False,0.99770015,0.0008202041,0.001479605
9658,2022-11-16 08:00:00,110,2,0,True,0.97355324,0.0025837203,0.023862982
48693,2022-11-04 04:00:00,160,0,0,False,0.997482,0.0005306863,0.0019873832
21741,2022-11-13 08:00:00,126,1,1,False,0.0016414743,0.9981987,0.00015983998
210147,2022-12-21 20:00:00,125,0,0,False,0.9958318,0.002128384,0.002039865
157201,2022-11-26 21:00:00,57,2,2,False,0.26217836,0.000856715,0.73696494
177353,2022-11-02 09:00:00,85,2,2,False,0.2976331,0.00073714287,0.70162976
182100,2022-11-21 15:00:00,90,0,0,False,0.9858386,0.007944471,0.0062169298
1663,2022-11-10 22:00:00,100,1,1,False,0.19139597,0.80837125,0.00023285096
106821,2022-11-13 03:00:00,235,2,2,False,0.074316904,0.00044052157,0.92524254
101849,2022-11-14 12:00:00,228,2,2,False,0.43430993,0.0007530955,0.56493694
303563,2022-12-07 20:00:00,245,1,1,False,0.0009966395,0.9989405,6.2829095e-05
6415,2022-11-30 04:00:00,106,1,1,False,0.0011126633,0.998818,6.93441e-05
197170,2022-12-21 21:00:00,109,1,1,False,0.250566,0.7491229,0.00031111235
370370,2022-12-28 13:00:00,88,0,0,False,0.9962212,0.003449214,0.00032955015
242356,2022-12-11 02:00:00,166,0,0,False,0.997221,0.0025209535,0.00025807126
31503,2022-11-02 22:00:00,139,2,2,False,0.14534576,0.0007265234,0.85392773
111843,2022-11-13 20:00:00,242,2,0,True,0.8217226,0.00073279714,0.17754458
73881,2022-11-11 01:00:00,192,2,2,False,0.17689404,0.0007681163,0.82233787
110352,2022-11-11 07:00:00,240,0,0,False,0.9911923,0.006823535,0.001984149
96715,2022-11-09 03:00:00,221,2,2,False,0.069369756,0.00038114862,0.93024915
123607,2022-11-27 08:00:00,258,0,0,False,0.9979354,0.001683075,0.00038151044
3064,2022-11-09 17:00:00,102,0,0,False,0.9426696,0.057135448,0.00019497817
171519,2022-11-27 15:00:00,77,0,0,False,0.9444264,0.055176973,0.00039655724
97193,2022-11-29 01:00:00,221,2,2,False,0.058755446,0.000296299,0.94094825
105724,2022-11-27 00:00:00,233,2,2,False,0.09588687,0.00043099842,0.9036821
320186,2022-12-09 12:00:00,267,1,1,False,0.10545723,0.8942922,0.00025056727
334424,2022-12-01 22:00:00,41,2,2,False,0.23209548,0.0009120997,0.7669924
296097,2022-12-28 03:00:00,234,0,0,False,0.9977724,0.0006296434,0.0015978797
180564,2022-11-17 05:00:00,89,1,1,False,0.0010878021,0.9988348,7.7427176e-05
172501,2022-11-08 23:00:00,79,2,2,False,0.14454998,0.0005852504,0.8548647
64623,2022-11-12 14:00:00,180,2,0,True,0.6007396,0.0011040838,0.39815626
228405,2022-12-31 13:00:00,148,0,0,False,0.9940871,0.005730049,0.00018288872
95906,2022-11-05 03:00:00,220,2,0,True,0.812119,0.0019382011,0.18594277
135095,2022-11-29 08:00:00,29,1,1,False,0.0010687141,0.9988551,7.622215e-05
334322,2022-12-28 15:00:00,40,0,0,False,0.82003915,0.17967606,0.00028475575
145403,2022-11-11 23:00:00,42,2,2,False,0.09269106,0.00049491593,0.906814
308765,2022-12-14 07:00:00,251,1,0,True,0.93273,0.06708079,0.00018923002
213025,2022-12-21 14:00:00,129,0,0,False,0.9663118,0.03323394,0.00045421894
260029,2022-12-27 09:00:00,188,0,0,False,0.99652547,0.0011932997,0.0022811966
294692,2022-12-29 16:00:00,232,1,0,True,0.6927867,0.30682057,0.00039270095
1945,2022-11-22 16:00:00,100,0,0,False,0.9963446,0.0010546644,0.002600665
107940,2022-11-29 23:00:00,236,2,2,False,0.32999492,0.0007462288,0.66925883
100208,2022-11-05 15:00:00,226,1,0,True,0.77715623,0.22236274,0.0004810693
38114,2022-11-10 08:00:00,147,1,1,False,0.0010557106,0.99886215,8.2186714e-05
363225,2022-12-31 06:00:00,79,2,2,False,0.08778677,0.00047269696,0.9117405
35341,2022-11-13 23:00:00,143,1,1,False,0.0010652827,0.99886847,6.633325e-05
35009,2022-11-29 22:00:00,142,1,1,False,0.0010372064,0.99889827,6.4517706e-05
67320,2022-11-05 17:00:00,184,0,0,False,0.7394865,0.260241,0.00027248144
317013,2022-12-28 10:00:00,262,0,0,False,0.9964923,0.003312189,0.00019543071
25198,2022-11-08 08:00:00,130,0,0,False,0.9857523,0.003087555,0.0111602135
279580,2022-12-30 21:00:00,211,0,0,False,0.99720913,0.0025678657,0.00022300016
39804,2022-11-21 04:00:00,149,0,0,False,0.99619055,0.003353246,0.00045615513
349172,2022-12-15 14:00:00,6,0,0,False,0.99699247,0.0026254365,0.00038211353
33588,2022-11-30 07:00:00,140,0,0,False,0.9179916,0.08171365,0.00029481924
78953,2022-11-13 20:00:00,199,0,0,False,0.9198054,0.07941946,0.00077509205
102342,2022-11-05 04:00:00,229,2,2,False,0.027844246,0.00024204417,0.97191375
324556,2022-12-11 08:00:00,29,1,1,False,0.0010689829,0.9988582,7.282082e-05
302645,2022-12-30 14:00:00,243,2,2,False,0.2845836,0.00058716163,0.71482927
141470,2022-11-26 20:00:00,37,1,1,False,0.0031615547,0.9967224,0.00011603693
46739,2022-11-12 05:00:00,158,1,1,False,0.1668372,0.8329926,0.00017022599
248562,2022-12-30 06:00:00,173,0,0,False,0.99614406,0.0036482096,0.00020772751
170477,2022-11-14 00:00:00,76,2,2,False,0.062676676,0.00040732307,0.936916
328025,2022-12-05 16:00:00,33,2,2,False,0.2585032,0.0005280494,0.74096876
303965,2022-12-25 12:00:00,245,1,1,False,0.001056186,0.9988776,6.6266395e-05
35279,2022-11-11 09:00:00,143,1,1,False,0.0010670945,0.99886644,6.64834e-05
183621,2022-11-25 10:00:00,92,2,2,False,0.2818348,0.00071831665,0.7174469
96843,2022-11-14 11:00:00,221,0,0,False,0.99201727,0.0053408705,0.0026419226
163148,2022-11-06 11:00:00,65,0,0,False,0.9940435,0.003790242,0.0021662216
291018,2022-12-26 19:00:00,227,2,0,True,0.66749686,0.000840784,0.33166233
188819,2022-12-03 11:00:00,1,1,1,False,0.05239749,0.9471628,0.000439744
158811,2022-11-04 12:00:00,6,0,0,False,0.8889811,0.11056194,0.00045694516
112492,2022-11-11 02:00:00,243,2,2,False,0.03407162,0.00029120225,0.9656372
287138,2022-12-14 10:00:00,222,2,2,False,0.11408818,0.00058015884,0.8853317
276632,2022-12-28 05:00:00,208,1,1,False,0.04447349,0.9553976,0.00012893077
84225,2022-11-24 23:00:00,204,1,0,True,0.65285116,0.34678933,0.00035955367
6043,2022-11-14 16:00:00,106,0,0,False,0.9959317,0.0012671163,0.0028012353
175651,2022-11-21 01:00:00,82,2,2,False,0.041124847,0.0002840466,0.9585911
271466,2022-12-23 06:00:00,201,1,0,True,0.85045177,0.14929895,0.0002492663
83303,2022-11-16 08:00:00,203,0,0,False,0.97189426,0.0183802,0.00972553
137456,2022-11-08 13:00:00,32,0,0,False,0.911456,0.00095564086,0.08758835
329692,2022-12-15 01:00:00,35,0,0,False,0.9933531,0.006436532,0.00021031109
140767,2022-11-27 08:00:00,36,2,0,True,0.6360223,0.0012707993,0.36270684
62844,2022-11-27 20:00:00,178,2,2,False,0.30851665,0.0006267628,0.6908566
350393,2022-12-06 09:00:00,61,0,0,False,0.91960275,0.08018304,0.00021419035
153078,2022-11-03 23:00:00,52,1,1,False,0.21011037,0.789662,0.00022760543
335913,2022-12-03 21:00:00,43,2,0,True,0.7120071,0.0030025286,0.28499034
136364,2022-11-22 15:00:00,30,2,2,False,0.34036842,0.00094125734,0.65869033
36503,2022-11-02 14:00:00,145,2,0,True,0.9698346,0.0010923748,0.029072972
230286,2022-12-19 17:00:00,150,0,0,False,0.9632347,0.036461186,0.00030404754
254420,2022-12-03 01:00:00,181,2,2,False,0.08955692,0.0004496761,0.90999347
101733,2022-11-09 16:00:00,228,2,2,False,0.21261507,0.0005094189,0.7868755
154134,2022-11-18 06:00:00,53,2,2,False,0.13461494,0.0005980016,0.86478704
294103,2022-12-04 05:00:00,232,2,2,False,0.070790924,0.00037117707,0.9288379
76247,2022-11-20 06:00:00,195,2,2,False,0.069125675,0.0003529273,0.9305214
272789,2022-12-17 18:00:00,203,1,1,False,0.26684734,0.7328754,0.0002772462
346174,2022-12-10 20:00:00,56,2,2,False,0.30065703,0.00062995695,0.698713
178041,2022-11-01 06:00:00,86,0,0,False,0.5920887,0.40759838,0.00031289677
245178,2022-12-08 12:00:00,17,1,1,False,0.2134598,0.78624976,0.0002904147
324512,2022-12-09 12:00:00,29,1,1,False,0.0010536148,0.9988795,6.6840796e-05
106631,2022-11-05 03:00:00,235,2,2,False,0.06348215,0.00047036883,0.93604755
197774,2022-12-16 02:00:00,11,1,1,False,0.06691926,0.9328783,0.00020245266
244083,2022-12-23 21:00:00,168,0,0,False,0.95535016,0.044152975,0.00049684657
294077,2022-12-03 03:00:00,232,2,2,False,0.25156784,0.0007577361,0.7476744
132048,2022-11-21 13:00:00,269,2,2,False,0.11593263,0.00044641725,0.883621
309784,2022-12-27 15:00:00,252,1,1,False,0.3397493,0.65990156,0.00034909384
322987,2022-12-06 01:00:00,270,1,0,True,0.98706776,0.01278967,0.0001426418
88966,2022-11-13 23:00:00,210,2,0,True,0.53130776,0.0008033788,0.46788886
113594,2022-11-27 05:00:00,244,0,0,False,0.98942065,0.00068555324,0.009893753
16590,2022-11-07 04:00:00,12,1,1,False,0.098114505,0.90174335,0.0001421488
106913,2022-11-16 23:00:00,235,2,2,False,0.11203754,0.0006097133,0.88735276
67866,2022-11-28 13:00:00,184,0,0,False,0.93263614,0.06683967,0.0005242092
23531,2022-11-28 08:00:00,128,0,0,False,0.97594,0.022016983,0.002043051
300034,2022-12-11 00:00:00,240,0,0,False,0.9966163,0.00086436246,0.0025192962
323743,2022-12-07 12:00:00,28,1,1,False,0.001021922,0.9989073,7.071852e-05
242061,2022-12-29 18:00:00,165,1,1,False,0.19924201,0.80010414,0.00065380515
112687,2022-11-19 05:00:00,243,2,0,True,0.545125,0.00076551945,0.45410943
204465,2022-12-25 10:00:00,118,0,0,False,0.9890076,0.010796243,0.00019614532
105656,2022-11-24 04:00:00,233,2,2,False,0.026559947,0.00024416397,0.9731959
175604,2022-11-19 02:00:00,82,2,2,False,0.051726714,0.0003364218,0.94793683
34420,2022-11-05 07:00:00,142,1,1,False,0.0010904168,0.99883944,7.019125e-05
53776,2022-11-07 10:00:00,167,2,2,False,0.15961623,0.00062870514,0.83975506
80430,2022-11-15 19:00:00,20,1,1,False,0.0010389824,0.9988906,7.049936e-05
374305,2022-12-11 08:00:00,93,0,0,False,0.9972058,0.0021382591,0.0006559007
306488,2022-12-09 13:00:00,249,0,0,False,0.9406295,0.059211854,0.00015870691
300779,2022-12-12 00:00:00,241,2,2,False,0.12728533,0.00053210603,0.87218255
107920,2022-11-29 03:00:00,236,2,2,False,0.03916948,0.00034375774,0.96048677
234284,2022-12-05 05:00:00,156,1,1,False,0.0010473699,0.99888617,6.646595e-05
370609,2022-12-07 13:00:00,89,1,1,False,0.0010895886,0.998833,7.742002e-05
241664,2022-12-12 07:00:00,165,0,0,False,0.98143816,0.013591467,0.0049704146
378999,2022-12-27 14:00:00,99,0,0,False,0.9922563,0.0070388014,0.00070493546
155729,2022-11-25 03:00:00,55,0,0,False,0.9983095,0.0013108896,0.00037962245
96880,2022-11-16 00:00:00,221,2,0,True,0.84125495,0.00082652346,0.1579186
100411,2022-11-14 04:00:00,226,2,2,False,0.030825509,0.00024123679,0.9689332
290151,2022-12-20 17:00:00,226,0,0,False,0.99619627,0.002939495,0.00086420495
292680,2022-12-05 00:00:00,230,0,0,False,0.9926883,0.0010550953,0.006256622
154886,2022-11-19 19:00:00,54,1,0,True,0.6015465,0.39807504,0.0003784191
356355,2022-12-14 11:00:00,7,1,0,True,0.5699591,0.42977205,0.00026882588
301981,2022-12-02 00:00:00,243,2,2,False,0.064359196,0.00036464696,0.93527615
28013,2022-11-06 11:00:00,134,2,2,False,0.20799197,0.0006567058,0.7913513
378535,2022-12-07 08:00:00,99,0,0,False,0.9436413,0.055985354,0.00037334836
241580,2022-12-08 19:00:00,165,0,0,False,0.9230683,0.07521166,0.0017200827
197014,2022-12-14 11:00:00,109,2,2,False,0.12016347,0.0005211649,0.8793154
292270,2022-12-18 08:00:00,229,2,2,False,0.19218624,0.00063242624,0.80718136
38062,2022-11-08 02:00:00,147,1,1,False,0.0010555964,0.9988789,6.546017e-05
212743,2022-12-08 22:00:00,129,2,0,True,0.5454082,0.0009170714,0.45367476
28956,2022-11-16 01:00:00,135,2,2,False,0.031650905,0.00023365035,0.96811545
327642,2022-12-20 16:00:00,32,2,2,False,0.40662023,0.0009242822,0.5924555
93034,2022-11-04 15:00:00,216,0,0,False,0.9780869,0.021293927,0.0006192308
362532,2022-12-01 11:00:00,79,0,0,False,0.75939775,0.23990673,0.00069558667
65692,2022-11-27 08:00:00,181,2,2,False,0.42517084,0.000670636,0.5741585
106605,2022-11-04 01:00:00,235,2,2,False,0.05034177,0.00035738858,0.9493008
13358,2022-11-21 13:00:00,115,2,2,False,0.3535307,0.00072549796,0.6457438
168876,2022-11-06 19:00:00,74,2,2,False,0.19455291,0.00079829554,0.8046488
62481,2022-11-12 17:00:00,178,0,0,False,0.99460113,0.0015570527,0.0038418823
365423,2022-12-01 18:00:00,82,2,0,True,0.81124395,0.0014546348,0.18730141
107896,2022-11-28 03:00:00,236,0,0,False,0.9983524,0.0010047733,0.00064284523
105251,2022-11-07 05:00:00,233,2,2,False,0.0241538,0.00023931755,0.9756068
61919,2022-11-19 02:00:00,177,2,0,True,0.97602206,0.0006920079,0.023285894
153602,2022-11-25 21:00:00,52,0,2,True,0.2181377,0.00084247626,0.7810198
126698,2022-11-07 02:00:00,262,2,2,False,0.036091737,0.00029153947,0.96361667
340129,2022-12-30 06:00:00,48,2,2,False,0.13691714,0.000708922,0.86237395
36839,2022-11-16 19:00:00,145,0,0,False,0.9568792,0.041383162,0.0017376031
80395,2022-11-14 08:00:00,20,1,1,False,0.0010757756,0.9988558,6.8398294e-05
290444,2022-12-01 23:00:00,227,2,2,False,0.05050097,0.00032860262,0.9491705
289100,2022-12-06 01:00:00,225,0,0,False,0.99762505,0.0017986103,0.00057632447
270008,2022-12-22 14:00:00,20,1,1,False,0.0010627623,0.99887246,6.477824e-05
8485,2022-11-27 01:00:00,109,1,1,False,0.114160255,0.885565,0.00027473617
158163,2022-11-07 07:00:00,59,1,1,False,0.20049724,0.7992438,0.0002589399
169691,2022-11-11 01:00:00,75,2,2,False,0.10750342,0.00048849365,0.89200807
144770,2022-11-15 09:00:00,41,1,0,True,0.61065733,0.38737392,0.0019688013
177561,2022-11-11 06:00:00,85,2,0,True,0.8896892,0.0009502066,0.109360635
356308,2022-12-12 12:00:00,7,1,1,False,0.23753902,0.76223403,0.00022694531
90742,2022-11-28 09:00:00,212,1,1,False,0.11335932,0.88642794,0.00021269733
324188,2022-12-26 23:00:00,28,1,1,False,0.0010513436,0.99888307,6.554465e-05
252237,2022-12-02 05:00:00,179,2,2,False,0.041724116,0.00039837466,0.9578776
303717,2022-12-14 06:00:00,245,1,1,False,0.0010743138,0.9988483,7.740349e-05
324714,2022-12-18 07:00:00,29,1,1,False,0.0039644535,0.9958437,0.00019184059
281234,2022-12-08 18:00:00,214,0,0,False,0.98999524,0.0013326816,0.008672011
86585,2022-11-04 01:00:00,208,1,0,True,0.6586177,0.34110546,0.00027681462
174692,2022-11-10 21:00:00,81,2,0,True,0.9193115,0.0053484375,0.075340085
371058,2022-12-27 04:00:00,89,1,1,False,0.0010946678,0.99884135,6.403798e-05
14440,2022-11-06 23:00:00,117,1,1,False,0.079325065,0.9205502,0.00012470684
33062,2022-11-08 07:00:00,140,1,0,True,0.67381835,0.32583925,0.00034240924
43097,2022-11-09 10:00:00,153,1,1,False,0.30849802,0.6912095,0.0002924841
86114,2022-11-14 07:00:00,207,0,0,False,0.9948507,0.0044435966,0.0007056495
144012,2022-11-13 14:00:00,40,2,2,False,0.14324048,0.00053428963,0.8562252
196685,2022-12-31 17:00:00,108,1,1,False,0.0035993122,0.99625504,0.00014569571
113637,2022-11-29 00:00:00,244,2,2,False,0.16550912,0.00066887337,0.833822
138851,2022-11-07 00:00:00,34,1,1,False,0.052630156,0.94727594,9.3929026e-05
246509,2022-12-03 21:00:00,171,0,0,False,0.99752027,0.0007238662,0.0017558156
52511,2022-11-14 09:00:00,165,2,0,True,0.7026321,0.00575485,0.2916131
16789,2022-11-15 13:00:00,12,0,0,False,0.7538397,0.24590431,0.0002560361
166427,2022-11-24 00:00:00,7,0,0,False,0.9959752,0.0030100937,0.0010147626
288768,2022-12-23 04:00:00,224,2,2,False,0.10257244,0.00052158034,0.89690596
254450,2022-12-04 07:00:00,181,2,0,True,0.59971935,0.00088664633,0.399394
211999,2022-12-07 23:00:00,128,0,0,False,0.9909202,0.0055210586,0.0035588073
15998,2022-11-12 09:00:00,119,0,0,False,0.9306446,0.06916062,0.0001947849
7709,2022-11-24 12:00:00,108,2,2,False,0.45375168,0.0010200063,0.5452283
93411,2022-11-20 10:00:00,216,0,0,False,0.9691029,0.03066146,0.00023558599
159472,2022-11-02 03:00:00,60,1,1,False,0.03414972,0.96576947,8.077844e-05
111851,2022-11-14 04:00:00,242,2,2,False,0.062072128,0.00034639752,0.9375815
70505,2022-11-19 08:00:00,188,0,0,False,0.9956251,0.0012522251,0.0031227565
101834,2022-11-13 21:00:00,228,2,2,False,0.09073178,0.00045204096,0.9088162
375193,2022-12-19 03:00:00,94,0,0,False,0.9976803,0.0019966606,0.00032298925
109200,2022-11-22 21:00:00,238,0,0,False,0.98705274,0.0006922073,0.012254992
68332,2022-11-18 04:00:00,185,2,2,False,0.028916556,0.00022714007,0.9708563
259210,2022-12-23 07:00:00,187,2,0,True,0.907235,0.0011402832,0.09162469
277727,2022-12-12 20:00:00,21,1,1,False,0.073168956,0.926681,0.00015008071
185908,2022-11-01 08:00:00,96,1,1,False,0.001058772,0.9988644,7.6836215e-05
373773,2022-12-20 01:00:00,92,1,0,True,0.75958484,0.24013929,0.00027585894
96735,2022-11-09 23:00:00,221,2,2,False,0.106329314,0.00038836896,0.89328235
52760,2022-11-24 18:00:00,165,1,0,True,0.6486498,0.34596896,0.005381174
54511,2022-11-08 06:00:00,168,0,0,False,0.9749844,0.0005365401,0.024479024
79894,2022-11-23 06:00:00,2,0,0,False,0.9983163,0.0009870251,0.00069669844
102341,2022-11-05 03:00:00,229,2,2,False,0.03885924,0.00027714344,0.9608636
288070,2022-12-24 03:00:00,223,2,2,False,0.074327454,0.00043677518,0.9252358
76253,2022-11-20 12:00:00,195,0,0,False,0.5634751,0.00060876954,0.4359162
123400,2022-11-18 17:00:00,258,1,1,False,0.31319392,0.68655556,0.00025047237
8803,2022-11-10 12:00:00,11,2,0,True,0.83606315,0.0010271495,0.16290967
340832,2022-12-29 12:00:00,49,0,0,False,0.9940084,0.004535006,0.0014565976
84213,2022-11-24 11:00:00,204,0,0,False,0.98958,0.009787414,0.0006326263
359270,2022-12-15 18:00:00,74,0,0,False,0.9860432,0.013474071,0.00048267093
305309,2022-12-21 10:00:00,247,1,0,True,0.8560261,0.14360486,0.00036907583
176059,2022-11-08 04:00:00,83,2,2,False,0.10524522,0.00053039275,0.8942244
175300,2022-11-06 08:00:00,82,2,2,False,0.12159915,0.00047388682,0.87792695
144908,2022-11-21 03:00:00,41,2,2,False,0.0977696,0.0005108834,0.9017195
374945,2022-12-07 23:00:00,94,1,1,False,0.09367861,0.9061497,0.00017176635
293941,2022-12-28 10:00:00,231,0,0,False,0.9963509,0.0011756357,0.0024734878
112163,2022-11-27 04:00:00,242,0,2,True,0.48026758,0.0008480424,0.5188844
197822,2022-12-18 22:00:00,11,1,0,True,0.95559895,0.044089325,0.00031169053
168245,2022-11-10 09:00:00,73,2,2,False,0.40374544,0.00088779925,0.5953668
208452,2022-12-10 09:00:00,123,1,0,True,0.841355,0.15838279,0.0002622474
170015,2022-11-24 13:00:00,75,0,1,True,0.38177565,0.6179852,0.00023919257
258487,2022-12-23 05:00:00,186,2,0,True,0.7247448,0.0009887092,0.27426648
377098,2022-12-07 13:00:00,97,2,0,True,0.5575168,0.00084130594,0.44164187
203401,2022-12-10 05:00:00,117,0,0,False,0.9984028,0.0007508969,0.00084639044
62978,2022-11-03 13:00:00,179,1,0,True,0.93422663,0.065426275,0.0003470773
105438,2022-11-15 02:00:00,233,2,0,True,0.6202252,0.0008167273,0.37895814
42879,2022-11-30 03:00:00,152,1,1,False,0.08208042,0.91777605,0.00014351195
234533,2022-12-15 14:00:00,156,1,1,False,0.0010726887,0.99885285,7.4409734e-05
55163,2022-11-05 15:00:00,169,1,0,True,0.8648836,0.1339359,0.0011805468
7304,2022-11-07 13:00:00,108,2,2,False,0.24710305,0.0006075205,0.7522894
159034,2022-11-13 21:00:00,6,1,1,False,0.08715937,0.9126483,0.00019233787
74418,2022-11-03 13:00:00,193,0,0,False,0.9555524,0.044077937,0.00036972176
211238,2022-12-06 07:00:00,127,0,0,False,0.99710506,0.0012545699,0.0016404135
172985,2022-11-29 03:00:00,79,2,2,False,0.106110476,0.00055650814,0.893333
72822,2022-11-26 12:00:00,190,1,0,True,0.7044165,0.29529777,0.00028573358
224671,2022-12-26 04:00:00,143,1,1,False,0.0010271772,0.9989053,6.747235e-05
48489,2022-11-25 13:00:00,16,1,1,False,0.0011642824,0.998767,6.872245e-05
105686,2022-11-25 10:00:00,233,2,2,False,0.061492838,0.0003382575,0.9381689
87384,2022-11-07 13:00:00,209,0,0,False,0.9780975,0.021361187,0.00054136524
68192,2022-11-12 08:00:00,185,2,2,False,0.49001947,0.0011895614,0.50879097
253393,2022-12-21 06:00:00,18,1,1,False,0.17975053,0.81990856,0.00034097265
183356,2022-11-14 09:00:00,92,2,0,True,0.80338323,0.0014118624,0.19520494
275402,2022-12-06 02:00:00,207,0,0,False,0.9984295,0.0006955542,0.00087497005
85426,2022-11-15 10:00:00,206,2,2,False,0.38176617,0.0009732918,0.6172605
148598,2022-11-25 22:00:00,46,2,2,False,0.11306596,0.00057061866,0.8863634
269925,2022-12-19 01:00:00,20,1,1,False,0.0037829257,0.9960121,0.00020503017
378004,2022-12-15 06:00:00,98,1,1,False,0.17671366,0.82299423,0.00029208412
32885,2022-11-30 19:00:00,14,2,0,True,0.98041236,0.0027470798,0.016840523
296594,2022-12-18 06:00:00,235,2,2,False,0.46289963,0.00095697277,0.5361434
48287,2022-11-17 03:00:00,16,1,1,False,0.0011897356,0.998728,8.231356e-05
350900,2022-12-28 10:00:00,61,0,0,False,0.9961706,0.0035938625,0.00023551632
19370,2022-11-03 20:00:00,123,0,0,False,0.9928843,0.0048176944,0.0022980801
186389,2022-11-21 14:00:00,96,1,0,True,0.68132347,0.31842002,0.00025647364
71071,2022-11-13 03:00:00,189,2,0,True,0.97069126,0.0006281105,0.02868061
41641,2022-11-08 06:00:00,151,1,1,False,0.05288059,0.9469573,0.00016215823
165536,2022-11-16 16:00:00,69,2,2,False,0.40377584,0.0008182176,0.59540594
106127,2022-11-14 00:00:00,234,2,2,False,0.051946525,0.0003803774,0.9476731
47185,2022-11-30 19:00:00,158,1,0,True,0.6290587,0.37062162,0.00031965922
182066,2022-11-20 05:00:00,90,0,0,False,0.9978604,0.0017021842,0.00043747423
243198,2022-12-16 03:00:00,167,1,1,False,0.066498026,0.9332709,0.00023107242
106933,2022-11-17 19:00:00,235,0,0,False,0.9718455,0.0069783144,0.021176184
294385,2022-12-15 23:00:00,232,2,0,True,0.84177756,0.0010517824,0.15717065
111844,2022-11-13 21:00:00,242,2,2,False,0.10142414,0.00048365086,0.8980922
324093,2022-12-23 00:00:00,28,1,1,False,0.0010104991,0.99892896,6.0545586e-05
36947,2022-11-21 07:00:00,145,0,0,False,0.97661704,0.010648193,0.012734729
64625,2022-11-12 16:00:00,180,2,0,True,0.63777286,0.0010191706,0.36120796
23004,2022-11-06 07:00:00,128,0,0,False,0.99654824,0.0029515778,0.00050020585
253907,2022-12-11 17:00:00,180,2,0,True,0.8075482,0.00088797894,0.19156384
370562,2022-12-05 14:00:00,89,1,1,False,0.0011223598,0.9988022,7.543568e-05
160032,2022-11-25 16:00:00,60,2,0,True,0.90917295,0.0011017687,0.08972524
51699,2022-11-10 08:00:00,164,0,0,False,0.9455308,0.053896505,0.00057273114
7705,2022-11-24 08:00:00,108,2,0,True,0.87322617,0.005593899,0.12117992
291416,2022-12-12 10:00:00,228,2,2,False,0.04017736,0.00030333467,0.95951927
28605,2022-11-01 05:00:00,135,0,0,False,0.9613923,0.00050021685,0.038107503
331506,2022-12-31 11:00:00,37,1,1,False,0.0011075012,0.99881893,7.355696e-05
184407,2022-11-28 09:00:00,93,2,0,True,0.7296619,0.0015886724,0.26874945
269561,2022-12-03 01:00:00,20,1,1,False,0.0010083233,0.9989268,6.478875e-05
26394,2022-11-28 11:00:00,131,0,0,False,0.9096831,0.08994541,0.00037152547
272964,2022-12-25 14:00:00,203,0,0,False,0.9951939,0.0037836717,0.0010223999
29665,2022-11-15 19:00:00,136,0,0,False,0.9869118,0.012356968,0.0007312099
71766,2022-11-12 07:00:00,19,1,1,False,0.16251066,0.83719987,0.00028949758
7910,2022-11-03 00:00:00,109,1,1,False,0.1000934,0.8997181,0.00018849126
316458,2022-12-04 09:00:00,262,0,0,False,0.99811804,0.0015175566,0.00036443525
180606,2022-11-18 23:00:00,89,1,1,False,0.0010240662,0.99890864,6.7259665e-05
375136,2022-12-15 22:00:00,94,0,0,False,0.99566334,0.0037285227,0.000608123
142995,2022-11-30 19:00:00,39,0,0,False,0.99278426,0.0051983283,0.0020173916
335849,2022-12-01 05:00:00,43,0,0,False,0.9962574,0.0024125357,0.001330079
145692,2022-11-24 00:00:00,42,2,2,False,0.31933892,0.0008934486,0.67976767
303444,2022-12-02 21:00:00,245,1,1,False,0.001002395,0.9989391,5.84807e-05
37916,2022-11-01 21:00:00,147,1,1,False,0.0010277432,0.9989089,6.343592e-05
119506,2022-11-05 08:00:00,252,1,1,False,0.1821647,0.8172194,0.0006159266
107195,2022-11-28 17:00:00,235,0,0,False,0.9886706,0.010914231,0.00041517738
237304,2022-12-10 21:00:00,16,1,1,False,0.0010911421,0.998833,7.58767e-05
246170,2022-12-20 17:00:00,170,1,1,False,0.37264982,0.626899,0.00045117855
286584,2022-12-22 07:00:00,221,2,0,True,0.94840604,0.0005351929,0.051058736
98806,2022-11-06 19:00:00,224,2,2,False,0.26830888,0.00086779625,0.73082334
131258,2022-11-18 10:00:00,268,0,0,False,0.97661364,0.0020635256,0.021322913
357788,2022-12-14 02:00:00,72,1,1,False,0.0011426432,0.9987753,8.2091145e-05
165023,2022-11-25 02:00:00,67,0,0,False,0.98974305,0.010109907,0.00014705023
178533,2022-11-21 23:00:00,86,0,0,False,0.72874963,0.27092597,0.00032439068
324529,2022-12-10 05:00:00,29,1,1,False,0.0010303664,0.9989016,6.796057e-05
44677,2022-11-15 16:00:00,155,0,0,False,0.6177003,0.38184825,0.00045142916
18514,2022-11-27 20:00:00,121,2,2,False,0.48773536,0.00079461274,0.51147
53788,2022-11-07 22:00:00,167,1,1,False,0.11697023,0.8828017,0.00022807816
116673,2022-11-06 11:00:00,249,1,0,True,0.61746156,0.38226366,0.00027474968
105344,2022-11-11 04:00:00,233,2,2,False,0.026049338,0.00025021328,0.9737005
351220,2022-12-10 19:00:00,62,0,0,False,0.98460305,0.014176105,0.0012208772
22452,2022-11-13 04:00:00,127,2,0,True,0.81860906,0.0011968208,0.18019415
132342,2022-11-03 22:00:00,27,0,0,False,0.92289066,0.076784596,0.0003247859
184946,2022-11-21 01:00:00,94,0,0,False,0.9976059,0.0012769975,0.001117086
174863,2022-11-18 00:00:00,81,2,2,False,0.24061804,0.00070610724,0.7586758
324319,2022-12-01 11:00:00,29,1,1,False,0.0010388971,0.99889046,7.0660695e-05
290674,2022-12-11 13:00:00,227,2,2,False,0.06327488,0.00033957502,0.9363855
20572,2022-11-24 05:00:00,124,1,1,False,0.14549181,0.8541967,0.0003115286
184405,2022-11-28 07:00:00,93,0,0,False,0.97860247,0.021013258,0.00038422615
293514,2022-12-09 17:00:00,231,0,0,False,0.9968291,0.0029644049,0.00020645028
99356,2022-11-29 19:00:00,224,2,0,True,0.6617368,0.0010082402,0.33725497
284441,2022-12-23 03:00:00,218,1,1,False,0.047667205,0.95222425,0.00010852021
179018,2022-11-12 09:00:00,87,2,2,False,0.116758816,0.00048237684,0.8827588
306580,2022-12-13 09:00:00,249,0,0,False,0.9955146,0.00414479,0.00034063592
375515,2022-12-01 16:00:00,95,2,0,True,0.8530298,0.0011217967,0.14584845
81349,2022-11-24 07:00:00,200,1,0,True,0.5406232,0.45905295,0.00032386862
343163,2022-12-05 13:00:00,52,0,0,False,0.99738294,0.0013340904,0.0012830016
88066,2022-11-06 04:00:00,21,1,0,True,0.97833234,0.021433145,0.00023448991
77694,2022-11-20 23:00:00,197,0,0,False,0.99774075,0.0008741547,0.0013850599
140626,2022-11-21 11:00:00,36,0,0,False,0.99523324,0.0037365404,0.0010302283
164215,2022-11-21 05:00:00,66,1,1,False,0.075757496,0.9240698,0.00017269528
270949,2022-12-31 18:00:00,200,1,0,True,0.59949374,0.40025112,0.00025514016
18827,2022-11-11 02:00:00,122,0,0,False,0.9945539,0.00085459865,0.0045914673
365820,2022-12-19 03:00:00,82,0,0,False,0.9980167,0.00065411156,0.0013291237
158576,2022-11-24 14:00:00,59,0,0,False,0.7760013,0.22329652,0.00070215634
183010,2022-11-29 18:00:00,91,1,0,True,0.9546271,0.0417113,0.00366158
237473,2022-12-18 07:00:00,16,1,1,False,0.004046877,0.99576,0.00019315702
91749,2022-11-10 18:00:00,214,0,0,False,0.98496914,0.014255984,0.0007748527
182296,2022-11-29 19:00:00,90,1,0,True,0.7539479,0.24565664,0.0003954247
160117,2022-11-29 05:00:00,60,0,0,False,0.9895978,0.010262567,0.00013957455
98974,2022-11-13 21:00:00,224,2,0,True,0.883796,0.00068608223,0.11551795
373049,2022-12-19 22:00:00,91,1,1,False,0.2313604,0.7682062,0.00043344928
69832,2022-11-21 02:00:00,187,2,2,False,0.090299465,0.00050268427,0.9091978
138792,2022-11-04 13:00:00,34,0,0,False,0.994789,0.0048670364,0.00034397727
308380,2022-12-29 05:00:00,250,0,0,False,0.9908105,0.009083659,0.00010578198
255509,2022-12-19 05:00:00,182,2,2,False,0.047633804,0.00037627842,0.95198995
11430,2022-11-30 14:00:00,112,0,0,False,0.9927416,0.0055582644,0.0017001113
269500,2022-12-31 11:00:00,2,1,1,False,0.0010397246,0.9988932,6.709526e-05
370838,2022-12-17 11:00:00,89,1,1,False,0.0036532274,0.9961272,0.00021955033
146047,2022-11-09 00:00:00,43,2,0,True,0.9155852,0.00089756364,0.083517246
135071,2022-11-28 08:00:00,29,1,1,False,0.0010711235,0.9988575,7.140684e-05
370791,2022-12-15 03:00:00,89,1,1,False,0.0011020671,0.9988192,7.876977e-05
41502,2022-11-02 08:00:00,151,2,0,True,0.5991449,0.0030733813,0.39778176
172809,2022-11-21 19:00:00,79,0,0,False,0.72705626,0.0014317665,0.27151197
178874,2022-11-06 07:00:00,87,1,1,False,0.0030354627,0.99691963,4.4962457e-05
39611,2022-11-13 03:00:00,149,2,2,False,0.08702826,0.00041076422,0.91256094
204301,2022-12-18 01:00:00,118,0,0,False,0.99676645,0.0028857014,0.00034790696
250435,2022-12-17 15:00:00,176,0,0,False,0.960761,0.00067593943,0.03856301
268826,2022-12-02 11:00:00,2,1,1,False,0.0043839607,0.9954007,0.0002153864
232112,2022-12-04 20:00:00,153,1,1,False,0.3089169,0.6908583,0.00022480825
134589,2022-11-08 04:00:00,29,0,0,False,0.99512106,0.0046216385,0.00025723747
173443,2022-11-18 10:00:00,8,1,0,True,0.62557274,0.37379164,0.0006356582
75016,2022-11-28 13:00:00,193,1,0,True,0.6794696,0.32027632,0.0002540866
24926,2022-11-26 21:00:00,13,0,0,False,0.9901052,0.0027942595,0.0071005276
22880,2022-11-01 00:00:00,128,0,0,False,0.9934889,0.006253907,0.0002571535
104514,2022-11-06 07:00:00,232,2,2,False,0.12146027,0.00058050005,0.8779592
182271,2022-11-28 18:00:00,90,2,0,True,0.71307784,0.001003801,0.28591838
193267,2022-12-08 13:00:00,104,1,1,False,0.10873187,0.89110994,0.00015812172
177354,2022-11-02 10:00:00,85,2,2,False,0.21941751,0.0005203933,0.7800621
46206,2022-11-19 19:00:00,157,1,1,False,0.3508924,0.6485543,0.00055328937
289696,2022-12-31 19:00:00,225,0,0,False,0.9960001,0.0037774455,0.0002224201
32682,2022-11-22 08:00:00,14,1,1,False,0.42834035,0.57142836,0.00023124977
299045,2022-12-30 19:00:00,238,0,0,False,0.96926177,0.030489288,0.0002489055
365747,2022-12-15 06:00:00,82,0,0,False,0.9839803,0.00039691743,0.015622804
307414,2022-12-18 22:00:00,25,1,1,False,0.0849597,0.9148077,0.00023265983
65109,2022-11-02 23:00:00,181,2,2,False,0.14050528,0.0006694561,0.8588252
221464,2022-12-11 19:00:00,14,0,0,False,0.9947806,0.0013586933,0.0038607176
324068,2022-12-21 23:00:00,28,1,1,False,0.0009856021,0.998953,6.14215e-05
42095,2022-11-27 06:00:00,151,1,1,False,0.21285672,0.7869046,0.00023874511
331248,2022-12-20 17:00:00,37,1,1,False,0.10067456,0.89910895,0.00021651718
253610,2022-12-30 07:00:00,18,1,1,False,0.24121268,0.75842065,0.00036662043
101846,2022-11-14 09:00:00,228,2,2,False,0.121615805,0.0004662811,0.87791795
28281,2022-11-17 17:00:00,134,0,0,False,0.9912335,0.0045750695,0.0041914186
320271,2022-12-13 01:00:00,267,0,0,False,0.99764436,0.002008389,0.00034726146
103178,2022-11-10 07:00:00,230,2,2,False,0.20542958,0.00064282166,0.7939276
240778,2022-12-05 10:00:00,164,0,0,False,0.98687124,0.0016384135,0.011490356
349850,2022-12-13 19:00:00,60,0,0,False,0.99753726,0.0013134825,0.0011492455
184388,2022-11-27 14:00:00,93,0,0,False,0.9738817,0.02588076,0.00023758253
51956,2022-11-21 01:00:00,164,0,0,False,0.9936119,0.0061722538,0.0002158336
330145,2022-12-03 21:00:00,36,2,2,False,0.16491815,0.0008246715,0.8342572
259176,2022-12-21 21:00:00,187,2,2,False,0.39443347,0.0007004775,0.6048661
210679,2022-12-13 01:00:00,126,0,0,False,0.9982716,0.000554241,0.001174212
250599,2022-12-25 00:00:00,176,2,2,False,0.15910992,0.0004607312,0.84042937
254425,2022-12-03 06:00:00,181,2,2,False,0.051520996,0.00030172375,0.9481773
102965,2022-11-01 05:00:00,230,2,0,True,0.9780945,0.00045144878,0.021454064
106151,2022-11-15 00:00:00,234,2,2,False,0.06279599,0.00035251427,0.93685156
48192,2022-11-13 04:00:00,16,1,1,False,0.0011401923,0.9987901,6.968781e-05
357737,2022-12-11 23:00:00,72,1,1,False,0.0010730234,0.9988519,7.512297e-05
159335,2022-11-26 10:00:00,6,1,0,True,0.6115838,0.38808376,0.000332424
45943,2022-11-08 20:00:00,157,1,0,True,0.88331634,0.1077203,0.008963323
214166,2022-12-08 03:00:00,130,0,0,False,0.98386014,0.015984252,0.00015557806
157068,2022-11-21 08:00:00,57,1,1,False,0.1911135,0.808541,0.00034552417
334990,2022-12-26 10:00:00,41,1,0,True,0.997649,0.0009005193,0.0014505023
105111,2022-11-01 06:00:00,233,2,2,False,0.42679608,0.00092220714,0.5722817
68841,2022-11-09 14:00:00,186,2,0,True,0.6738658,0.00089701026,0.3252372
80705,2022-11-27 06:00:00,20,1,1,False,0.0010370635,0.998895,6.803022e-05
11830,2022-11-17 11:00:00,113,2,2,False,0.45910937,0.0009911433,0.53989947
14250,2022-11-28 22:00:00,116,1,0,True,0.5788598,0.42082474,0.0003154445
283694,2022-12-22 01:00:00,217,0,0,False,0.9975091,0.0021539486,0.00033696785
113181,2022-11-10 00:00:00,244,2,2,False,0.21940306,0.00064890407,0.77994806
308803,2022-12-15 21:00:00,251,1,1,False,0.18301365,0.81679654,0.00018980837
292263,2022-12-18 01:00:00,229,2,0,True,0.95051086,0.0006959071,0.048793275
105651,2022-11-23 23:00:00,233,2,2,False,0.095085934,0.00047019823,0.90444386
161025,2022-11-07 09:00:00,62,1,1,False,0.40381977,0.5958079,0.00037238843
11010,2022-11-13 02:00:00,112,1,1,False,0.07396913,0.9258003,0.00023052802
193483,2022-12-17 22:00:00,104,0,1,True,0.27439952,0.7253362,0.0002642465
271483,2022-12-23 23:00:00,201,1,1,False,0.10577187,0.8940739,0.00015424125
133062,2022-11-04 03:00:00,270,1,1,False,0.03650386,0.9633743,0.00012185289
269520,2022-12-01 08:00:00,20,1,1,False,0.001051682,0.99887365,7.466392e-05
3509,2022-11-28 06:00:00,102,0,0,False,0.99731344,0.002493167,0.0001933274
180773,2022-11-25 22:00:00,89,1,1,False,0.0010697693,0.9988669,6.33914e-05
31987,2022-11-23 04:00:00,139,0,0,False,0.9954145,0.0004120316,0.00417344
288770,2022-12-23 06:00:00,224,2,2,False,0.26426333,0.0006030567,0.7351336
292826,2022-12-11 02:00:00,230,0,0,False,0.9895662,0.009902156,0.0005316535
235471,2022-12-25 13:00:00,157,0,0,False,0.9934754,0.004997764,0.0015268893
12844,2022-11-29 22:00:00,114,1,1,False,0.26693237,0.73286897,0.00019870722
151954,2022-11-16 19:00:00,50,2,0,True,0.90078837,0.00091685465,0.098294765
224013,2022-12-28 19:00:00,142,1,1,False,0.0010915432,0.9988391,6.937361e-05
284295,2022-12-16 03:00:00,218,1,1,False,0.08008399,0.9197934,0.00012253349
40991,2022-11-11 01:00:00,150,0,0,False,0.9770273,0.022813234,0.00015949219
335378,2022-12-11 15:00:00,42,2,0,True,0.7225018,0.00099124,0.2765069
104433,2022-11-02 22:00:00,232,2,0,True,0.55256546,0.0025590237,0.4448755
103745,2022-11-04 01:00:00,231,2,2,False,0.1220135,0.0005124446,0.87747407
146355,2022-11-21 20:00:00,43,2,2,False,0.2790684,0.0009912213,0.7199404
67650,2022-11-19 13:00:00,184,1,1,False,0.021872843,0.97783685,0.00029036158
123654,2022-11-29 07:00:00,258,0,0,False,0.9453755,0.054285575,0.00033887368
203781,2022-12-26 23:00:00,117,0,0,False,0.99638474,0.001120921,0.0024943468
185590,2022-11-18 02:00:00,95,1,1,False,0.14747743,0.85234,0.0001826537
274804,2022-12-11 05:00:00,206,0,0,False,0.9879006,0.011917708,0.00018172282
251707,2022-12-10 04:00:00,178,0,0,False,0.9970584,0.0027882492,0.00015343212
24016,2022-11-18 18:00:00,129,2,0,True,0.54551226,0.0010734984,0.45341423
234481,2022-12-13 10:00:00,156,1,1,False,0.0010609094,0.9988626,7.642967e-05
367589,2022-12-01 21:00:00,85,0,0,False,0.9733931,0.0006599743,0.025946999
236746,2022-12-18 01:00:00,159,0,0,False,0.92165923,0.0777207,0.0006199975
210879,2022-12-22 07:00:00,126,0,0,False,0.9685553,0.031067993,0.00037669583
90802,2022-11-30 21:00:00,212,0,0,False,0.9067044,0.092869505,0.00042606855
138740,2022-11-02 06:00:00,34,0,0,False,0.86600685,0.13383284,0.00016029806
61069,2022-11-13 11:00:00,176,2,0,True,0.8394841,0.16022198,0.00029386798
137010,2022-11-19 18:00:00,31,2,2,False,0.21054432,0.000628646,0.78882706
158849,2022-11-06 02:00:00,6,1,0,True,0.97479093,0.024862299,0.0003467422
182176,2022-11-24 19:00:00,90,1,0,True,0.99142796,0.0030913947,0.0054805735
52638,2022-11-19 16:00:00,165,0,0,False,0.97174996,0.024865162,0.003384956
218014,2022-12-19 02:00:00,135,2,2,False,0.11796236,0.0005251159,0.8815125
64124,2022-11-21 14:00:00,18,1,0,True,0.69889134,0.30075806,0.00035060276
7214,2022-11-03 19:00:00,108,1,1,False,0.419963,0.57959396,0.0004430201
187344,2022-11-01 14:00:00,98,0,0,False,0.8988953,0.10079072,0.00031395417
196625,2022-12-29 05:00:00,108,1,1,False,0.042098183,0.95775026,0.000151562
106918,2022-11-17 04:00:00,235,2,2,False,0.040396843,0.00035976255,0.95924336
47226,2022-11-02 12:00:00,159,2,2,False,0.38640377,0.0010893513,0.6125069
159200,2022-11-20 19:00:00,6,1,1,False,0.29750183,0.70225644,0.00024164814
103372,2022-11-18 09:00:00,230,0,0,False,0.9771633,0.002162176,0.020674504
174135,2022-11-17 11:00:00,80,0,0,False,0.95414305,0.045033433,0.0008234892
209741,2022-12-04 00:00:00,125,2,2,False,0.44663927,0.0008747072,0.552486
270702,2022-12-21 11:00:00,200,1,0,True,0.94826543,0.051587135,0.0001475048
197049,2022-12-15 22:00:00,109,1,0,True,0.59502923,0.40464634,0.00032443542
335127,2022-12-01 04:00:00,42,2,2,False,0.070588015,0.00045382974,0.9289581
324054,2022-12-21 09:00:00,28,1,1,False,0.00341435,0.9963916,0.00019406619
365804,2022-12-18 00:00:00,82,2,0,True,0.9365272,0.0009986231,0.062474232
344621,2022-12-06 05:00:00,54,0,0,False,0.99860543,0.00088098756,0.0005135693
303713,2022-12-14 02:00:00,245,1,1,False,0.0010679631,0.9988575,7.457525e-05
340894,2022-12-01 03:00:00,5,0,0,False,0.9518075,0.048073743,0.00011879701
80092,2022-11-01 12:00:00,20,1,1,False,0.0010727129,0.9988612,6.6101384e-05
274653,2022-12-04 22:00:00,206,0,0,False,0.9773842,0.0223892,0.0002266454
307625,2022-12-27 19:00:00,25,1,0,True,0.69272596,0.30695876,0.00031526663
103249,2022-11-13 06:00:00,230,2,2,False,0.09976374,0.00047414986,0.8997621
159144,2022-11-18 11:00:00,6,0,0,False,0.81425476,0.18553112,0.0002141653
200088,2022-12-23 07:00:00,112,1,1,False,0.31857988,0.6808843,0.0005358292
9656,2022-11-16 06:00:00,110,0,0,False,0.9934656,0.0062140203,0.00032031708
240301,2022-12-15 14:00:00,163,0,0,False,0.9149822,0.08471432,0.00030353188
48291,2022-11-17 07:00:00,16,1,1,False,0.0011530701,0.9987483,9.857014e-05
324184,2022-12-26 19:00:00,28,1,1,False,0.0010523865,0.9988789,6.869129e-05
141705,2022-11-06 18:00:00,38,2,0,True,0.9849459,0.0023009577,0.012753144
170971,2022-11-04 17:00:00,77,2,0,True,0.73938614,0.0012644858,0.25934938
104529,2022-11-06 22:00:00,232,2,2,False,0.45635694,0.00093210815,0.54271096
13776,2022-11-09 04:00:00,116,0,0,False,0.9974841,0.001751048,0.0007648416
186088,2022-11-09 01:00:00,96,1,1,False,0.04189817,0.95797133,0.0001305546
107915,2022-11-28 22:00:00,236,2,2,False,0.33226466,0.0008736538,0.6668617
244309,2022-12-02 08:00:00,169,0,0,False,0.8033768,0.19624372,0.00037949768
164441,2022-11-30 15:00:00,66,0,0,False,0.8693366,0.12883508,0.0018283376
338389,2022-12-16 22:00:00,46,2,2,False,0.11681095,0.00062545744,0.8825636
84763,2022-11-17 14:00:00,205,2,0,True,0.9431343,0.0007343249,0.056131396
331730,2022-12-09 20:00:00,38,1,1,False,0.0009722881,0.9989575,7.016863e-05
253306,2022-12-16 17:00:00,18,1,0,True,0.8636973,0.13604015,0.00026261125
140058,2022-11-27 14:00:00,35,1,1,False,0.0039114156,0.9959615,0.00012716108
363227,2022-12-31 08:00:00,79,2,2,False,0.11327582,0.00055015524,0.88617396
107131,2022-11-26 01:00:00,235,0,0,False,0.9931733,0.003598773,0.0032278595
106125,2022-11-13 22:00:00,234,2,2,False,0.08884066,0.00044441092,0.9107149
145215,2022-11-04 01:00:00,42,2,2,False,0.075347364,0.00045424156,0.9241984
101828,2022-11-13 15:00:00,228,2,2,False,0.12188227,0.00048842066,0.8776293
28057,2022-11-08 07:00:00,134,2,0,True,0.9732727,0.0008156599,0.025911639
26106,2022-11-16 11:00:00,131,1,0,True,0.95395976,0.04530566,0.0007345191
215988,2022-12-24 21:00:00,132,2,2,False,0.16638269,0.00051918236,0.8330981
105681,2022-11-25 05:00:00,233,2,2,False,0.02416374,0.00022607509,0.97561026
269621,2022-12-05 13:00:00,20,1,1,False,0.001086237,0.9988412,7.252745e-05
101075,2022-11-12 01:00:00,227,2,2,False,0.052070197,0.0003572733,0.94757247
209903,2022-12-10 18:00:00,125,2,2,False,0.110822774,0.0005519854,0.88862526
96814,2022-11-13 06:00:00,221,2,2,False,0.21869986,0.00050500454,0.7807951
202677,2022-12-10 02:00:00,116,0,0,False,0.99243176,0.007200971,0.00036723356
165672,2022-11-22 08:00:00,69,2,0,True,0.90278864,0.006837367,0.090374
338957,2022-12-10 13:00:00,47,1,1,False,0.13922268,0.86047584,0.00030145727
113725,2022-11-02 19:00:00,245,1,1,False,0.004187441,0.9955734,0.00023917572
283550,2022-12-15 03:00:00,217,0,0,False,0.9981262,0.0016596747,0.00021415444
7516,2022-11-16 11:00:00,108,2,2,False,0.16280983,0.0007130816,0.8364771
73884,2022-11-11 04:00:00,192,2,2,False,0.079698466,0.0005925187,0.919709
177867,2022-11-24 00:00:00,85,0,0,False,0.9044099,0.09542108,0.00016900241
112544,2022-11-13 06:00:00,243,2,2,False,0.04221588,0.00030573687,0.9574784
48004,2022-11-05 06:00:00,16,1,1,False,0.0011311455,0.99879575,7.310342e-05
113930,2022-11-11 10:00:00,245,1,1,False,0.0010545371,0.9988801,6.533452e-05
124230,2022-11-23 12:00:00,259,0,0,False,0.9920352,0.0076849945,0.0002798141
145273,2022-11-06 11:00:00,42,2,0,True,0.9034644,0.0007927484,0.095742874
37940,2022-11-03 00:00:00,147,1,1,False,0.0030973342,0.9967129,0.00018970213
104843,2022-11-20 02:00:00,232,2,2,False,0.3425923,0.001024299,0.6563834
285269,2022-12-27 14:00:00,219,0,0,False,0.50147146,0.0008227692,0.49770576
29008,2022-11-18 05:00:00,135,2,2,False,0.031356644,0.00029098327,0.9683524
354672,2022-12-04 10:00:00,67,0,0,False,0.99694,0.0017494037,0.0013106258
224349,2022-12-11 20:00:00,143,1,1,False,0.0010446255,0.99888855,6.682904e-05
43656,2022-11-02 20:00:00,154,1,1,False,0.08420172,0.9155732,0.0002250696
286336,2022-12-11 01:00:00,221,2,0,True,0.56489766,0.0005936223,0.4345087
183235,2022-11-09 08:00:00,92,1,1,False,0.003803761,0.9959608,0.0002355251
286015,2022-12-28 15:00:00,220,0,0,False,0.9717182,0.025694408,0.0025874441
241440,2022-12-02 23:00:00,165,0,0,False,0.61040294,0.3889036,0.00069350464
373239,2022-12-27 22:00:00,91,0,0,False,0.971867,0.027681695,0.00045130347
112562,2022-11-14 00:00:00,243,2,2,False,0.05851742,0.00035742018,0.94112515
80361,2022-11-12 22:00:00,20,1,1,False,0.0010639754,0.9988716,6.4428794e-05
349525,2022-12-31 05:00:00,6,1,1,False,0.17790812,0.82187456,0.00021735852
70256,2022-11-08 23:00:00,188,2,2,False,0.309847,0.0008258065,0.68932724
236838,2022-12-22 10:00:00,159,0,0,False,0.99547786,0.003092779,0.001429445
360881,2022-12-23 17:00:00,76,0,0,False,0.9948297,0.0046206247,0.0005496924
311088,2022-12-21 21:00:00,254,0,0,False,0.98511225,0.011420071,0.0034677156
292346,2022-12-22 01:00:00,229,0,0,False,0.9977041,0.0021002674,0.00019570382
26672,2022-11-10 06:00:00,132,2,0,True,0.9084907,0.00060432125,0.090904966
130879,2022-11-02 10:00:00,268,2,0,True,0.90429556,0.001620164,0.094084285
90770,2022-11-29 13:00:00,212,1,0,True,0.6180437,0.38149896,0.00045729653
50239,2022-11-09 02:00:00,162,1,1,False,0.1723418,0.82731193,0.00034627505
144018,2022-11-13 20:00:00,40,2,0,True,0.5599991,0.0009859551,0.4390149
47998,2022-11-05 00:00:00,16,1,1,False,0.0011672657,0.9987606,7.220387e-05
197941,2022-12-23 23:00:00,11,1,0,True,0.6018203,0.3979272,0.0002525306
173777,2022-11-02 08:00:00,80,1,1,False,0.13047561,0.86925715,0.0002671904
114053,2022-11-16 13:00:00,245,1,1,False,0.001050919,0.9988734,7.563124e-05
296603,2022-12-19 02:00:00,235,2,2,False,0.08658181,0.00044034596,0.9129778
349907,2022-12-16 04:00:00,60,0,0,False,0.9895391,0.010055065,0.0004058282
47878,2022-11-29 21:00:00,159,1,1,False,0.18151076,0.8182851,0.000204113
45672,2022-11-27 08:00:00,156,1,1,False,0.0010780408,0.99885166,7.02682e-05
69381,2022-11-02 02:00:00,187,2,2,False,0.069102444,0.0003607453,0.9305368
183254,2022-11-10 03:00:00,92,0,0,False,0.8358891,0.16393256,0.0001782786
162371,2022-11-03 21:00:00,64,1,1,False,0.2275507,0.77208066,0.00036860522
110803,2022-11-30 02:00:00,240,2,2,False,0.08713855,0.00043273554,0.91242874
312088,2022-12-02 13:00:00,257,0,0,False,0.9851053,0.014514161,0.00038059682
96836,2022-11-14 04:00:00,221,2,2,False,0.067520455,0.0003615589,0.932118
248723,2022-12-06 00:00:00,174,0,0,False,0.99779874,0.0020148158,0.00018636658
357920,2022-12-20 10:00:00,72,2,0,True,0.6324023,0.0010805341,0.36651716
200674,2022-12-16 18:00:00,113,0,0,False,0.97465014,0.02411476,0.0012351671
336323,2022-12-21 21:00:00,43,2,2,False,0.2229277,0.00076656434,0.7763057
168875,2022-11-06 18:00:00,74,2,2,False,0.43258134,0.0008908713,0.5665278
24546,2022-11-11 01:00:00,13,1,0,True,0.8764471,0.123268485,0.00028446212
157427,2022-11-06 10:00:00,58,1,1,False,0.12109588,0.8785813,0.00032287324
238810,2022-12-13 13:00:00,161,0,0,False,0.9974009,0.0012839445,0.001315183
106538,2022-11-01 03:00:00,235,2,2,False,0.124328665,0.0005594056,0.87511194
15318,2022-11-13 20:00:00,118,1,0,True,0.85361737,0.14611618,0.00026642552
354396,2022-12-23 21:00:00,66,0,0,False,0.8941018,0.10566588,0.00023231476
498,2022-11-21 23:00:00,1,1,1,False,0.19726115,0.80255055,0.0001883313
237662,2022-12-26 17:00:00,16,1,1,False,0.0011162388,0.99880826,7.556084e-05
105706,2022-11-26 06:00:00,233,2,2,False,0.05355696,0.0003730363,0.94607
275930,2022-12-29 00:00:00,207,1,1,False,0.09825189,0.901596,0.00015212146
149059,2022-11-15 08:00:00,47,1,1,False,0.41272765,0.58694786,0.00032450585
192906,2022-12-24 11:00:00,103,0,0,False,0.9958489,0.0012688186,0.002882259
297392,2022-12-22 00:00:00,236,2,2,False,0.121702254,0.0004632169,0.87783456
341298,2022-12-18 08:00:00,5,1,1,False,0.060101334,0.9397007,0.00019790824
182367,2022-11-02 21:00:00,91,1,1,False,0.22926714,0.7700747,0.0006581444
162415,2022-11-05 17:00:00,64,2,2,False,0.40859428,0.0010098858,0.59039587
94235,2022-11-24 23:00:00,217,0,0,False,0.99420375,0.005584902,0.00021137224
135073,2022-11-28 10:00:00,29,1,1,False,0.0010649306,0.99886394,7.109371e-05
42915,2022-11-01 15:00:00,153,0,0,False,0.97900563,0.020709466,0.00028491352
216626,2022-12-21 10:00:00,133,1,1,False,0.303434,0.69607294,0.0004930779
186979,2022-11-16 09:00:00,97,2,0,True,0.855605,0.0010923485,0.14330263
116156,2022-11-14 19:00:00,248,0,0,False,0.99715924,0.0015288446,0.0013119434
103286,2022-11-14 19:00:00,230,2,0,True,0.69748443,0.0010729278,0.30144265
197791,2022-12-16 19:00:00,11,0,0,False,0.9233692,0.076302,0.00032880943
324002,2022-12-19 03:00:00,28,1,1,False,0.003759943,0.9960383,0.00020171553
370759,2022-12-13 19:00:00,89,1,1,False,0.0010578443,0.9988727,6.948175e-05
318280,2022-12-21 03:00:00,264,0,0,False,0.99693656,0.0028650952,0.00019835224
42503,2022-11-14 11:00:00,152,0,0,False,0.9968598,0.0022168024,0.0009233792
8526,2022-11-28 18:00:00,109,1,1,False,0.27082646,0.7288389,0.0003346171
368262,2022-12-30 20:00:00,85,2,2,False,0.21921033,0.0005847824,0.7802049
69831,2022-11-21 01:00:00,187,2,2,False,0.42234483,0.0008514373,0.57680374
52442,2022-11-11 12:00:00,165,2,2,False,0.24614488,0.0027206363,0.7511345
103985,2022-11-14 03:00:00,231,2,2,False,0.08590881,0.00042325,0.9136679
139305,2022-11-26 00:00:00,34,0,0,False,0.99741745,0.0023819553,0.00020062906
37354,2022-11-08 09:00:00,146,2,2,False,0.46789253,0.0021981103,0.5299094
227285,2022-12-14 00:00:00,147,0,0,False,0.83077353,0.16893099,0.0002954647
330766,2022-12-30 16:00:00,36,0,0,False,0.99419594,0.0039123055,0.0018917411
145867,2022-11-01 07:00:00,43,1,1,False,0.12737793,0.8724151,0.00020698139
131266,2022-11-18 18:00:00,268,1,0,True,0.5801343,0.4196238,0.0002418973
258211,2022-12-10 19:00:00,186,2,0,True,0.59891367,0.0007474165,0.4003389
155408,2022-11-11 18:00:00,55,0,0,False,0.9730175,0.0014242235,0.025558237
234670,2022-12-22 05:00:00,156,1,0,True,0.895902,0.10390326,0.0001947976
116207,2022-11-16 22:00:00,248,2,2,False,0.063486665,0.00034949122,0.9361639
65701,2022-11-27 17:00:00,181,2,0,True,0.6354309,0.0010354276,0.36353365
139276,2022-11-24 19:00:00,34,0,0,False,0.8504875,0.14917518,0.00033730746
303363,2022-12-30 11:00:00,244,2,0,True,0.91483533,0.0010685654,0.08409612
65069,2022-11-01 04:00:00,181,2,2,False,0.10356126,0.0005229288,0.89591587
193739,2022-12-29 03:00:00,104,1,1,False,0.074222654,0.9256411,0.00013624909
60189,2022-11-06 12:00:00,175,1,0,True,0.67587316,0.32250684,0.0016199797
328505,2022-12-26 14:00:00,33,0,0,False,0.99482334,0.0047870227,0.0003895975
168345,2022-11-14 13:00:00,73,2,2,False,0.25947306,0.0010982897,0.73942864
143263,2022-11-12 04:00:00,4,0,0,False,0.99770075,0.0014833062,0.00081591064
100900,2022-11-04 16:00:00,227,2,0,True,0.5250181,0.0010289977,0.4739529
120700,2022-11-25 09:00:00,253,0,0,False,0.9814657,0.014628147,0.0039061215
173185,2022-11-07 14:00:00,8,2,0,True,0.98969716,0.008498476,0.0018043191
301207,2022-12-30 18:00:00,241,0,0,False,0.99082595,0.007347792,0.0018262902
101827,2022-11-13 14:00:00,228,2,0,True,0.9240612,0.00072693295,0.07521184
117874,2022-11-26 19:00:00,25,0,0,False,0.99371696,0.003779206,0.002503846
83427,2022-11-21 12:00:00,203,1,1,False,0.001007065,0.99892455,6.830626e-05
174695,2022-11-11 00:00:00,81,2,2,False,0.123674795,0.0005795282,0.8757457
285866,2022-12-22 10:00:00,220,0,0,False,0.9935215,0.005350908,0.0011276522
135778,2022-11-28 00:00:00,3,1,1,False,0.062104892,0.9377434,0.00015166131
48179,2022-11-12 15:00:00,16,1,1,False,0.0011926296,0.9987318,7.552848e-05
297174,2022-12-12 00:00:00,236,2,2,False,0.14812213,0.0005049485,0.8513729
372966,2022-12-15 15:00:00,91,0,0,False,0.93889207,0.0012199086,0.059888076
150385,2022-11-11 00:00:00,49,2,0,True,0.8665397,0.0012338742,0.13222642
323938,2022-12-15 15:00:00,28,1,1,False,0.0010615247,0.9988707,6.779199e-05
145214,2022-11-04 00:00:00,42,2,2,False,0.08907355,0.00048602824,0.91044044
368279,2022-12-31 13:00:00,85,2,2,False,0.4289852,0.0007099944,0.5703048
285338,2022-12-30 11:00:00,219,2,2,False,0.21812502,0.00063009694,0.78124493
9983,2022-11-29 21:00:00,110,1,1,False,0.18849646,0.811219,0.00028456727
217159,2022-12-12 16:00:00,134,0,0,False,0.9897529,0.009500178,0.00074697676
160986,2022-11-05 18:00:00,62,2,0,True,0.9308333,0.0010748984,0.06809186
221210,2022-12-01 05:00:00,14,0,0,False,0.99707556,0.000681252,0.0022431535
328023,2022-12-05 14:00:00,33,2,2,False,0.08273048,0.00035599992,0.9169135
193543,2022-12-20 23:00:00,104,1,0,True,0.6935423,0.30613634,0.00032133987
107560,2022-11-14 03:00:00,236,2,2,False,0.031124843,0.00028036252,0.9685948
145835,2022-11-29 23:00:00,42,2,0,True,0.54724514,0.0015667535,0.45118815
149355,2022-11-27 16:00:00,47,1,0,True,0.82815766,0.17135505,0.00048723264
7659,2022-11-22 10:00:00,108,2,0,True,0.75747156,0.0008899438,0.24163856
309423,2022-12-11 16:00:00,252,1,1,False,0.13469574,0.8651229,0.0001813746
270085,2022-12-25 19:00:00,20,1,1,False,0.0010565086,0.9988758,6.772061e-05
324406,2022-12-05 02:00:00,29,1,1,False,0.0010505705,0.99888366,6.578761e-05
149419,2022-11-30 08:00:00,47,1,0,True,0.840096,0.15746751,0.0024365254
238768,2022-12-11 19:00:00,161,0,0,False,0.9950211,0.0047595226,0.00021940509
209314,2022-12-16 06:00:00,124,1,1,False,0.031283032,0.9686009,0.00011605576
235666,2022-12-02 17:00:00,158,1,0,True,0.6136888,0.3859574,0.00035375822
366464,2022-12-15 02:00:00,83,2,2,False,0.46358916,0.00076835125,0.53564245
292925,2022-12-15 05:00:00,230,2,2,False,0.023603875,0.00022954214,0.97616655
265586,2022-12-18 01:00:00,195,2,2,False,0.07920411,0.0004876996,0.9203082
71623,2022-11-06 06:00:00,19,1,1,False,0.1272393,0.87256867,0.00019207761
73215,2022-11-13 02:00:00,191,1,1,False,0.0010261526,0.99890876,6.5115746e-05
300736,2022-12-10 05:00:00,241,0,0,False,0.99834716,0.0006675865,0.0009852627
371980,2022-12-04 14:00:00,90,0,0,False,0.9950807,0.004061788,0.0008575538
246107,2022-12-17 13:00:00,170,0,0,False,0.85610884,0.14364511,0.00024608866
338621,2022-12-27 12:00:00,46,1,1,False,0.09278178,0.9069985,0.00021972369
226278,2022-12-02 02:00:00,146,1,1,False,0.140514,0.8592623,0.00022370038
97157,2022-11-27 13:00:00,221,2,0,True,0.87532693,0.0007726917,0.12390039
223727,2022-12-15 23:00:00,142,1,1,False,0.001045064,0.9988913,6.362928e-05
184668,2022-11-09 11:00:00,94,0,0,False,0.9967924,0.0013582412,0.0018493661
318734,2022-12-09 02:00:00,265,0,0,False,0.9912407,0.008632621,0.00012673264
108843,2022-11-07 22:00:00,238,2,2,False,0.11204714,0.000567804,0.8873851
70950,2022-11-08 00:00:00,189,1,0,True,0.5165316,0.4832339,0.00023449112
258751,2022-12-03 06:00:00,187,0,0,False,0.88004416,0.00071606325,0.119239815
235025,2022-12-06 01:00:00,157,1,0,True,0.96060336,0.039223835,0.00017280901
104555,2022-11-08 00:00:00,232,2,2,False,0.09832567,0.00046461404,0.9012097
45907,2022-11-07 06:00:00,157,0,0,False,0.9950452,0.0042753895,0.00067945896
352861,2022-12-19 22:00:00,64,1,1,False,0.057903837,0.9415227,0.0005734248
105689,2022-11-25 13:00:00,233,2,2,False,0.06620463,0.0003426703,0.9334527
197615,2022-12-09 11:00:00,11,0,0,False,0.9967714,0.0025355096,0.00069303025
296193,2022-12-01 04:00:00,235,2,2,False,0.044730876,0.00039575642,0.9548733
172485,2022-11-08 05:00:00,79,2,2,False,0.097351976,0.0004575485,0.9021905
359506,2022-12-26 12:00:00,74,0,0,False,0.9971277,0.0007409928,0.002131343
336410,2022-12-25 12:00:00,43,1,0,True,0.9336516,0.06613214,0.00021621004
177469,2022-11-07 08:00:00,85,0,0,False,0.9775924,0.021236174,0.0011713953
130907,2022-11-03 17:00:00,268,0,0,False,0.97701937,0.0012346059,0.021746093
140771,2022-11-27 12:00:00,36,2,2,False,0.13378164,0.0006396062,0.8655787
11251,2022-11-23 03:00:00,112,1,1,False,0.04993413,0.94986624,0.00019965808
297328,2022-12-19 06:00:00,236,0,0,False,0.7219794,0.0010999944,0.2769206
331689,2022-12-08 03:00:00,38,1,1,False,0.0009592824,0.9989687,7.199666e-05
145282,2022-11-06 20:00:00,42,2,2,False,0.07217487,0.00042364903,0.9274015
162813,2022-11-22 09:00:00,64,2,2,False,0.42585644,0.0008342114,0.57330936
171163,2022-11-12 19:00:00,77,2,2,False,0.29624915,0.00063773146,0.70311314
45323,2022-11-12 19:00:00,156,1,1,False,0.23887451,0.76091385,0.0002116558
188842,2022-12-04 10:00:00,1,1,1,False,0.003546334,0.9962991,0.00015460838
175403,2022-11-10 17:00:00,82,2,2,False,0.18412845,0.00067226903,0.81519926
173974,2022-11-10 18:00:00,80,2,0,True,0.9486156,0.0015806897,0.049803685
307721,2022-12-31 19:00:00,25,1,0,True,0.61767024,0.38205335,0.00027642905
105688,2022-11-25 12:00:00,233,2,2,False,0.057679668,0.00034635456,0.941974
349315,2022-12-22 11:00:00,6,0,0,False,0.922289,0.07746121,0.00024969337
201255,2022-12-10 22:00:00,114,1,0,True,0.62842405,0.37131265,0.00026330148
101503,2022-11-29 21:00:00,227,2,2,False,0.150743,0.0005260199,0.8487309
318978,2022-12-20 02:00:00,265,0,0,False,0.9122759,0.08753354,0.00019056229
58189,2022-11-12 15:00:00,172,2,0,True,0.65069944,0.00090012787,0.34840044
36729,2022-11-12 05:00:00,145,1,1,False,0.06739045,0.93242437,0.00018518587
80179,2022-11-05 06:00:00,20,1,1,False,0.0010339053,0.9988986,6.740315e-05
193071,2022-12-31 08:00:00,103,0,0,False,0.9797167,0.020039033,0.00024418993
16947,2022-11-22 03:00:00,12,1,1,False,0.032822393,0.9671039,7.3703784e-05
306651,2022-12-16 08:00:00,249,0,0,False,0.9528918,0.04677779,0.00033037458
226148,2022-12-27 15:00:00,145,0,0,False,0.9909053,0.008126488,0.0009681979
112324,2022-11-04 00:00:00,243,2,2,False,0.16005827,0.0006031552,0.83933854
8654,2022-11-04 05:00:00,11,1,1,False,0.026365051,0.9735324,0.00010255354
364274,2022-12-13 23:00:00,80,2,2,False,0.17943783,0.00052676763,0.8200354
208902,2022-12-30 01:00:00,123,0,0,False,0.9769951,0.022741951,0.00026297785
278202,2022-12-02 14:00:00,210,0,0,False,0.9916808,0.0030568573,0.0052623083
171190,2022-11-13 22:00:00,77,2,0,True,0.80028504,0.0010336161,0.19868135
363070,2022-12-24 19:00:00,79,2,2,False,0.37387338,0.00067240285,0.62545425
239451,2022-12-10 05:00:00,162,0,0,False,0.9963135,0.0034510272,0.00023543423
63932,2022-11-13 14:00:00,18,1,1,False,0.1480994,0.85131407,0.00058648636
17998,2022-11-06 06:00:00,121,2,2,False,0.18987368,0.00047822614,0.80964816
123345,2022-11-16 10:00:00,258,2,0,True,0.5487329,0.00096684747,0.4503003
222956,2022-12-13 21:00:00,141,0,0,False,0.87208444,0.1276419,0.00027364717
28132,2022-11-11 12:00:00,134,2,2,False,0.33982718,0.00086927693,0.65930355
269715,2022-12-09 11:00:00,20,1,1,False,0.0010536148,0.9988795,6.6840796e-05
134339,2022-11-27 15:00:00,28,1,1,False,0.0010728124,0.9988575,6.974917e-05
144600,2022-11-08 05:00:00,41,2,2,False,0.03804053,0.00037855792,0.96158093
319721,2022-12-21 02:00:00,266,0,0,False,0.9917853,0.008031335,0.00018339508
66448,2022-11-29 01:00:00,182,2,2,False,0.097443834,0.00044123607,0.9021149
340791,2022-12-27 19:00:00,49,2,0,True,0.59323037,0.0012766321,0.40549296
186098,2022-11-09 11:00:00,96,1,0,True,0.7870442,0.21261139,0.0003443738
105270,2022-11-08 00:00:00,233,2,2,False,0.047236137,0.00029986803,0.95246404
261331,2022-12-21 13:00:00,19,1,0,True,0.954441,0.045131404,0.00042760308
105674,2022-11-24 22:00:00,233,2,2,False,0.042884473,0.00028783214,0.9568277
29623,2022-11-14 01:00:00,136,2,2,False,0.13711035,0.0005411907,0.86234844
285423,2022-12-03 01:00:00,220,0,0,False,0.98962885,0.0016379089,0.008733203
24279,2022-11-29 17:00:00,129,0,0,False,0.9937536,0.002699135,0.0035472442
17274,2022-11-05 21:00:00,120,0,0,False,0.8979589,0.10174157,0.00029955775
282847,2022-12-15 21:00:00,216,0,0,False,0.99492574,0.004053762,0.0010204914
255072,2022-12-31 03:00:00,181,2,2,False,0.03107759,0.00025546734,0.9686669
200766,2022-12-21 12:00:00,113,0,0,False,0.9928676,0.003114947,0.0040175407
69353,2022-11-30 22:00:00,186,2,2,False,0.24668795,0.00067293085,0.7526391
362382,2022-12-26 04:00:00,78,0,0,False,0.99862206,0.0005557768,0.0008221874
226390,2022-12-06 18:00:00,146,0,0,False,0.9960633,0.0036746038,0.00026214228
22705,2022-11-23 17:00:00,127,1,0,True,0.88887733,0.11073215,0.0003905573
290828,2022-12-18 08:00:00,227,2,2,False,0.08346901,0.00050866033,0.9160223
193900,2022-12-04 21:00:00,105,0,0,False,0.9850492,0.014582136,0.00036871043
37973,2022-11-04 09:00:00,147,1,1,False,0.0010589103,0.9988747,6.639766e-05
18522,2022-11-28 04:00:00,121,2,2,False,0.074435174,0.00038573434,0.92517906
290585,2022-12-07 20:00:00,227,2,2,False,0.43382236,0.0009593231,0.56521827
308405,2022-12-30 06:00:00,250,0,0,False,0.9631565,0.03672107,0.00012236282
291846,2022-12-31 06:00:00,228,0,0,False,0.9983046,0.001084357,0.000610997
165335,2022-11-08 05:00:00,69,1,1,False,0.056259017,0.94356173,0.0001792944
373770,2022-12-19 22:00:00,92,1,0,True,0.6413974,0.35826468,0.00033786325
352520,2022-12-04 21:00:00,64,0,0,False,0.9956072,0.0038564194,0.0005363279
164317,2022-11-25 11:00:00,66,0,0,False,0.9953185,0.0032821947,0.0013993103
372979,2022-12-16 04:00:00,91,1,1,False,0.078009084,0.9217975,0.00019339593
80262,2022-11-08 19:00:00,20,1,1,False,0.0031474726,0.9966569,0.00019563941
3758,2022-11-08 20:00:00,103,0,2,True,0.4793221,0.001113348,0.51956457
120526,2022-11-18 03:00:00,253,2,2,False,0.056931328,0.0004685671,0.9426001
83115,2022-11-08 10:00:00,203,1,1,False,0.4005171,0.5992554,0.0002275609
119960,2022-11-24 08:00:00,252,2,2,False,0.4725171,0.0013247075,0.5261582
51720,2022-11-11 05:00:00,164,1,1,False,0.027947437,0.9719196,0.00013299016
224289,2022-12-09 08:00:00,143,1,1,False,0.0010710323,0.9988619,6.7108514e-05
138854,2022-11-07 03:00:00,34,1,1,False,0.049081128,0.9508052,0.00011366642
281813,2022-12-02 20:00:00,215,1,1,False,0.25704142,0.74265575,0.00030284244
23243,2022-11-16 08:00:00,128,0,0,False,0.93654144,0.0626366,0.00082194014
96738,2022-11-10 02:00:00,221,2,2,False,0.038531885,0.00023887612,0.9612292
98390,2022-11-19 08:00:00,223,0,0,False,0.9973162,0.0014106254,0.001273153
12246,2022-11-04 22:00:00,114,0,0,False,0.93790436,0.06157764,0.00051803153
91594,2022-11-04 05:00:00,214,0,0,False,0.9950518,0.00045166668,0.0044965916
158704,2022-11-29 22:00:00,59,2,2,False,0.13616653,0.0006253803,0.8632081
178007,2022-11-29 20:00:00,85,0,0,False,0.9743755,0.00055872864,0.025065776
104341,2022-11-28 23:00:00,231,2,2,False,0.33082926,0.00073773775,0.668433
189445,2022-12-30 11:00:00,1,1,1,False,0.0033084683,0.9965635,0.00012804134
106121,2022-11-13 18:00:00,234,2,0,True,0.5512027,0.0008774536,0.44791985
28729,2022-11-06 12:00:00,135,2,0,True,0.66250384,0.0008529101,0.3366432
378276,2022-12-27 12:00:00,98,0,0,False,0.9635537,0.0362399,0.00020634649
225550,2022-12-01 19:00:00,145,1,1,False,0.1750589,0.8245564,0.0003846793
110802,2022-11-30 01:00:00,240,2,2,False,0.10017307,0.00049529516,0.8993317
294633,2022-12-27 05:00:00,232,2,2,False,0.13390961,0.00046982832,0.8656206
366149,2022-12-01 23:00:00,83,2,2,False,0.42882046,0.00080334005,0.57037616
137908,2022-11-27 09:00:00,32,1,1,False,0.1336891,0.86611056,0.00020037862
321295,2022-12-26 14:00:00,268,0,0,False,0.9970182,0.002011219,0.0009705671
8399,2022-11-23 11:00:00,109,2,0,True,0.8312102,0.001572167,0.16721767
324509,2022-12-09 09:00:00,29,1,1,False,0.0010565445,0.9988772,6.616066e-05
64694,2022-11-15 13:00:00,180,0,0,False,0.95954597,0.0009194324,0.039534606
73306,2022-11-16 21:00:00,191,1,1,False,0.0010050818,0.9989274,6.745107e-05
76240,2022-11-19 23:00:00,195,2,2,False,0.38004422,0.00074908853,0.61920667
95536,2022-11-19 14:00:00,219,0,0,False,0.84237796,0.15704289,0.0005791136
96119,2022-11-14 02:00:00,220,2,2,False,0.03382635,0.00026686586,0.9659068
175096,2022-11-27 17:00:00,81,2,2,False,0.19411813,0.00065873686,0.8052231
285255,2022-12-27 00:00:00,219,0,0,False,0.9837818,0.0006623143,0.015555944
80356,2022-11-12 17:00:00,20,1,1,False,0.0010623119,0.9988663,7.134655e-05
197037,2022-12-15 10:00:00,109,0,0,False,0.9335674,0.0011058399,0.06532677
35498,2022-11-20 12:00:00,143,1,1,False,0.0010290451,0.9989035,6.746367e-05
256238,2022-12-19 13:00:00,183,0,0,False,0.9542446,0.04503036,0.00072501175
60167,2022-11-05 14:00:00,175,1,0,True,0.9087661,0.090180755,0.0010532098
95619,2022-11-23 01:00:00,219,0,0,False,0.99826294,0.00086569396,0.00087142177
371092,2022-12-28 14:00:00,89,1,1,False,0.0010936122,0.9988387,6.765806e-05
337516,2022-12-10 14:00:00,45,2,0,True,0.7286563,0.0010690739,0.2702747
197944,2022-12-24 02:00:00,11,1,1,False,0.108240254,0.8916058,0.00015394417
346629,2022-12-30 17:00:00,56,2,0,True,0.8728037,0.0011209394,0.1260754
34435,2022-11-05 22:00:00,142,1,1,False,0.0010906945,0.99884135,6.798707e-05
25633,2022-11-26 13:00:00,130,1,1,False,0.25774258,0.7420504,0.00020700053
153371,2022-11-16 06:00:00,52,1,0,True,0.7359318,0.263752,0.00031616053
347240,2022-12-26 03:00:00,57,0,0,False,0.9979253,0.001386995,0.0006877001
134010,2022-11-13 22:00:00,28,1,1,False,0.08706639,0.9128144,0.00011918952
224191,2022-12-05 06:00:00,143,1,1,False,0.0010614024,0.99887127,6.732197e-05
51807,2022-11-14 20:00:00,164,0,0,False,0.9819193,0.017587634,0.000493065
210549,2022-12-07 15:00:00,126,2,0,True,0.5385294,0.0008140384,0.46065655
51675,2022-11-09 08:00:00,164,1,1,False,0.23305005,0.7665588,0.00039109282
75588,2022-11-22 14:00:00,194,0,0,False,0.97988665,0.01960455,0.000508786
158936,2022-11-09 19:00:00,6,0,0,False,0.9661813,0.032259736,0.0015589797
76245,2022-11-20 04:00:00,195,2,2,False,0.37527195,0.000678724,0.6240493
335164,2022-12-02 17:00:00,42,2,0,True,0.77826226,0.0011531025,0.22058465
180222,2022-11-02 21:00:00,89,1,1,False,0.0033117572,0.99650735,0.00018082952
188841,2022-12-04 09:00:00,1,1,1,False,0.0035297275,0.99631727,0.00015298068
182642,2022-11-14 10:00:00,91,2,2,False,0.39729643,0.0011330732,0.6015705
377852,2022-12-08 22:00:00,98,0,0,False,0.9386289,0.061169244,0.00020189735
95747,2022-11-28 09:00:00,219,2,0,True,0.99285156,0.001463088,0.0056852833
260632,2022-12-22 11:00:00,189,1,0,True,0.52163255,0.47800106,0.00036638902
344443,2022-12-29 18:00:00,53,0,0,False,0.99125564,0.007957127,0.00078722317
333018,2022-12-03 10:00:00,4,0,0,False,0.9774236,0.020744193,0.0018322148
207625,2022-12-05 23:00:00,122,0,0,False,0.9980806,0.0010144629,0.0009048822
50714,2022-11-28 21:00:00,162,0,0,False,0.9821031,0.017358234,0.00053869974
70904,2022-11-06 02:00:00,189,2,2,False,0.16970235,0.00077277416,0.8295248
330188,2022-12-05 16:00:00,36,0,0,False,0.9956791,0.0018441207,0.0024767988
366641,2022-12-23 09:00:00,83,0,0,False,0.9711974,0.028236015,0.0005665249
82164,2022-11-28 11:00:00,201,1,0,True,0.66236377,0.33736962,0.0002665886
46672,2022-11-09 10:00:00,158,1,1,False,0.109604895,0.89019185,0.00020322042
52513,2022-11-14 11:00:00,165,2,2,False,0.11785314,0.0014682135,0.88067865
92284,2022-11-03 04:00:00,215,2,2,False,0.09796332,0.0007127258,0.901324
223439,2022-12-03 23:00:00,142,1,1,False,0.0011031838,0.9988287,6.81459e-05
133208,2022-11-10 07:00:00,270,0,1,True,0.18230438,0.8174006,0.00029503045
302361,2022-12-18 05:00:00,243,2,2,False,0.06886551,0.00046322573,0.9306712
90036,2022-11-28 18:00:00,211,0,0,False,0.9914824,0.0081596635,0.0003580155
209918,2022-12-11 09:00:00,125,2,2,False,0.15269789,0.0004298051,0.84687227
125774,2022-11-28 06:00:00,260,0,0,False,0.99788,0.0011419923,0.0009780795
364325,2022-12-16 02:00:00,80,2,2,False,0.073644206,0.00047044235,0.9258853
90407,2022-11-14 10:00:00,212,1,1,False,0.17056556,0.8290736,0.000360863
64417,2022-11-03 22:00:00,180,0,0,False,0.97507393,0.0007792207,0.02414679
88635,2022-11-29 23:00:00,21,1,1,False,0.123774774,0.87595505,0.000270187
297148,2022-12-10 22:00:00,236,0,2,True,0.20529251,0.0004959213,0.79421157
181018,2022-11-06 06:00:00,9,1,1,False,0.15114588,0.8486508,0.00020332578
299014,2022-12-29 12:00:00,238,0,0,False,0.9969157,0.0028316174,0.0002527172
256611,2022-12-04 05:00:00,184,2,2,False,0.12633689,0.0005328902,0.8731302
172744,2022-11-19 02:00:00,79,0,0,False,0.9963766,0.0026576184,0.00096579443
16711,2022-11-12 07:00:00,12,1,1,False,0.041751288,0.9581213,0.00012735726
73236,2022-11-13 23:00:00,191,1,1,False,0.0010559618,0.9988778,6.6175715e-05
354486,2022-12-27 15:00:00,66,0,0,False,0.9874128,0.011045782,0.001541455
196145,2022-12-08 07:00:00,108,1,1,False,0.13945113,0.8602837,0.00026516902
340831,2022-12-29 11:00:00,49,0,0,False,0.9917726,0.003181134,0.0050463025
188289,2022-11-11 09:00:00,99,2,0,True,0.9212489,0.0035416647,0.075209364
301441,2022-12-09 13:00:00,242,0,0,False,0.9860037,0.01378193,0.00021433951
184258,2022-11-22 04:00:00,93,1,0,True,0.9008935,0.098896176,0.0002103141
51054,2022-11-13 06:00:00,163,1,1,False,0.096351646,0.9034962,0.00015214115
103223,2022-11-12 04:00:00,230,2,2,False,0.45530766,0.001136921,0.5435554
374680,2022-12-27 21:00:00,93,0,0,False,0.99634945,0.0034054029,0.0002450955
230814,2022-12-10 20:00:00,151,0,0,False,0.9944174,0.0024964828,0.003086116
377213,2022-12-12 08:00:00,97,0,0,False,0.9890715,0.004095716,0.006832798
157898,2022-11-26 03:00:00,58,1,0,True,0.9159456,0.08322842,0.00082595076
27093,2022-11-27 19:00:00,132,0,0,False,0.9929202,0.00096229085,0.0061174426
215908,2022-12-21 13:00:00,132,2,0,True,0.8419306,0.0006122856,0.15745704
106846,2022-11-14 04:00:00,235,2,2,False,0.02794181,0.0002492851,0.9718089
316720,2022-12-15 07:00:00,262,0,0,False,0.9964825,0.002636963,0.00088047725
69681,2022-11-14 19:00:00,187,2,2,False,0.18466,0.00063626666,0.81470376
107249,2022-11-30 23:00:00,235,2,2,False,0.46239868,0.0011667372,0.53643453
80021,2022-11-28 13:00:00,2,1,1,False,0.055570174,0.9443081,0.0001217758
22145,2022-11-30 04:00:00,126,0,0,False,0.99767333,0.0018750759,0.00045158976
116254,2022-11-18 21:00:00,248,0,0,False,0.99280035,0.0069873612,0.000212325
344903,2022-12-18 08:00:00,54,1,1,False,0.090404384,0.90923476,0.00036083534
251491,2022-12-01 04:00:00,178,2,2,False,0.076852076,0.00039142882,0.92275655
107337,2022-11-04 18:00:00,236,1,0,True,0.87222373,0.1273954,0.0003809115
171196,2022-11-14 04:00:00,77,2,2,False,0.037892405,0.00034875306,0.96175885
237884,2022-12-05 00:00:00,160,0,0,False,0.9911464,0.0085630175,0.00029061758
183040,2022-11-01 00:00:00,92,0,0,False,0.62482506,0.3747749,0.00040002738
338365,2022-12-15 22:00:00,46,2,0,True,0.62104946,0.0011704694,0.37778005
113732,2022-11-03 02:00:00,245,1,1,False,0.0039185826,0.9958585,0.00022298587
192029,2022-12-17 10:00:00,102,1,1,False,0.30793816,0.6918041,0.0002577239
113430,2022-11-20 09:00:00,244,2,0,True,0.5165269,0.00088775466,0.48258537
24582,2022-11-12 13:00:00,13,1,1,False,0.3670586,0.6326684,0.00027304512
301623,2022-12-17 12:00:00,242,0,0,False,0.98978955,0.0008768213,0.009333669
80301,2022-11-10 10:00:00,20,1,1,False,0.0010525048,0.9988745,7.3041236e-05
158712,2022-11-30 06:00:00,59,0,0,False,0.98717135,0.00073408737,0.012094603
131067,2022-11-10 11:00:00,268,2,2,False,0.19054897,0.0007609078,0.80869013
154389,2022-11-28 21:00:00,53,0,0,False,0.7703222,0.002418816,0.2272589
148321,2022-11-14 09:00:00,46,1,1,False,0.17006454,0.8294244,0.00051114603
295182,2022-12-19 23:00:00,233,0,0,False,0.9934244,0.0062924162,0.00028320734
315961,2022-12-13 17:00:00,261,0,0,False,0.9945604,0.004874559,0.0005649758
60273,2022-11-10 02:00:00,175,2,2,False,0.094053306,0.00046310708,0.90548354
303674,2022-12-12 11:00:00,245,1,1,False,0.0010653471,0.99885976,7.486494e-05
179888,2022-11-18 20:00:00,88,2,0,True,0.507718,0.0009028387,0.49137914
38563,2022-11-29 01:00:00,147,0,0,False,0.9968491,0.0028196997,0.0003311827
249054,2022-12-20 17:00:00,174,1,1,False,0.003208856,0.9965989,0.00019231354
42856,2022-11-29 04:00:00,152,0,0,False,0.9784466,0.021459373,9.407025e-05
48001,2022-11-05 03:00:00,16,1,1,False,0.0011401894,0.99878746,7.237223e-05
223712,2022-12-15 08:00:00,142,1,1,False,0.001124982,0.9987889,8.609498e-05
62328,2022-11-06 06:00:00,178,2,2,False,0.19082077,0.0005458163,0.80863345
114117,2022-11-19 05:00:00,245,1,1,False,0.0010233774,0.998909,6.764959e-05
363657,2022-12-19 03:00:00,8,0,0,False,0.99528426,0.0011470709,0.0035686968
117400,2022-11-06 23:00:00,25,1,0,True,0.70648986,0.2932088,0.00030132686
44977,2022-11-28 04:00:00,155,0,0,False,0.997626,0.0016805567,0.000693471
229501,2022-12-16 05:00:00,15,1,1,False,0.097061135,0.902766,0.00017286692
195500,2022-12-11 11:00:00,107,0,0,False,0.99819237,0.00059844035,0.0012091745
244009,2022-12-20 19:00:00,168,0,0,False,0.9760475,0.023655651,0.0002968449
296596,2022-12-18 08:00:00,235,2,2,False,0.18667226,0.00055742636,0.8127703
133172,2022-11-08 19:00:00,270,1,1,False,0.20752905,0.7922225,0.0002484772
115238,2022-11-06 06:00:00,247,2,2,False,0.38192087,0.0008101584,0.617269
247136,2022-12-30 22:00:00,171,0,0,False,0.99710387,0.0025471398,0.00034899326
269067,2022-12-12 12:00:00,2,0,0,False,0.9967085,0.0026761156,0.00061538623
330980,2022-12-08 15:00:00,37,1,1,False,0.001105528,0.9988172,7.729162e-05
155145,2022-11-30 14:00:00,54,0,0,False,0.9965809,0.0022583476,0.0011607801
15760,2022-11-02 06:00:00,119,0,0,False,0.9917875,0.008095274,0.00011722075
154717,2022-11-12 18:00:00,54,1,0,True,0.9495568,0.05004333,0.0003998111
23999,2022-11-18 01:00:00,129,2,2,False,0.17457196,0.0006968956,0.8247312
318742,2022-12-09 10:00:00,265,0,0,False,0.9976047,0.0020065093,0.0003887315
72212,2022-11-30 21:00:00,19,1,0,True,0.6513821,0.348196,0.0004219404
119439,2022-11-02 10:00:00,252,2,2,False,0.28851426,0.00095038646,0.71053535
100435,2022-11-15 04:00:00,226,2,2,False,0.05368517,0.00032592728,0.94598895
286306,2022-12-09 19:00:00,221,2,0,True,0.8101603,0.0008780174,0.18896164
115865,2022-11-02 11:00:00,248,1,1,False,0.07723661,0.9226173,0.0001460736
12220,2022-11-03 20:00:00,114,0,0,False,0.9932266,0.006224828,0.0005485884
168320,2022-11-13 12:00:00,73,2,2,False,0.16973306,0.00063959655,0.8296274
193118,2022-12-02 08:00:00,104,1,1,False,0.28316915,0.71659,0.00024085016
7382,2022-11-10 21:00:00,108,1,0,True,0.5830303,0.41661054,0.0003591871
27310,2022-11-06 23:00:00,133,2,2,False,0.11652896,0.00054543355,0.88292557
171833,2022-11-10 22:00:00,78,1,1,False,0.32360315,0.6761082,0.00028869818
67376,2022-11-08 01:00:00,184,2,0,True,0.7725699,0.00073867827,0.22669141
66493,2022-11-30 22:00:00,182,2,2,False,0.15205835,0.0004877539,0.8474539
197888,2022-12-21 18:00:00,11,1,0,True,0.7308431,0.26888153,0.0002753417
25274,2022-11-11 14:00:00,130,1,0,True,0.8640822,0.13553658,0.00038117237
26956,2022-11-22 02:00:00,132,0,0,False,0.9748462,0.00037147716,0.024782285
148368,2022-11-16 08:00:00,46,1,1,False,0.3695004,0.63023067,0.00026893942
180976,2022-11-04 12:00:00,9,2,2,False,0.25769362,0.0008282327,0.7414781
277519,2022-12-04 04:00:00,21,1,1,False,0.077065825,0.92272985,0.00020428008
142177,2022-11-26 12:00:00,38,1,1,False,0.003199189,0.99669325,0.000107610475
96244,2022-11-19 07:00:00,220,2,2,False,0.35721532,0.0009300125,0.6418547
201785,2022-12-02 23:00:00,115,1,1,False,0.17386675,0.8259366,0.00019662788
254630,2022-12-11 19:00:00,181,2,0,True,0.65675026,0.00077002123,0.3424797
5129,2022-11-06 07:00:00,105,0,0,False,0.86377543,0.13600336,0.00022120116
159353,2022-11-27 04:00:00,6,1,1,False,0.1777525,0.8220706,0.00017690768
347845,2022-12-21 07:00:00,58,1,1,False,0.22679721,0.772546,0.0006567905
370741,2022-12-13 01:00:00,89,1,1,False,0.0011020709,0.99882275,7.521799e-05
158157,2022-11-07 01:00:00,59,1,0,True,0.84519356,0.154549,0.0002574453
3780,2022-11-09 18:00:00,103,2,0,True,0.62825537,0.0016244554,0.37012017
357056,2022-12-13 15:00:00,71,0,0,False,0.9977081,0.0014169327,0.00087499106
97338,2022-11-05 05:00:00,222,1,1,False,0.033185784,0.9667182,9.603162e-05
331329,2022-12-24 02:00:00,37,1,1,False,0.0036137612,0.99624026,0.00014594749
376562,2022-12-15 06:00:00,96,1,1,False,0.0031569637,0.9967236,0.000119506476
373837,2022-12-22 19:00:00,92,0,0,False,0.989489,0.006745438,0.0037655858
63328,2022-11-18 05:00:00,179,2,2,False,0.09308657,0.0005161032,0.9063973
315374,2022-12-20 03:00:00,260,0,0,False,0.9965406,0.0033149424,0.0001444728
377608,2022-12-29 17:00:00,97,0,0,False,0.99538606,0.0039737425,0.0006402534
150466,2022-11-14 09:00:00,49,1,0,True,0.76861346,0.22982341,0.0015631554
42550,2022-11-16 10:00:00,152,2,0,True,0.7789456,0.0010587936,0.21999556
256478,2022-12-29 15:00:00,183,1,0,True,0.87975025,0.11986216,0.00038760836
265670,2022-12-22 02:00:00,195,0,0,False,0.99759126,0.0013417535,0.0010670432
22409,2022-11-11 09:00:00,127,2,0,True,0.50172055,0.00077317725,0.49750623
340151,2022-12-31 04:00:00,48,2,2,False,0.37530622,0.0010209472,0.6236728
69352,2022-11-30 21:00:00,186,2,2,False,0.33841535,0.00072083675,0.6608638
356084,2022-12-03 04:00:00,7,1,1,False,0.024559522,0.97534037,0.00010006747
105228,2022-11-06 06:00:00,233,2,2,False,0.21211416,0.00059825485,0.78728753
65135,2022-11-04 01:00:00,181,2,2,False,0.0901951,0.00042382578,0.90938103
151504,2022-11-27 20:00:00,5,0,0,False,0.93677914,0.062878534,0.00034228424
331025,2022-12-10 12:00:00,37,1,1,False,0.0010799443,0.99884725,7.282856e-05
174625,2022-11-08 00:00:00,81,2,2,False,0.07936985,0.0004467498,0.92018336
294432,2022-12-18 07:00:00,232,2,2,False,0.07414386,0.00047478324,0.92538136
253268,2022-12-15 03:00:00,18,0,0,False,0.9976828,0.0007243215,0.0015928206
120156,2022-11-02 12:00:00,253,1,1,False,0.1662277,0.8334698,0.00030249244
101099,2022-11-13 01:00:00,227,2,0,True,0.86607826,0.0006787263,0.13324298
254488,2022-12-05 21:00:00,181,2,2,False,0.069785394,0.00041642293,0.92979825
133414,2022-11-18 21:00:00,270,1,1,False,0.19485371,0.8049092,0.00023706334
143814,2022-11-05 06:00:00,40,1,0,True,0.8236545,0.17612612,0.0002194
72654,2022-11-19 12:00:00,190,0,0,False,0.9644327,0.035347503,0.0002197926
352362,2022-12-29 06:00:00,63,1,0,True,0.8291664,0.17053993,0.00029361533
320946,2022-12-11 03:00:00,268,1,1,False,0.020675268,0.97920036,0.00012431605
157778,2022-11-21 03:00:00,58,1,1,False,0.14877495,0.85094386,0.00028117228
178331,2022-11-13 13:00:00,86,2,2,False,0.37588125,0.00076846115,0.62335026
37259,2022-11-04 10:00:00,146,2,2,False,0.29077956,0.0006809225,0.7085395
277068,2022-12-15 10:00:00,209,0,0,False,0.9892679,0.009972189,0.0007599435
279597,2022-12-31 14:00:00,211,0,0,False,0.9968514,0.002899798,0.00024878123
131498,2022-11-28 10:00:00,268,2,2,False,0.17005862,0.000623193,0.82931817
133670,2022-11-29 13:00:00,270,1,1,False,0.17384814,0.82598037,0.00017146811
255187,2022-12-04 23:00:00,182,2,2,False,0.17586504,0.00049361435,0.8236413
114379,2022-11-30 03:00:00,245,1,1,False,0.0010400601,0.9988888,7.117336e-05
355257,2022-12-29 17:00:00,67,0,0,False,0.94063854,0.059072644,0.00028882
114293,2022-11-26 13:00:00,245,1,1,False,0.0011238948,0.998808,6.808719e-05
201400,2022-12-16 23:00:00,114,0,0,False,0.8936533,0.10617788,0.0001688988
106149,2022-11-14 22:00:00,234,2,0,True,0.55591005,0.0010482237,0.4430417
9267,2022-11-29 20:00:00,11,1,0,True,0.6280435,0.37153396,0.0004225453
19511,2022-11-09 19:00:00,123,2,0,True,0.9912565,0.005646576,0.0030969246
78304,2022-11-16 14:00:00,198,2,2,False,0.16266854,0.00065023074,0.83668125
241714,2022-12-14 09:00:00,165,2,0,True,0.9719488,0.010910876,0.017140387
224264,2022-12-08 07:00:00,143,1,1,False,0.0010512905,0.99886274,8.593588e-05
105652,2022-11-24 00:00:00,233,2,2,False,0.061792884,0.00039708294,0.93781006
198831,2022-12-31 00:00:00,110,0,0,False,0.7711273,0.2286351,0.00023757125
39316,2022-11-30 15:00:00,148,1,1,False,0.20229106,0.7974948,0.00021413463
280455,2022-12-06 08:00:00,213,0,0,False,0.6251531,0.00091350736,0.37393335
199576,2022-12-01 01:00:00,112,1,1,False,0.036585085,0.96317613,0.00023879291
151011,2022-11-07 05:00:00,5,1,1,False,0.092335984,0.90751934,0.0001446812
225528,2022-12-31 20:00:00,144,1,1,False,0.0036262851,0.9962309,0.00014283336
190103,2022-12-27 20:00:00,10,0,0,False,0.96948874,0.029997064,0.0005141724
166594,2022-11-30 23:00:00,7,0,0,False,0.8716104,0.12812036,0.0002692405
238536,2022-12-02 03:00:00,161,1,1,False,0.044975203,0.95488733,0.00013741973
11115,2022-11-17 11:00:00,112,2,0,True,0.9362669,0.0012824183,0.062450647
366177,2022-12-03 03:00:00,83,2,2,False,0.052782256,0.00033723845,0.94688046
144976,2022-11-23 23:00:00,41,2,2,False,0.106766105,0.0005016337,0.89273226
346716,2022-12-03 09:00:00,57,0,1,True,0.44826,0.5513888,0.0003511858
96045,2022-11-11 00:00:00,220,2,2,False,0.12793611,0.00085429935,0.8712096
10381,2022-11-16 16:00:00,111,2,0,True,0.94267666,0.0011257925,0.056197546
103082,2022-11-06 05:00:00,230,2,2,False,0.027179131,0.00024147949,0.97257936
172502,2022-11-09 00:00:00,79,2,2,False,0.091769114,0.00045023786,0.9077807
85453,2022-11-16 13:00:00,206,2,2,False,0.44816247,0.0007729535,0.55106455
28068,2022-11-08 20:00:00,134,2,0,True,0.7335422,0.0026871408,0.26377067
101341,2022-11-23 03:00:00,227,2,2,False,0.027378293,0.00023646012,0.9723852
154126,2022-11-17 22:00:00,53,2,2,False,0.23343726,0.0008048324,0.7657579
318524,2022-12-31 07:00:00,264,2,2,False,0.07986347,0.00040539412,0.9197311
56713,2022-11-10 17:00:00,170,0,0,False,0.74188995,0.2577536,0.0003564846
63044,2022-11-06 07:00:00,179,0,0,False,0.9752331,0.00046878372,0.024298087
51829,2022-11-15 18:00:00,164,0,0,False,0.9910705,0.0077588744,0.0011705823
178577,2022-11-23 19:00:00,86,0,0,False,0.9720376,0.02721067,0.0007517455
303373,2022-12-30 21:00:00,244,0,0,False,0.99489033,0.0040618298,0.0010478584
126700,2022-11-07 04:00:00,262,2,2,False,0.029239794,0.00026883945,0.97049135
80350,2022-11-12 11:00:00,20,1,1,False,0.0010629887,0.9988689,6.8105765e-05
236113,2022-12-22 06:00:00,158,0,0,False,0.99610126,0.0036723264,0.00022643359
160934,2022-11-03 14:00:00,62,1,1,False,0.37009972,0.62961096,0.00028927403
218228,2022-12-28 02:00:00,135,0,0,False,0.9837849,0.00029844145,0.015916664
70049,2022-11-30 03:00:00,187,2,2,False,0.068997934,0.00037559433,0.93062645
45059,2022-11-01 14:00:00,156,1,0,True,0.8452975,0.15428822,0.00041427318
354190,2022-12-14 09:00:00,66,2,0,True,0.50524575,0.0013592798,0.49339497
11445,2022-11-01 05:00:00,113,1,0,True,0.8180221,0.18172908,0.00024886633
369800,2022-12-03 21:00:00,88,0,0,False,0.997166,0.0025825805,0.00025141696
329429,2022-12-04 02:00:00,35,1,1,False,0.101984635,0.8978393,0.00017599588
364025,2022-12-03 14:00:00,80,2,0,True,0.6678001,0.00095182285,0.33124807
102094,2022-11-24 17:00:00,228,0,0,False,0.98648214,0.012534789,0.0009830405
282688,2022-12-09 06:00:00,216,0,0,False,0.997654,0.0017891709,0.0005568265
215657,2022-12-10 04:00:00,132,0,0,False,0.9984452,0.0007715036,0.00078328396
302362,2022-12-18 06:00:00,243,2,2,False,0.07195659,0.000452051,0.9275914
9130,2022-11-24 03:00:00,11,1,1,False,0.09460769,0.90520257,0.00018972726
269159,2022-12-16 08:00:00,2,1,1,False,0.005438033,0.9943441,0.00021789546
155803,2022-11-28 05:00:00,55,0,0,False,0.99846447,0.00037623208,0.0011593224
69692,2022-11-15 06:00:00,187,0,0,False,0.58886725,0.00070717663,0.41042554
142514,2022-11-10 18:00:00,39,0,0,False,0.9801159,0.019419828,0.00046432365
104993,2022-11-26 08:00:00,232,2,2,False,0.3492381,0.0011478835,0.64961404
190072,2022-12-26 13:00:00,10,2,2,False,0.42459506,0.0007421806,0.5746628
324827,2022-12-23 13:00:00,29,1,1,False,0.001064811,0.9988689,6.6305896e-05
53364,2022-11-20 03:00:00,166,0,0,False,0.57148135,0.42811134,0.00040726253
131497,2022-11-28 09:00:00,268,2,0,True,0.95196956,0.0013005924,0.046729926
119990,2022-11-25 14:00:00,252,1,0,True,0.9848238,0.013733594,0.0014425992
324269,2022-12-30 08:00:00,28,1,1,False,0.0010471722,0.9988896,6.323018e-05
334960,2022-12-25 04:00:00,41,1,1,False,0.028169129,0.971482,0.00034885574
140737,2022-11-26 02:00:00,36,0,0,False,0.9932846,0.002423727,0.0042917337
320837,2022-12-06 14:00:00,268,0,0,False,0.9873297,0.012457424,0.0002128142
68736,2022-11-05 03:00:00,186,2,0,True,0.8103402,0.0011064028,0.18855333
88067,2022-11-06 05:00:00,21,1,1,False,0.086001895,0.91383225,0.00016589377
105965,2022-11-07 04:00:00,234,2,2,False,0.0236591,0.00023363998,0.97610724
72024,2022-11-23 01:00:00,19,1,1,False,0.065047234,0.93482757,0.00012514433
342429,2022-12-05 00:00:00,51,2,2,False,0.05567593,0.0003234813,0.94400054
69357,2022-11-01 02:00:00,187,2,0,True,0.9351172,0.00071747263,0.06416538
45656,2022-11-26 16:00:00,156,1,1,False,0.0010744525,0.9988607,6.483911e-05
180726,2022-11-23 23:00:00,89,1,1,False,0.0010253482,0.9989095,6.522393e-05
150364,2022-11-10 03:00:00,49,2,0,True,0.634887,0.0009554666,0.3641576
290782,2022-12-16 01:00:00,227,2,2,False,0.06478196,0.0003760589,0.93484193
200719,2022-12-19 11:00:00,113,2,2,False,0.26418164,0.00085388,0.73496443
271840,2022-12-07 21:00:00,202,1,1,False,0.07635052,0.9234625,0.00018691654
349111,2022-12-13 01:00:00,6,0,0,False,0.99797326,0.0018218034,0.00020490676
183233,2022-11-09 06:00:00,92,1,1,False,0.0031323782,0.9966761,0.00019157259
285451,2022-12-04 05:00:00,220,2,2,False,0.07886069,0.00043352932,0.92070574
339926,2022-12-21 19:00:00,48,2,0,True,0.711367,0.002752432,0.2858805
7468,2022-11-14 11:00:00,108,2,2,False,0.2393598,0.0007885184,0.75985163
319042,2022-12-22 20:00:00,265,0,0,False,0.7059319,0.29368052,0.0003875277
324285,2022-12-31 00:00:00,28,1,1,False,0.0010469607,0.99888986,6.316691e-05
100644,2022-11-23 21:00:00,226,2,2,False,0.20616828,0.00061106146,0.7932207
67634,2022-11-18 21:00:00,184,1,1,False,0.0009995819,0.9989373,6.306367e-05
55548,2022-11-21 18:00:00,169,0,0,False,0.9238895,0.0011323427,0.07497815
347973,2022-12-26 15:00:00,58,0,0,False,0.99275756,0.0064449203,0.0007975075
48217,2022-11-14 05:00:00,16,1,1,False,0.0011814892,0.9987463,7.218962e-05
291414,2022-12-12 08:00:00,228,2,2,False,0.058688287,0.00029890437,0.9410128
290673,2022-12-11 12:00:00,227,2,2,False,0.05418176,0.0002992105,0.94551903
73754,2022-11-05 16:00:00,192,1,0,True,0.79787445,0.20176543,0.0003600593
253491,2022-12-25 08:00:00,18,1,0,True,0.8330143,0.16672963,0.00025610896
104602,2022-11-10 01:00:00,232,2,2,False,0.14145358,0.000625667,0.8579207
186157,2022-11-11 22:00:00,96,1,1,False,0.10987812,0.88998294,0.00013890448
65044,2022-11-30 03:00:00,180,0,0,False,0.9969228,0.0028805584,0.00019659902
60064,2022-11-01 04:00:00,175,2,2,False,0.083499596,0.0005979033,0.9159025
33778,2022-11-08 08:00:00,141,2,0,True,0.9875387,0.0020622085,0.010399131
105663,2022-11-24 11:00:00,233,2,2,False,0.1569883,0.0004826952,0.842529
271720,2022-12-02 21:00:00,202,0,0,False,0.96422243,0.03547457,0.00030296727
298755,2022-12-18 04:00:00,238,2,0,True,0.9466331,0.0006379559,0.052728955
305688,2022-12-06 06:00:00,248,0,0,False,0.99843925,0.0009856018,0.00057511026
236890,2022-12-24 14:00:00,159,0,0,False,0.809887,0.1898961,0.00021684635
104695,2022-11-13 22:00:00,232,2,2,False,0.11671084,0.00056480156,0.88272434
311922,2022-12-26 14:00:00,256,0,0,False,0.9976266,0.0017209377,0.0006525259
73246,2022-11-14 09:00:00,191,1,1,False,0.0010592514,0.9988707,7.011069e-05
278872,2022-12-31 10:00:00,210,0,0,False,0.99683976,0.001997279,0.0011629644
253689,2022-12-02 15:00:00,180,0,0,False,0.9744468,0.024951242,0.00060197915
1328,2022-11-26 18:00:00,10,2,0,True,0.8815363,0.0013870966,0.11707653
11940,2022-11-22 01:00:00,113,1,1,False,0.06994262,0.92991024,0.00014709898
65487,2022-11-18 19:00:00,181,2,0,True,0.8753597,0.0010966791,0.12354356
52562,2022-11-16 12:00:00,165,2,2,False,0.40948728,0.003683291,0.5868295
270034,2022-12-23 16:00:00,20,1,1,False,0.0010564635,0.998877,6.656569e-05
249719,2022-12-17 20:00:00,175,2,0,True,0.9888842,0.002022325,0.009093432
171080,2022-11-09 08:00:00,77,0,0,False,0.9967085,0.0016055177,0.0016860022
164141,2022-11-18 03:00:00,66,1,1,False,0.031391583,0.96851873,8.974015e-05
169798,2022-11-15 12:00:00,75,0,0,False,0.97486395,0.024631917,0.0005041174
98946,2022-11-12 17:00:00,224,2,0,True,0.53001237,0.00097192335,0.4690157
45250,2022-11-09 18:00:00,156,0,0,False,0.94679594,0.052579205,0.00062488316
173802,2022-11-03 12:00:00,80,1,0,True,0.67815626,0.32147685,0.0003668372
150816,2022-11-28 23:00:00,49,0,0,False,0.98018736,0.005180285,0.01463231
177402,2022-11-04 13:00:00,85,2,0,True,0.64309716,0.00091466657,0.35598823
105660,2022-11-24 08:00:00,233,2,2,False,0.27315348,0.0006793179,0.7261672
299578,2022-12-22 23:00:00,239,0,0,False,0.9648568,0.03482131,0.00032188676
106632,2022-11-05 04:00:00,235,2,2,False,0.046447556,0.00040724067,0.9531452
231282,2022-12-31 06:00:00,151,2,2,False,0.049007144,0.00034945243,0.9506434
175414,2022-11-11 04:00:00,82,2,2,False,0.030438082,0.00027325767,0.96928865
112524,2022-11-12 10:00:00,243,2,2,False,0.40972224,0.00072864874,0.5895491
176036,2022-11-07 05:00:00,83,2,2,False,0.035343103,0.00027829155,0.96437865
310244,2022-12-15 20:00:00,253,2,0,True,0.9898735,0.005208934,0.0049174987
89961,2022-11-25 15:00:00,211,0,0,False,0.99550205,0.0042043366,0.0002936112
126696,2022-11-07 00:00:00,262,2,2,False,0.06232433,0.00040062828,0.93727505
269301,2022-12-23 04:00:00,2,0,0,False,0.99363315,0.0062052608,0.00016161051
357739,2022-12-12 01:00:00,72,1,1,False,0.0011855114,0.9987355,7.901483e-05
286433,2022-12-15 02:00:00,221,2,2,False,0.047280703,0.00028855065,0.9524307
106011,2022-11-09 04:00:00,234,2,2,False,0.09273018,0.0005268701,0.90674293
143448,2022-11-19 21:00:00,4,0,0,False,0.9922146,0.0028071862,0.0049782414
21819,2022-11-16 14:00:00,126,2,2,False,0.120302625,0.0005260955,0.8791713
95490,2022-11-17 16:00:00,219,2,2,False,0.13467164,0.00052183436,0.86480653
60802,2022-11-02 03:00:00,176,0,0,False,0.99057335,0.00039271728,0.009033907
283968,2022-12-02 12:00:00,218,1,1,False,0.0035265512,0.9963354,0.00013811102
174526,2022-11-03 21:00:00,81,0,0,False,0.9759427,0.0024413345,0.021615943
348782,2022-12-30 07:00:00,59,0,0,False,0.9821406,0.014752797,0.0031066046
19439,2022-11-06 17:00:00,123,0,0,False,0.8608415,0.0012997531,0.1378587
319595,2022-12-14 22:00:00,266,0,0,False,0.96262026,0.037249565,0.0001302076
358377,2022-12-08 14:00:00,73,0,0,False,0.9983248,0.00089310337,0.0007820994
318283,2022-12-21 06:00:00,264,0,0,False,0.99595803,0.0037779668,0.0002640228
242020,2022-12-28 01:00:00,165,1,1,False,0.2176417,0.781562,0.0007963086
95935,2022-11-06 08:00:00,220,2,2,False,0.19940029,0.0008121858,0.7997875
210304,2022-12-28 09:00:00,125,0,0,False,0.99353105,0.004527382,0.0019416324
32663,2022-11-21 13:00:00,14,1,0,True,0.60485977,0.39482832,0.0003119525
296202,2022-12-01 13:00:00,235,1,1,False,0.49812374,0.5015776,0.0002986275
27404,2022-11-10 23:00:00,133,2,2,False,0.10587373,0.0005111954,0.8936151
332568,2022-12-14 17:00:00,39,0,0,False,0.99727243,0.0017275888,0.0009999799
49964,2022-11-27 10:00:00,161,0,0,False,0.76323146,0.23645103,0.00031752154
286509,2022-12-19 02:00:00,221,2,2,False,0.12025579,0.0004881409,0.879256
245198,2022-12-09 08:00:00,17,0,1,True,0.46309444,0.5365628,0.0003427638
111748,2022-11-09 21:00:00,242,2,0,True,0.7488008,0.00086733483,0.25033185
117719,2022-11-20 08:00:00,25,1,1,False,0.22102277,0.77873814,0.00023910105
179015,2022-11-12 06:00:00,87,2,2,False,0.07159489,0.0004050949,0.92800003
348548,2022-12-20 11:00:00,59,1,1,False,0.26532847,0.73429704,0.00037448108
153803,2022-11-04 09:00:00,53,0,0,False,0.8511845,0.14807262,0.00074283517
68481,2022-11-24 09:00:00,185,0,0,False,0.99490744,0.0016382996,0.0034542892
7132,2022-11-30 06:00:00,107,1,1,False,0.091376945,0.90847695,0.00014607453
96072,2022-11-12 03:00:00,220,2,2,False,0.113046,0.0006380802,0.88631594
9110,2022-11-23 07:00:00,11,0,0,False,0.9928059,0.0049733166,0.002220785
165459,2022-11-13 11:00:00,69,2,0,True,0.97808343,0.021707997,0.00020857163
373341,2022-12-01 05:00:00,92,0,1,True,0.33696556,0.6625334,0.0005010395
106780,2022-11-11 10:00:00,235,1,0,True,0.5723671,0.42729944,0.00033351488
63064,2022-11-07 03:00:00,179,2,2,False,0.09542168,0.00045701893,0.9041213
139968,2022-11-23 20:00:00,35,0,0,False,0.9975084,0.00092077814,0.0015708011
69965,2022-11-26 15:00:00,187,0,0,False,0.9641066,0.0008202802,0.03507305
323691,2022-12-05 08:00:00,28,1,1,False,0.0010401028,0.9988921,6.775918e-05
287479,2022-12-29 13:00:00,222,0,0,False,0.9914403,0.008345858,0.00021382149
127743,2022-11-20 22:00:00,263,0,0,False,0.98669356,0.013148632,0.00015777002
67486,2022-11-12 17:00:00,184,2,2,False,0.14198221,0.0005037088,0.857514
57475,2022-11-12 16:00:00,171,1,1,False,0.29804793,0.7017195,0.00023253862
25627,2022-11-26 07:00:00,130,1,1,False,0.11534451,0.8844812,0.00017430348
245843,2022-12-06 04:00:00,170,0,0,False,0.9980755,0.0008209901,0.0011035025
31523,2022-11-03 18:00:00,139,0,0,False,0.8984793,0.10073206,0.0007886672
346127,2022-12-08 21:00:00,56,2,0,True,0.9199302,0.0007818768,0.079287924
174563,2022-11-05 10:00:00,81,2,2,False,0.4622575,0.00080659066,0.5369359
212740,2022-12-08 19:00:00,129,2,0,True,0.94215417,0.00059215364,0.057253662
269485,2022-12-30 20:00:00,2,1,1,False,0.0036108042,0.99626887,0.00012033293
66285,2022-11-22 06:00:00,182,0,0,False,0.992896,0.00040893926,0.006695088
156204,2022-11-15 03:00:00,56,0,0,False,0.9918213,0.007790501,0.00038821145
94490,2022-11-05 17:00:00,218,0,0,False,0.8059908,0.19380054,0.0002087023
255079,2022-12-31 10:00:00,181,2,2,False,0.11792854,0.00047306027,0.8815984
84452,2022-11-04 13:00:00,205,0,0,False,0.9971564,0.0020361638,0.0008074575
252250,2022-12-02 18:00:00,179,0,0,False,0.9960259,0.0017546044,0.0022194898
268856,2022-12-03 17:00:00,2,1,1,False,0.049887005,0.9498916,0.00022134854
118442,2022-11-20 16:00:00,250,1,1,False,0.0010307861,0.9988973,7.182364e-05
173376,2022-11-15 15:00:00,8,1,1,False,0.3097726,0.6899494,0.00027802782
215742,2022-12-13 17:00:00,132,2,0,True,0.78946275,0.0010319897,0.20950525
92018,2022-11-21 23:00:00,214,2,2,False,0.47523716,0.000991271,0.5237716
322892,2022-12-02 02:00:00,270,1,1,False,0.040128272,0.95977277,9.888915e-05
156614,2022-11-02 05:00:00,57,0,0,False,0.99526644,0.0045799087,0.00015363796
350627,2022-12-16 03:00:00,61,0,0,False,0.98000985,0.019792093,0.00019810622
100980,2022-11-08 00:00:00,227,2,2,False,0.053652126,0.00032465998,0.94602317
73877,2022-11-10 21:00:00,192,2,0,True,0.99176425,0.0010807958,0.0071548806
111318,2022-11-21 18:00:00,241,0,0,False,0.9914068,0.007805637,0.00078756997
58353,2022-11-19 11:00:00,172,2,0,True,0.57079625,0.000930761,0.428273
60838,2022-11-03 18:00:00,176,0,0,False,0.9897956,0.006080831,0.004123529
145793,2022-11-28 05:00:00,42,2,2,False,0.081614986,0.00044855513,0.91793644
11698,2022-11-11 23:00:00,113,0,0,False,0.9915031,0.0031759427,0.0053209127
187926,2022-11-26 01:00:00,98,1,0,True,0.62850547,0.37121594,0.0002786012
217973,2022-12-16 13:00:00,135,2,0,True,0.8405471,0.0011359219,0.158317
22246,2022-11-04 12:00:00,127,2,0,True,0.52791196,0.00091401656,0.47117403
336202,2022-12-15 22:00:00,43,2,2,False,0.18287574,0.00088642305,0.81623787
292898,2022-12-14 02:00:00,230,2,2,False,0.068408445,0.00040786935,0.93118364
37348,2022-11-08 03:00:00,146,1,1,False,0.11230366,0.887531,0.00016542594
291593,2022-12-20 17:00:00,228,0,0,False,0.9949208,0.0042351726,0.0008440936
280744,2022-12-19 05:00:00,213,2,2,False,0.03838645,0.00040097605,0.9612126
165013,2022-11-24 16:00:00,67,0,0,False,0.91221213,0.08747301,0.00031484434
46364,2022-11-26 09:00:00,157,0,0,False,0.9837828,0.0035486028,0.012668588
310763,2022-12-07 10:00:00,254,0,0,False,0.9931787,0.0050296388,0.0017916941
102056,2022-11-23 03:00:00,228,2,2,False,0.061457843,0.00036183887,0.9381803
27380,2022-11-09 23:00:00,133,2,2,False,0.23217647,0.0005861448,0.7672374
118306,2022-11-15 00:00:00,250,1,1,False,0.11721586,0.8777222,0.005061963
159356,2022-11-27 07:00:00,6,1,0,True,0.73673594,0.2630574,0.00020661637
372610,2022-12-31 18:00:00,90,0,0,False,0.99216956,0.0075427205,0.00028774666
273004,2022-12-27 06:00:00,203,0,0,False,0.9973863,0.0020371072,0.0005766005
133680,2022-11-29 23:00:00,270,1,1,False,0.07285467,0.92703384,0.00011151087
206297,2022-12-10 17:00:00,120,0,0,False,0.99739766,0.0020043862,0.0005979878
154447,2022-11-01 07:00:00,54,1,1,False,0.066077694,0.93367887,0.00024338716
169186,2022-11-19 19:00:00,74,0,0,False,0.6746966,0.0009713245,0.32433203
296571,2022-12-16 22:00:00,235,2,2,False,0.42658952,0.0007849725,0.5726255
352847,2022-12-19 08:00:00,64,1,0,True,0.9731312,0.020620463,0.0062483316
353981,2022-12-05 16:00:00,66,0,0,False,0.9863019,0.013500987,0.00019715268
289854,2022-12-07 10:00:00,226,0,0,False,0.9962838,0.0035327843,0.00018345707
66873,2022-11-16 23:00:00,183,0,0,False,0.99070776,0.003810432,0.005481799
378737,2022-12-15 18:00:00,99,1,1,False,0.41143626,0.5881138,0.00044995226
175435,2022-11-12 01:00:00,82,2,2,False,0.40070435,0.000847424,0.59844816
180069,2022-11-26 09:00:00,88,0,0,False,0.9976507,0.0017092647,0.0006400201
47033,2022-11-24 11:00:00,158,0,0,False,0.99438983,0.0051858453,0.00042431685
42114,2022-11-28 01:00:00,151,1,1,False,0.020601269,0.9792955,0.00010319183
344360,2022-12-26 07:00:00,53,0,0,False,0.9946128,0.004505079,0.00088213774
162480,2022-11-08 10:00:00,64,2,0,True,0.9049448,0.00084227655,0.09421302
270485,2022-12-11 12:00:00,200,0,0,False,0.9977646,0.00058917055,0.0016462001
350727,2022-12-21 05:00:00,61,1,1,False,0.09930327,0.9004412,0.00025548594
95234,2022-11-06 22:00:00,219,1,0,True,0.7719629,0.22781952,0.0002176243
48413,2022-11-22 09:00:00,16,1,1,False,0.0011536571,0.9987723,7.39912e-05
180725,2022-11-23 22:00:00,89,1,1,False,0.0010136461,0.9989219,6.4479485e-05
302489,2022-12-24 02:00:00,243,0,0,False,0.996585,0.0010836191,0.0023313465
130807,2022-11-29 10:00:00,267,0,0,False,0.9973055,0.0024060735,0.00028840103
109084,2022-11-18 01:00:00,238,2,2,False,0.08358557,0.0005530772,0.91586137
80630,2022-11-24 03:00:00,20,1,1,False,0.0010763798,0.99884796,7.5652104e-05
75501,2022-11-18 23:00:00,194,0,0,False,0.9944918,0.0050550303,0.00045320453
291417,2022-12-12 11:00:00,228,2,2,False,0.08307262,0.00036491154,0.9165625
224184,2022-12-04 23:00:00,143,1,1,False,0.0010689822,0.9988638,6.716576e-05
185730,2022-11-23 22:00:00,95,0,0,False,0.9154863,0.08367456,0.0008391961
359287,2022-12-16 11:00:00,74,1,0,True,0.59960234,0.40013525,0.00026238765
180373,2022-11-09 06:00:00,89,1,1,False,0.0033615737,0.9964328,0.00020558992
288342,2022-12-04 12:00:00,224,2,0,True,0.5847744,0.0009598656,0.4142658
241401,2022-12-01 08:00:00,165,2,0,True,0.9621731,0.0037169973,0.034109864
274963,2022-12-18 05:00:00,206,1,0,True,0.61084294,0.38863194,0.00052507484
98305,2022-11-15 19:00:00,223,2,0,True,0.9385558,0.0010695632,0.060374647
101126,2022-11-14 04:00:00,227,2,2,False,0.021695588,0.00022399842,0.9780804
169364,2022-11-27 05:00:00,74,0,0,False,0.9973532,0.0020091846,0.0006376297
4187,2022-11-26 17:00:00,103,0,0,False,0.8670256,0.0009564917,0.13201793
328335,2022-12-19 10:00:00,33,0,0,False,0.9701427,0.029298874,0.00055837916
113667,2022-11-30 06:00:00,244,2,0,True,0.872276,0.0010235914,0.12670036
98998,2022-11-14 21:00:00,224,2,2,False,0.31016606,0.00075063034,0.6890833
313252,2022-12-21 22:00:00,258,1,1,False,0.16513476,0.8346743,0.00019091567
8183,2022-11-14 11:00:00,109,2,2,False,0.41542953,0.0010208974,0.58354956
144431,2022-11-01 01:00:00,41,2,0,True,0.6065506,0.0009975985,0.39245182
153965,2022-11-11 05:00:00,53,2,0,True,0.9148931,0.0006477779,0.08445919
172670,2022-11-16 00:00:00,79,0,0,False,0.97176707,0.0006474265,0.027585488
346265,2022-12-14 15:00:00,56,0,0,False,0.99228126,0.0015892995,0.006129426
42553,2022-11-16 13:00:00,152,2,2,False,0.11669895,0.00053070066,0.8827703
292965,2022-12-16 21:00:00,230,0,0,False,0.9896153,0.009836925,0.00054769666
137941,2022-11-28 18:00:00,32,1,1,False,0.3131312,0.6865315,0.00033727754
91490,2022-11-29 18:00:00,213,0,0,False,0.9434636,0.055911645,0.0006246723
361527,2022-12-20 14:00:00,77,0,0,False,0.9949917,0.0039702067,0.0010381324
81821,2022-11-14 04:00:00,201,0,0,False,0.9953407,0.00047787352,0.0041813925
106919,2022-11-17 05:00:00,235,2,2,False,0.05933879,0.0005034137,0.94015783
109787,2022-11-17 13:00:00,239,0,0,False,0.99645233,0.0033232803,0.00022436195
115911,2022-11-04 12:00:00,248,1,1,False,0.2988584,0.7008778,0.00026377657
237360,2022-12-13 05:00:00,16,1,1,False,0.0011258661,0.99880004,7.404761e-05
130027,2022-11-26 17:00:00,266,0,0,False,0.98402065,0.015485262,0.0004940321
185501,2022-11-14 09:00:00,95,2,0,True,0.5932547,0.001406942,0.40533835
290592,2022-12-08 03:00:00,227,2,2,False,0.029213367,0.00025261586,0.970534
113549,2022-11-25 08:00:00,244,1,0,True,0.9261825,0.07174681,0.002070688
251749,2022-12-11 22:00:00,178,2,2,False,0.20578103,0.0005215915,0.7936974
94712,2022-11-15 01:00:00,218,0,0,False,0.98350465,0.016415043,8.028982e-05
294676,2022-12-29 00:00:00,232,2,2,False,0.09957895,0.0005223452,0.89989865
114152,2022-11-20 16:00:00,245,1,1,False,0.0010555185,0.9988727,7.182187e-05
237582,2022-12-23 09:00:00,16,1,1,False,0.0011160715,0.9988104,7.3562434e-05
99127,2022-11-20 06:00:00,224,2,2,False,0.21487783,0.0006840405,0.78443813
178095,2022-11-03 15:00:00,86,1,1,False,0.36131546,0.63833755,0.00034697037
268390,2022-12-14 08:00:00,199,1,0,True,0.9533665,0.04615304,0.00048046015
157559,2022-11-12 00:00:00,58,2,2,False,0.30803946,0.0010365065,0.690924
48734,2022-11-05 21:00:00,160,1,0,True,0.74485093,0.25489634,0.00025271522
76567,2022-11-03 17:00:00,196,0,0,False,0.5973187,0.4024134,0.0002679378
45996,2022-11-11 01:00:00,157,0,0,False,0.87717724,0.12243392,0.0003888159
174551,2022-11-04 22:00:00,81,2,2,False,0.22424728,0.0007604382,0.7749923
288063,2022-12-23 20:00:00,223,2,2,False,0.2569415,0.0006289411,0.7424295
92838,2022-11-26 08:00:00,215,1,0,True,0.83245164,0.16723073,0.00031763813
371538,2022-12-16 05:00:00,9,1,1,False,0.037221868,0.9626165,0.00016166733
187572,2022-11-11 07:00:00,98,1,1,False,0.1725412,0.82728076,0.00017805607
148166,2022-11-07 20:00:00,46,2,0,True,0.72978455,0.0017064034,0.26850903
80207,2022-11-06 10:00:00,20,1,1,False,0.0010629019,0.99886835,6.8823545e-05
256365,2022-12-24 22:00:00,183,1,1,False,0.31389424,0.6857601,0.00034566352
48547,2022-11-27 23:00:00,16,1,1,False,0.001136889,0.9987889,7.4252705e-05
65463,2022-11-17 19:00:00,181,0,0,False,0.9824239,0.014531424,0.0030446728
19414,2022-11-05 16:00:00,123,0,0,False,0.9518318,0.0006796994,0.047488537
295466,2022-12-31 21:00:00,233,0,0,False,0.9836907,0.00049021986,0.015819075
73448,2022-11-22 19:00:00,191,1,0,True,0.65771186,0.34204707,0.00024106949
105415,2022-11-14 03:00:00,233,0,0,False,0.97739035,0.00031176338,0.022297895
80796,2022-11-01 01:00:00,200,1,1,False,0.0039709248,0.9958942,0.00013490775
324653,2022-12-15 09:00:00,29,1,1,False,0.0010609074,0.9988607,7.83966e-05
352052,2022-12-15 10:00:00,63,1,1,False,0.20531413,0.7943716,0.00031427562
269859,2022-12-15 11:00:00,20,1,1,False,0.001076141,0.99884737,7.650398e-05
119315,2022-11-27 06:00:00,251,0,0,False,0.9963636,0.0034133361,0.00022304429
181571,2022-11-29 09:00:00,9,2,2,False,0.4797553,0.0015705074,0.5186742
26634,2022-11-08 16:00:00,132,2,0,True,0.9918041,0.0011533785,0.0070424476
135130,2022-11-30 19:00:00,29,1,1,False,0.0010134128,0.9989196,6.704592e-05
152910,2022-11-26 20:00:00,51,2,2,False,0.2780731,0.0007013659,0.7212255
174828,2022-11-16 13:00:00,81,1,1,False,0.27545285,0.72426695,0.0002802709
49337,2022-11-01 02:00:00,161,0,0,False,0.9968761,0.0022541746,0.00086973247
103174,2022-11-10 03:00:00,230,2,2,False,0.3847273,0.00069915096,0.61457354
35066,2022-11-02 07:00:00,143,1,1,False,0.0010657613,0.9988512,8.3020925e-05
331192,2022-12-17 20:00:00,37,1,1,False,0.0030397512,0.99677306,0.00018720925
103124,2022-11-07 23:00:00,230,2,2,False,0.21622993,0.0006391731,0.78313094
75529,2022-11-20 03:00:00,194,0,0,False,0.9974317,0.0017104628,0.0008577959
4840,2022-11-24 03:00:00,104,1,1,False,0.10392344,0.89592457,0.00015200416
69568,2022-11-10 02:00:00,187,2,2,False,0.08351651,0.0004235478,0.9160599
375751,2022-12-11 12:00:00,95,1,0,True,0.73791295,0.261847,0.00024001494
331498,2022-12-31 03:00:00,37,1,1,False,0.0034974762,0.99637115,0.00013137757
106823,2022-11-13 05:00:00,235,2,2,False,0.08045623,0.00046856602,0.9190752
199929,2022-12-15 18:00:00,112,0,0,False,0.9947726,0.0038205455,0.0014069016
40027,2022-11-30 11:00:00,149,0,1,True,0.23211308,0.7674987,0.00038821305
27830,2022-11-28 17:00:00,133,2,0,True,0.69162893,0.0012243373,0.30714676
156983,2022-11-17 19:00:00,57,2,0,True,0.867016,0.0037576607,0.12922633
65732,2022-11-29 00:00:00,181,2,2,False,0.15434654,0.0005360549,0.8451174
119017,2022-11-14 20:00:00,251,0,0,False,0.98957086,0.008058972,0.002370225
96943,2022-11-18 15:00:00,221,2,0,True,0.9098437,0.001271977,0.08888428
106912,2022-11-16 22:00:00,235,2,2,False,0.36202276,0.00093616993,0.63704103
59479,2022-11-06 17:00:00,174,2,0,True,0.82859427,0.0009403222,0.17046544
132278,2022-11-01 03:00:00,27,0,0,False,0.97884834,0.02101945,0.00013221429
280504,2022-12-08 09:00:00,213,0,0,False,0.9932012,0.003703384,0.0030953777
24565,2022-11-11 20:00:00,13,0,0,False,0.75440395,0.0021888395,0.2434072
181470,2022-11-25 04:00:00,9,1,1,False,0.099599704,0.9001963,0.00020402412
182808,2022-11-21 08:00:00,91,2,0,True,0.90188485,0.010996431,0.087118685
224638,2022-12-24 19:00:00,143,1,1,False,0.0010695491,0.99886096,6.955638e-05
351628,2022-12-28 17:00:00,62,0,0,False,0.9871853,0.0011077891,0.01170687
46662,2022-11-09 00:00:00,158,1,1,False,0.16398545,0.8357815,0.00023298993
336570,2022-12-01 05:00:00,44,2,2,False,0.064514436,0.0003977797,0.9350878
96813,2022-11-13 05:00:00,221,2,2,False,0.06459102,0.00034487082,0.93506414
32187,2022-11-01 12:00:00,14,0,1,True,0.4246135,0.57509303,0.00029350026
70906,2022-11-06 04:00:00,189,2,2,False,0.05588238,0.0003645961,0.943753
363928,2022-12-30 12:00:00,8,0,0,False,0.90490085,0.09478568,0.00031350396
363650,2022-12-18 09:00:00,8,1,1,False,0.074306995,0.9254025,0.00029046345
297310,2022-12-18 01:00:00,236,2,2,False,0.3940973,0.0009761965,0.60492647
277823,2022-12-16 20:00:00,21,1,1,False,0.17225495,0.8272911,0.00045402677
33601,2022-11-30 20:00:00,140,1,1,False,0.1492321,0.8505743,0.00019359837
69679,2022-11-14 17:00:00,187,2,0,True,0.8795654,0.001195858,0.11923874
7638,2022-11-21 13:00:00,108,2,2,False,0.34981522,0.000727503,0.6494573
346968,2022-12-13 21:00:00,57,2,2,False,0.49268404,0.00084289495,0.50647306
57119,2022-11-27 15:00:00,170,1,1,False,0.33045328,0.66929525,0.00025143204
376027,2022-12-23 22:00:00,95,1,1,False,0.11205345,0.88779724,0.0001493488
108842,2022-11-07 21:00:00,238,2,2,False,0.10324364,0.00053882494,0.8962176
65735,2022-11-29 03:00:00,181,2,2,False,0.0729013,0.00042792343,0.92667085
103744,2022-11-04 00:00:00,231,2,0,True,0.8671441,0.0006752178,0.13218066
101716,2022-11-08 23:00:00,228,2,2,False,0.32294732,0.0008989789,0.6761537
116599,2022-11-03 09:00:00,249,0,1,True,0.26486304,0.7348008,0.00033613874
105358,2022-11-11 18:00:00,233,2,2,False,0.23489411,0.00063963694,0.7644662
106867,2022-11-15 01:00:00,235,2,2,False,0.03877273,0.00026424782,0.9609631
36780,2022-11-14 08:00:00,145,2,0,True,0.9742624,0.011005003,0.014732537
284000,2022-12-03 20:00:00,218,1,1,False,0.0036088363,0.9962745,0.00011668595
108291,2022-11-14 19:00:00,237,0,1,True,0.1422447,0.8576076,0.00014770341
177684,2022-11-16 09:00:00,85,2,2,False,0.16577415,0.00056546327,0.8336604
147710,2022-11-18 17:00:00,45,0,0,False,0.80624825,0.1928246,0.00092719326
348084,2022-12-31 06:00:00,58,1,1,False,0.15223494,0.84751624,0.0002488538
241977,2022-12-26 06:00:00,165,1,1,False,0.11586434,0.8835225,0.0006131817
34804,2022-11-21 09:00:00,142,1,1,False,0.001094138,0.9988331,7.272953e-05
280548,2022-12-10 05:00:00,213,0,0,False,0.790293,0.00094774115,0.20875926
373449,2022-12-05 17:00:00,92,0,0,False,0.9972018,0.0017366637,0.0010615577
73480,2022-11-24 03:00:00,191,0,0,False,0.9971283,0.0026639935,0.0002077706
27334,2022-11-07 23:00:00,133,2,2,False,0.32582012,0.00074693875,0.673433
335977,2022-12-06 13:00:00,43,0,0,False,0.9931727,0.002088336,0.004738889
148178,2022-11-08 08:00:00,46,1,0,True,0.9795828,0.0032408894,0.017176349
278493,2022-12-14 17:00:00,210,0,0,False,0.98669237,0.0128949685,0.00041263818
77979,2022-11-02 23:00:00,198,1,1,False,0.0032038507,0.9966184,0.00017776675
174566,2022-11-05 13:00:00,81,0,0,False,0.67386055,0.3229429,0.0031965573
67479,2022-11-12 10:00:00,184,2,2,False,0.15943024,0.0005814393,0.8399883
150354,2022-11-09 17:00:00,49,2,2,False,0.2834148,0.00065916684,0.71592605
20035,2022-11-01 15:00:00,124,0,0,False,0.9512918,0.047210652,0.0014976021
153500,2022-11-21 15:00:00,52,0,0,False,0.99506396,0.0039402293,0.0009958204
51771,2022-11-13 08:00:00,164,1,1,False,0.17810999,0.8217234,0.0001665726
64816,2022-11-20 15:00:00,180,0,0,False,0.9960223,0.0015888151,0.0023889309
317319,2022-12-10 05:00:00,263,0,0,False,0.9986254,0.0006424932,0.0007321433
169608,2022-11-07 12:00:00,75,1,0,True,0.7273119,0.2724162,0.00027192745
86603,2022-11-04 19:00:00,208,0,0,False,0.98520887,0.0051060123,0.009685166
235173,2022-12-12 05:00:00,157,0,0,False,0.99489474,0.0046789916,0.00042627697
351011,2022-12-02 02:00:00,62,0,0,False,0.99705076,0.0022937907,0.0006554423
63879,2022-11-11 09:00:00,18,1,1,False,0.22516409,0.7745215,0.0003144241
28881,2022-11-12 22:00:00,135,2,0,True,0.8144273,0.0007121162,0.18486053
173500,2022-11-20 19:00:00,8,0,0,False,0.97523797,0.024117047,0.00064498367
278274,2022-12-05 14:00:00,210,0,0,False,0.9979298,0.00068782456,0.0013824183
10761,2022-11-02 12:00:00,112,2,0,True,0.7370125,0.0012227871,0.26176473
75624,2022-11-24 02:00:00,194,0,0,False,0.9117974,0.08798398,0.00021863767
29626,2022-11-14 04:00:00,136,2,2,False,0.07393671,0.0003910509,0.9256723
29963,2022-11-28 05:00:00,136,2,2,False,0.0742784,0.00036925965,0.9253524
107541,2022-11-13 08:00:00,236,2,2,False,0.17852125,0.0005211051,0.82095766
264893,2022-12-19 16:00:00,194,0,1,True,0.27240795,0.72726756,0.00032449985
24489,2022-11-08 16:00:00,13,0,0,False,0.88890594,0.11045796,0.0006360878
8820,2022-11-11 05:00:00,11,1,1,False,0.032172985,0.9677247,0.00010231741
145219,2022-11-04 05:00:00,42,2,2,False,0.044494983,0.0004150047,0.95509
172014,2022-11-18 11:00:00,78,0,0,False,0.921852,0.00321334,0.07493467
118463,2022-11-21 13:00:00,250,1,1,False,0.0010318483,0.9988945,7.3628704e-05
35711,2022-11-29 09:00:00,143,1,1,False,0.0010760995,0.9988555,6.840714e-05
105678,2022-11-25 02:00:00,233,2,2,False,0.023416027,0.00021479435,0.9763692
200628,2022-12-14 20:00:00,113,0,0,False,0.9936627,0.0030453058,0.0032920118
67499,2022-11-13 06:00:00,184,2,2,False,0.05728864,0.00033623935,0.9423751
288566,2022-12-13 20:00:00,224,0,0,False,0.9869589,0.0009341661,0.012106896
54763,2022-11-18 20:00:00,168,2,0,True,0.8901702,0.0015340981,0.10829569
331907,2022-12-17 14:00:00,38,1,1,False,0.0047636996,0.9949896,0.00024674277
269592,2022-12-04 08:00:00,20,1,1,False,0.0010560846,0.998874,6.992856e-05
38064,2022-11-08 04:00:00,147,1,1,False,0.0010555948,0.99887735,6.7098226e-05
140263,2022-11-06 06:00:00,36,0,0,False,0.9711745,0.00084494945,0.027980607
250600,2022-12-25 01:00:00,176,2,2,False,0.079967484,0.00039342017,0.91963905
235717,2022-12-04 20:00:00,158,1,0,True,0.7134771,0.2862839,0.00023907477
82224,2022-11-30 23:00:00,201,0,0,False,0.9917081,0.008074587,0.00021733771
271631,2022-12-30 03:00:00,201,0,0,False,0.99769336,0.0021413406,0.00016526606
164761,2022-11-14 04:00:00,67,1,0,True,0.8972015,0.102626674,0.00017181909
107798,2022-11-24 01:00:00,236,2,2,False,0.06862728,0.00043217037,0.9309406
160036,2022-11-25 20:00:00,60,2,2,False,0.15689212,0.00069686695,0.842411
70015,2022-11-28 17:00:00,187,0,0,False,0.99085665,0.0069067627,0.0022366073
352415,2022-12-31 11:00:00,63,0,0,False,0.98200905,0.01740978,0.000581127
106795,2022-11-12 01:00:00,235,2,2,False,0.054644153,0.00036782082,0.9449881
352058,2022-12-15 16:00:00,63,0,0,False,0.99497944,0.0031067498,0.0019138048
300419,2022-12-27 23:00:00,240,2,2,False,0.11171561,0.00052241195,0.887762
371073,2022-12-27 19:00:00,89,1,1,False,0.0010989856,0.9988311,6.994209e-05
209238,2022-12-13 02:00:00,124,0,0,False,0.9888698,0.011009956,0.00012023191
84264,2022-11-26 14:00:00,204,1,0,True,0.8345707,0.16504025,0.00038902074
203066,2022-12-27 05:00:00,116,2,0,True,0.6897551,0.00070404576,0.30954087
151873,2022-11-13 10:00:00,50,2,2,False,0.2622242,0.00058786385,0.737188
272696,2022-12-13 12:00:00,203,1,1,False,0.059959114,0.9399143,0.00012661469
55574,2022-11-22 20:00:00,169,0,0,False,0.9898061,0.009746627,0.000447246
141557,2022-11-30 11:00:00,37,2,2,False,0.0963504,0.00046117918,0.9031884
338116,2022-12-05 13:00:00,46,0,0,False,0.66904354,0.33064303,0.00031343848
137922,2022-11-27 23:00:00,32,1,1,False,0.12600069,0.87380534,0.00019397182
183545,2022-11-22 06:00:00,92,0,0,False,0.99389356,0.00576024,0.00034613308
185648,2022-11-20 12:00:00,95,1,1,False,0.2004157,0.79926556,0.00031875377
261518,2022-12-29 08:00:00,19,2,0,True,0.91095287,0.00064915844,0.088397995
153715,2022-11-30 14:00:00,52,1,0,True,0.5306753,0.46901086,0.00031381316
152037,2022-11-20 06:00:00,50,0,0,False,0.6596723,0.0010524862,0.33927524
373300,2022-12-30 11:00:00,91,2,0,True,0.8591996,0.001170025,0.13963035
360037,2022-12-18 01:00:00,75,2,0,True,0.9252511,0.0007335774,0.07401528
306224,2022-12-29 12:00:00,248,0,0,False,0.7695365,0.23025128,0.000212267
73454,2022-11-23 01:00:00,191,0,0,False,0.97492594,0.024990737,8.3317726e-05
107945,2022-11-30 04:00:00,236,2,2,False,0.02810962,0.00026390594,0.97162646
316237,2022-12-26 03:00:00,261,0,0,False,0.9962651,0.0035337594,0.00020107457
253023,2022-12-04 22:00:00,18,0,0,False,0.9576783,0.042072114,0.0002495725
105682,2022-11-25 06:00:00,233,2,2,False,0.056245077,0.00035273397,0.94340223
146369,2022-11-22 10:00:00,43,0,0,False,0.75831145,0.24080896,0.0008795504
129235,2022-11-23 12:00:00,265,2,2,False,0.19817616,0.0007274589,0.8010964
378385,2022-12-01 02:00:00,99,1,1,False,0.08525631,0.91451514,0.00022851487
369686,2022-12-30 02:00:00,87,0,0,False,0.97750926,0.0003529612,0.022137811
43753,2022-11-06 21:00:00,154,1,1,False,0.0701243,0.92971045,0.00016522997
290835,2022-12-19 02:00:00,227,2,2,False,0.044137873,0.00037188022,0.95549023
365973,2022-12-25 14:00:00,82,2,0,True,0.63493544,0.0007097521,0.3643548
237475,2022-12-18 09:00:00,16,1,1,False,0.0011586996,0.9987639,7.7425226e-05
20169,2022-11-07 08:00:00,124,1,0,True,0.92461026,0.0748021,0.0005876594
328018,2022-12-05 09:00:00,33,2,0,True,0.9884077,0.001236979,0.010355365
9222,2022-11-27 23:00:00,11,0,0,False,0.9966196,0.002387485,0.0009928936
106609,2022-11-04 05:00:00,235,2,2,False,0.02921609,0.00025757388,0.9705264
68311,2022-11-17 07:00:00,185,0,0,False,0.9925569,0.0027093983,0.004733623
175295,2022-11-06 03:00:00,82,2,2,False,0.048522104,0.00034701283,0.95113087
178872,2022-11-06 05:00:00,87,1,1,False,0.002840372,0.9971144,4.5227196e-05
107665,2022-11-18 12:00:00,236,1,0,True,0.80418915,0.1954723,0.0003385995
50407,2022-11-16 02:00:00,162,0,0,False,0.9982285,0.0009766782,0.00079481676
291288,2022-12-07 02:00:00,228,2,2,False,0.06722732,0.0003593325,0.9324134
327581,2022-12-17 14:00:00,32,0,0,False,0.9751286,0.024205318,0.0006660496
285684,2022-12-13 22:00:00,220,0,0,False,0.97306395,0.02648916,0.00044695457
94925,2022-11-23 22:00:00,218,1,0,True,0.8576857,0.14219314,0.0001211878
341640,2022-12-02 04:00:00,50,2,2,False,0.07896738,0.00040682676,0.9206258
25229,2022-11-09 17:00:00,130,0,0,False,0.9773974,0.022226714,0.00037592216
241852,2022-12-21 01:00:00,165,0,0,False,0.9593052,0.038205933,0.0024888604
166338,2022-11-20 07:00:00,7,1,1,False,0.073911935,0.92585427,0.00023386088
337808,2022-12-23 16:00:00,45,2,0,True,0.69807523,0.0012244276,0.30070037
162361,2022-11-03 11:00:00,64,2,0,True,0.8087345,0.0009716055,0.19029391
335507,2022-12-17 09:00:00,42,2,2,False,0.22382735,0.0007051092,0.7754675
184478,2022-11-01 08:00:00,94,1,1,False,0.09567423,0.90380216,0.000523652
254686,2022-12-14 03:00:00,181,2,2,False,0.028805483,0.0002527786,0.97094166
61175,2022-11-17 21:00:00,176,0,0,False,0.982457,0.0020677152,0.015475223
290423,2022-12-01 02:00:00,227,2,2,False,0.046119038,0.00034829727,0.95353264
35447,2022-11-18 09:00:00,143,1,1,False,0.00104775,0.9988776,7.468508e-05
17978,2022-11-05 10:00:00,121,0,0,False,0.98350334,0.00062685355,0.015869806
169117,2022-11-16 22:00:00,74,0,0,False,0.61238545,0.38730246,0.00031210796
293309,2022-12-01 04:00:00,231,2,2,False,0.07395969,0.00043424853,0.92560613
17026,2022-11-25 10:00:00,12,0,0,False,0.9675531,0.031834517,0.00061236206
254483,2022-12-05 16:00:00,181,2,2,False,0.21570899,0.00053577265,0.7837553
146021,2022-11-07 20:00:00,43,2,2,False,0.3816533,0.0011998033,0.6171469
285227,2022-12-25 20:00:00,219,0,0,False,0.9966967,0.0030907567,0.00021251081
328635,2022-12-01 01:00:00,34,0,0,False,0.97265244,0.027228035,0.00011947786
49781,2022-11-19 19:00:00,161,0,0,False,0.96825045,0.031323135,0.00042644516
97345,2022-11-05 12:00:00,222,1,1,False,0.0880785,0.91178185,0.00013962897
35587,2022-11-24 05:00:00,143,1,1,False,0.0010896077,0.9988343,7.609252e-05
289678,2022-12-31 01:00:00,225,0,0,False,0.99788207,0.0018431388,0.0002747901
291257,2022-12-05 19:00:00,228,0,0,False,0.99288815,0.00095662114,0.006155236
222898,2022-12-11 11:00:00,141,0,0,False,0.99441093,0.0053776777,0.00021136591
96469,2022-11-28 16:00:00,220,2,0,True,0.9750376,0.00190598,0.023056416
290666,2022-12-11 05:00:00,227,2,2,False,0.02115667,0.00019665781,0.9786467
7764,2022-11-26 19:00:00,108,0,0,False,0.9892679,0.007870608,0.0028615328
346609,2022-12-29 21:00:00,56,0,0,False,0.7061429,0.0011389278,0.29271814
120600,2022-11-21 05:00:00,253,0,0,False,0.98929626,0.01056771,0.00013601563
150326,2022-11-08 13:00:00,49,1,0,True,0.5969333,0.40260375,0.00046293173
189747,2022-12-12 02:00:00,10,0,0,False,0.9747751,0.02504486,0.00018010514
3854,2022-11-12 20:00:00,103,2,2,False,0.22038329,0.00085713924,0.77875954
298182,2022-12-24 21:00:00,237,2,2,False,0.07309614,0.00037009284,0.92653376
53777,2022-11-07 11:00:00,167,2,2,False,0.12656702,0.00070698047,0.87272596
16806,2022-11-16 06:00:00,12,0,0,False,0.897873,0.10193512,0.0001918784
94958,2022-11-25 07:00:00,218,1,1,False,0.0037367223,0.99614197,0.00012128798
222815,2022-12-08 00:00:00,141,0,0,False,0.996752,0.0013396285,0.0019083188
83446,2022-11-22 07:00:00,203,1,1,False,0.0010100375,0.99891746,7.258031e-05
65071,2022-11-01 06:00:00,181,2,2,False,0.10011424,0.0005052172,0.89938056
134662,2022-11-11 07:00:00,29,1,1,False,0.3114123,0.6883064,0.0002813274
171987,2022-11-17 08:00:00,78,1,0,True,0.8013034,0.19752951,0.0011671109
29705,2022-11-17 11:00:00,136,1,0,True,0.67365414,0.3260054,0.00034041723
28931,2022-11-15 00:00:00,135,2,2,False,0.4659445,0.0010205216,0.533035
307217,2022-12-09 21:00:00,25,0,0,False,0.98839706,0.011287945,0.00031494847
273722,2022-12-27 03:00:00,204,0,0,False,0.998228,0.0012653327,0.00050665124
94392,2022-11-01 12:00:00,218,1,1,False,0.11634335,0.8834809,0.00017571235
188999,2022-12-10 23:00:00,1,1,1,False,0.001032308,0.99889356,7.415348e-05
106600,2022-11-03 20:00:00,235,2,2,False,0.19009945,0.00060108275,0.8092994
237410,2022-12-15 07:00:00,16,1,1,False,0.0011450981,0.9987614,9.354306e-05
228285,2022-12-26 13:00:00,148,0,0,False,0.987362,0.012336458,0.0003014647
223794,2022-12-19 14:00:00,142,1,1,False,0.0034042043,0.9964044,0.0001914453
100530,2022-11-19 03:00:00,226,2,2,False,0.47418272,0.0006839174,0.5251334
296911,2022-12-01 01:00:00,236,2,2,False,0.0752152,0.0004215594,0.9243633
97529,2022-11-13 06:00:00,222,1,1,False,0.09905235,0.9008087,0.0001389127
88210,2022-11-12 06:00:00,21,1,1,False,0.074252255,0.92558783,0.00015994918
281676,2022-12-28 02:00:00,214,0,0,False,0.9974692,0.0021964065,0.0003344184
330308,2022-12-10 16:00:00,36,2,0,True,0.9501576,0.0010718064,0.04877056
90152,2022-11-03 17:00:00,212,1,1,False,0.30609235,0.6936047,0.0003029006
157410,2022-11-05 17:00:00,58,2,0,True,0.89895535,0.090036474,0.011008197
190189,2022-12-31 10:00:00,10,0,0,False,0.9958236,0.0019825962,0.0021937618
114314,2022-11-27 10:00:00,245,1,1,False,0.0010747579,0.9988555,6.972708e-05
40716,2022-11-29 09:00:00,15,0,0,False,0.9961976,0.003133225,0.00066920486
35162,2022-11-06 10:00:00,143,1,1,False,0.0010246268,0.9989084,6.70276e-05
237561,2022-12-22 12:00:00,16,1,1,False,0.0010934335,0.9988269,7.958786e-05
67485,2022-11-12 16:00:00,184,2,0,True,0.56671256,0.00079931354,0.43248808
275927,2022-12-28 21:00:00,207,1,1,False,0.12731925,0.8724228,0.00025795714
7079,2022-11-28 01:00:00,107,1,1,False,0.064431705,0.9354465,0.00012182952
272450,2022-12-03 06:00:00,203,0,0,False,0.9937484,0.0060297395,0.00022186393
189345,2022-12-26 07:00:00,1,1,1,False,0.0010383338,0.99889356,6.813563e-05
96218,2022-11-18 05:00:00,220,0,0,False,0.9628859,0.00073329895,0.03638083
355121,2022-12-24 01:00:00,67,0,0,False,0.99105775,0.0071413545,0.0018009454
148657,2022-11-28 09:00:00,46,1,1,False,0.1415982,0.85818803,0.00021373329
92006,2022-11-21 11:00:00,214,0,0,False,0.99696594,0.001583674,0.0014503333
58093,2022-11-08 15:00:00,172,1,0,True,0.69846874,0.30084738,0.0006838867
115177,2022-11-03 17:00:00,247,2,2,False,0.45614007,0.0010673398,0.54279256
175745,2022-11-24 23:00:00,82,0,0,False,0.9970831,0.00095727225,0.001959626
284531,2022-12-26 21:00:00,218,1,1,False,0.0011300481,0.99880445,6.552586e-05
341838,2022-12-10 10:00:00,50,2,2,False,0.29395252,0.0005989268,0.70544857
371536,2022-12-16 03:00:00,9,1,1,False,0.054183297,0.9456866,0.00013005894
162790,2022-11-21 10:00:00,64,2,2,False,0.32484594,0.0007272108,0.6744269
353061,2022-12-28 08:00:00,64,0,0,False,0.9768534,0.020766161,0.0023804433
197681,2022-12-12 05:00:00,11,1,1,False,0.0282819,0.9716241,9.395173e-05
172358,2022-11-02 22:00:00,79,2,0,True,0.72814226,0.0021888276,0.2696689
167827,2022-11-22 18:00:00,72,0,0,False,0.98851144,0.0014563957,0.010032115
288856,2022-12-26 20:00:00,224,2,2,False,0.28099605,0.00086587225,0.71813804
221433,2022-12-10 12:00:00,14,2,2,False,0.11557624,0.0004830971,0.8839407
162814,2022-11-22 10:00:00,64,2,2,False,0.1245643,0.0006033149,0.87483245
253624,2022-12-30 21:00:00,18,1,0,True,0.8869982,0.11276441,0.00023737866
125586,2022-11-20 10:00:00,260,1,1,False,0.2747238,0.7250341,0.00024205793
180670,2022-11-21 15:00:00,89,1,1,False,0.0010946337,0.9988236,8.1810074e-05
144527,2022-11-05 04:00:00,41,2,2,False,0.13873088,0.0005513415,0.8607178
188353,2022-11-14 01:00:00,99,1,1,False,0.027603306,0.9722364,0.00016032248
133395,2022-11-18 02:00:00,270,1,1,False,0.024846654,0.97508055,7.287201e-05
10542,2022-11-23 09:00:00,111,0,0,False,0.94763887,0.0013077221,0.05105341
99047,2022-11-16 22:00:00,224,2,2,False,0.2034984,0.00084699085,0.7956546
182036,2022-11-18 23:00:00,90,0,0,False,0.83888,0.0013244065,0.15979561
92019,2022-11-22 00:00:00,214,2,2,False,0.15735014,0.0005814251,0.84206843
9743,2022-11-19 21:00:00,110,0,0,False,0.98811764,0.0013632829,0.010519089
93652,2022-11-30 11:00:00,216,0,0,False,0.9904923,0.009176053,0.00033162607
101123,2022-11-14 01:00:00,227,2,2,False,0.027014608,0.0002498219,0.9727356
105684,2022-11-25 08:00:00,233,2,2,False,0.049129568,0.0003071998,0.9505632
321794,2022-12-16 10:00:00,269,2,2,False,0.12577786,0.00056804955,0.87365407
363694,2022-12-20 18:00:00,8,0,0,False,0.9823788,0.016942164,0.00067911146
88191,2022-11-11 11:00:00,21,0,0,False,0.9938339,0.0017765317,0.0043895296
158407,2022-11-17 13:00:00,59,0,0,False,0.99243987,0.0038372942,0.0037228314
50662,2022-11-26 17:00:00,162,0,0,False,0.99554527,0.004171004,0.0002837229
329887,2022-12-24 02:00:00,35,1,1,False,0.0038253644,0.9960467,0.00012790895
226815,2022-12-25 09:00:00,146,1,1,False,0.23543094,0.7642215,0.0003475818
219681,2022-12-28 13:00:00,137,0,0,False,0.9977094,0.002014824,0.00027571633
85711,2022-11-27 07:00:00,206,1,1,False,0.17350477,0.82626307,0.00023213221
206837,2022-12-03 04:00:00,121,0,0,False,0.9974088,0.0024019354,0.00018928159
69451,2022-11-05 03:00:00,187,2,2,False,0.13496701,0.000588966,0.864444
56450,2022-11-29 13:00:00,17,1,1,False,0.20954685,0.7902265,0.00022663471
79999,2022-11-27 15:00:00,2,1,1,False,0.0034298855,0.9964503,0.00011984185
104601,2022-11-10 00:00:00,232,2,2,False,0.12226663,0.00048945576,0.8772439
61499,2022-11-01 09:00:00,177,2,2,False,0.21341181,0.000624737,0.7859634
212148,2022-12-14 04:00:00,128,1,0,True,0.96037394,0.039498914,0.00012720373
292924,2022-12-15 04:00:00,230,2,2,False,0.022568872,0.00021614769,0.977215
352450,2022-12-01 23:00:00,64,0,0,False,0.93175715,0.06762309,0.0006197746
335375,2022-12-11 12:00:00,42,2,0,True,0.9187857,0.00067729334,0.080537
29720,2022-11-18 02:00:00,136,2,0,True,0.73953336,0.0010309938,0.25943565
337814,2022-12-23 22:00:00,45,2,2,False,0.18087573,0.00074520544,0.81837904
72744,2022-11-23 06:00:00,190,0,0,False,0.99739134,0.0018676198,0.00074100634
228375,2022-12-30 07:00:00,148,0,0,False,0.9752842,0.024429552,0.00028623344
286952,2022-12-06 16:00:00,222,0,0,False,0.9966941,0.0026351444,0.00067077123
241513,2022-12-06 00:00:00,165,1,1,False,0.13012248,0.8694229,0.0004546405
117717,2022-11-20 06:00:00,25,1,1,False,0.20756496,0.79220134,0.00023370472
366390,2022-12-12 00:00:00,83,2,2,False,0.046926558,0.0003088079,0.9527647
324050,2022-12-21 05:00:00,28,1,1,False,0.0037306128,0.9960491,0.00022030892
206925,2022-12-06 20:00:00,121,0,0,False,0.99144405,0.008239619,0.0003163345
131002,2022-11-07 16:00:00,268,0,0,False,0.99741614,0.0014490654,0.0011347241
105825,2022-11-01 05:00:00,234,0,0,False,0.99812216,0.00065892335,0.001218921
79993,2022-11-27 09:00:00,2,1,1,False,0.006551707,0.99329185,0.00015646819
62496,2022-11-13 08:00:00,178,2,2,False,0.43297902,0.0007626262,0.5662584
154802,2022-11-16 07:00:00,54,1,0,True,0.90272015,0.09700055,0.0002792998
349536,2022-12-31 16:00:00,6,1,0,True,0.76638716,0.23336656,0.00024624576
177229,2022-11-27 05:00:00,84,0,0,False,0.98977286,0.010002125,0.00022496453
11774,2022-11-15 03:00:00,113,1,1,False,0.07901039,0.9207795,0.00021010202
118501,2022-11-23 03:00:00,250,1,1,False,0.0010399959,0.9988852,7.485058e-05
47911,2022-11-01 06:00:00,16,1,1,False,0.0011213688,0.99880874,6.988605e-05
293048,2022-12-21 06:00:00,230,2,2,False,0.26300788,0.0006928867,0.7362993
446,2022-11-19 19:00:00,1,0,0,False,0.9922988,0.0074941544,0.00020702375
187425,2022-11-05 02:00:00,98,1,1,False,0.04331603,0.9565769,0.000107104745
337810,2022-12-23 18:00:00,45,0,0,False,0.8160464,0.0017279863,0.18222554
34740,2022-11-18 17:00:00,142,1,1,False,0.00107671,0.9988562,6.7145e-05
164228,2022-11-21 18:00:00,66,1,1,False,0.10939087,0.89030004,0.0003090656
330671,2022-12-26 17:00:00,36,2,0,True,0.9408998,0.0018225784,0.05727761
269890,2022-12-16 18:00:00,20,1,1,False,0.0010596064,0.9988759,6.4441054e-05
370821,2022-12-16 09:00:00,89,1,1,False,0.001074853,0.99885523,6.989458e-05
166025,2022-11-07 04:00:00,7,1,1,False,0.029676277,0.9702377,8.60234e-05
235530,2022-12-28 00:00:00,157,2,2,False,0.14805368,0.00071953924,0.8512268
157197,2022-11-26 17:00:00,57,2,0,True,0.66120887,0.0017209204,0.33707026
228987,2022-12-25 18:00:00,149,0,0,False,0.97138864,0.028392514,0.00021890139
102050,2022-11-22 21:00:00,228,0,0,False,0.997322,0.0006420984,0.0020359526
196978,2022-12-12 23:00:00,109,1,1,False,0.15048647,0.8493019,0.00021164244
185839,2022-11-28 11:00:00,95,2,2,False,0.16776031,0.00066449883,0.8315752
28074,2022-11-09 02:00:00,134,2,0,True,0.6408986,0.001299714,0.35780174
11923,2022-11-21 08:00:00,113,2,0,True,0.9858992,0.011106835,0.0029940063
335125,2022-12-01 02:00:00,42,2,2,False,0.07724632,0.00046462123,0.922289
226191,2022-12-29 10:00:00,145,0,0,False,0.99580306,0.0026444746,0.0015524953
237599,2022-12-24 02:00:00,16,1,1,False,0.0010862838,0.9988386,7.518303e-05
144013,2022-11-13 15:00:00,40,2,2,False,0.20656909,0.00064393185,0.79278696
29161,2022-11-24 14:00:00,135,0,0,False,0.99368423,0.004227632,0.0020880902
198669,2022-12-24 06:00:00,110,1,1,False,0.14013499,0.8596553,0.00020961356
70047,2022-11-30 01:00:00,187,2,2,False,0.108595476,0.00047533712,0.8909292
269662,2022-12-07 06:00:00,20,1,1,False,0.0010377752,0.99888915,7.31037e-05
160888,2022-11-01 13:00:00,62,2,0,True,0.95198,0.0049016816,0.043118346
328353,2022-12-20 04:00:00,33,1,1,False,0.027749715,0.9721629,8.7379536e-05
51532,2022-11-03 07:00:00,164,1,1,False,0.1843641,0.81524235,0.0003935421
271061,2022-12-05 11:00:00,201,1,1,False,0.2644407,0.73532337,0.00023593486
184408,2022-11-28 10:00:00,93,2,2,False,0.1282815,0.0005246165,0.8711938
217525,2022-12-28 20:00:00,134,2,0,True,0.71183395,0.00080106064,0.28736502
47321,2022-11-06 14:00:00,159,0,0,False,0.9979721,0.0010482192,0.0009797041
105230,2022-11-06 08:00:00,233,2,2,False,0.22409686,0.0005522941,0.7753508
366530,2022-12-18 05:00:00,83,2,2,False,0.05198972,0.00040285735,0.9476074
237419,2022-12-15 16:00:00,16,1,1,False,0.0010974103,0.9988305,7.210481e-05
83948,2022-11-13 10:00:00,204,1,0,True,0.7589669,0.24066614,0.00036696898
291409,2022-12-12 03:00:00,228,2,2,False,0.02226036,0.0002108743,0.97752875
73312,2022-11-17 03:00:00,191,1,1,False,0.0010772434,0.9988469,7.589635e-05
11948,2022-11-22 09:00:00,113,2,2,False,0.23802727,0.000990166,0.7609826
223793,2022-12-19 13:00:00,142,1,1,False,0.003374706,0.9964341,0.0001912481
340145,2022-12-30 22:00:00,48,2,2,False,0.14538364,0.00063039,0.853986
224474,2022-12-17 10:00:00,143,1,1,False,0.0047310917,0.99502015,0.00024874258
7815,2022-11-28 22:00:00,108,1,1,False,0.052634012,0.9470516,0.00031436043
51875,2022-11-17 16:00:00,164,0,0,False,0.9774833,0.016889766,0.005626983
300781,2022-12-12 02:00:00,241,2,2,False,0.0657615,0.0003489542,0.93388957
254484,2022-12-05 17:00:00,181,2,2,False,0.12511913,0.00050790404,0.87437296
351599,2022-12-27 12:00:00,62,2,2,False,0.49100882,0.0006645831,0.5083266
171191,2022-11-13 23:00:00,77,2,2,False,0.11611017,0.00055817753,0.8833316
160511,2022-11-15 20:00:00,61,0,0,False,0.95830774,0.041457504,0.00023473222
258798,2022-12-05 05:00:00,187,2,0,True,0.55376804,0.0007531815,0.44547877
55480,2022-11-18 22:00:00,169,2,2,False,0.20116012,0.00087791757,0.79796195
358479,2022-12-12 20:00:00,73,0,0,False,0.99789125,0.0015489587,0.00055986334
332319,2022-12-04 08:00:00,39,2,2,False,0.19794004,0.0005704086,0.8014896
177073,2022-11-20 17:00:00,84,0,0,False,0.99126583,0.007107516,0.0016266821
103125,2022-11-08 00:00:00,230,2,2,False,0.07955266,0.00045033297,0.919997
114369,2022-11-29 17:00:00,245,1,1,False,0.0010368825,0.9988949,6.831804e-05
324125,2022-12-24 08:00:00,28,1,1,False,0.0010359943,0.9988953,6.87105e-05
148596,2022-11-25 20:00:00,46,2,2,False,0.39890233,0.0007996031,0.6002981
183110,2022-11-04 01:00:00,92,1,1,False,0.0010322584,0.9988961,7.163243e-05
106796,2022-11-12 02:00:00,235,2,2,False,0.043047722,0.0003468901,0.9566053
112096,2022-11-24 09:00:00,242,0,0,False,0.9175282,0.08210375,0.00036810173
271416,2022-12-21 04:00:00,201,0,0,False,0.9969649,0.0028511863,0.00018395032
114997,2022-11-26 02:00:00,246,1,0,True,0.882716,0.11699427,0.00028978713
148195,2022-11-09 03:00:00,46,2,0,True,0.5161995,0.00085112866,0.48294935
6397,2022-11-29 10:00:00,106,1,1,False,0.0011398436,0.9987955,6.4572254e-05
324306,2022-12-31 21:00:00,28,1,1,False,0.0010326968,0.99890685,6.047586e-05
153966,2022-11-11 06:00:00,53,2,2,False,0.30476832,0.00061242055,0.6946193
55494,2022-11-19 12:00:00,169,1,0,True,0.6228114,0.37665254,0.0005361003
131555,2022-11-30 19:00:00,268,0,0,False,0.80783725,0.19180942,0.00035328194
376128,2022-12-28 03:00:00,95,0,0,False,0.9970638,0.0027936755,0.00014256286
190159,2022-12-30 04:00:00,10,1,1,False,0.089877464,0.90992,0.00020248364
263308,2022-12-12 21:00:00,192,1,0,True,0.69969934,0.30003896,0.00026171622
175483,2022-11-14 01:00:00,82,2,0,True,0.97382313,0.00056093116,0.025615893
34760,2022-11-19 13:00:00,142,1,1,False,0.0011149726,0.9988172,6.783407e-05
103507,2022-11-24 00:00:00,230,2,2,False,0.104371786,0.00052322686,0.895105
171318,2022-11-19 06:00:00,77,2,2,False,0.3652268,0.00087468687,0.6338985
54374,2022-11-02 10:00:00,168,1,0,True,0.91241425,0.08712558,0.00046019227
295653,2022-12-08 17:00:00,234,0,0,False,0.99783903,0.0014630309,0.000697979
145774,2022-11-27 10:00:00,42,2,0,True,0.90587634,0.0007573656,0.09336624
56368,2022-11-26 03:00:00,17,0,0,False,0.8073676,0.1921086,0.0005237253
51252,2022-11-21 12:00:00,163,1,1,False,0.3442492,0.655489,0.00026179492
370488,2022-12-02 12:00:00,89,1,1,False,0.0010749571,0.9988586,6.6525754e-05
61816,2022-11-14 19:00:00,177,0,0,False,0.9936904,0.0021281703,0.0041815042
254648,2022-12-12 13:00:00,181,0,0,False,0.996608,0.0021553005,0.0012367357
139822,2022-11-17 18:00:00,35,0,0,False,0.99292797,0.0016016167,0.0054704365
319267,2022-12-01 06:00:00,266,1,1,False,0.18255879,0.8172171,0.00022407416
171547,2022-11-28 19:00:00,77,2,0,True,0.5905836,0.0010996718,0.4083167
55353,2022-11-13 15:00:00,169,1,1,False,0.2209626,0.7785804,0.00045697868
66248,2022-11-20 17:00:00,182,0,0,False,0.8244657,0.0007026803,0.17483161
7432,2022-11-12 23:00:00,108,1,1,False,0.118811235,0.88100415,0.00018463335
325077,2022-12-03 00:00:00,3,0,0,False,0.9524271,0.047263086,0.0003098195
63450,2022-11-23 07:00:00,179,0,0,False,0.9282965,0.07032027,0.0013831721
209922,2022-12-11 13:00:00,125,2,2,False,0.19053817,0.00048566321,0.8089762
26645,2022-11-09 03:00:00,132,2,2,False,0.07031571,0.00044848098,0.92923576
111837,2022-11-13 14:00:00,242,2,0,True,0.87461954,0.00076972565,0.12461071
254805,2022-12-19 22:00:00,181,2,2,False,0.1997829,0.00061579567,0.7996013
23859,2022-11-12 05:00:00,129,2,0,True,0.9793944,0.00043436844,0.0201712
338368,2022-12-16 01:00:00,46,2,2,False,0.07936353,0.00054993574,0.9200865
250593,2022-12-24 18:00:00,176,2,0,True,0.93104506,0.00069643557,0.06825854
149082,2022-11-16 07:00:00,47,1,0,True,0.6572581,0.3423012,0.00044070932
378666,2022-12-12 19:00:00,99,0,0,False,0.99164045,0.0066684945,0.0016909821
199571,2022-12-31 19:00:00,111,1,1,False,0.0045664976,0.99527884,0.00015467175
178417,2022-11-17 03:00:00,86,0,0,False,0.79348445,0.2061677,0.00034785492
193264,2022-12-08 10:00:00,104,1,1,False,0.14136918,0.8584184,0.0002124547
76678,2022-11-08 08:00:00,196,0,0,False,0.95997775,0.039559014,0.00046329515
21820,2022-11-16 15:00:00,126,2,2,False,0.10297033,0.00042399106,0.89660573
107893,2022-11-28 00:00:00,236,0,0,False,0.9973187,0.0013507045,0.0013306664
165534,2022-11-16 14:00:00,69,2,2,False,0.34304157,0.0026054662,0.65435296
197192,2022-12-22 19:00:00,109,0,0,False,0.8206113,0.17910697,0.00028172004
114253,2022-11-24 21:00:00,245,1,1,False,0.0009948309,0.99894327,6.187784e-05
142405,2022-11-06 03:00:00,39,0,0,False,0.9618102,0.0005585724,0.03763131
290231,2022-12-24 01:00:00,226,0,0,False,0.99784553,0.001969155,0.00018528098
353030,2022-12-27 01:00:00,64,0,0,False,0.99043465,0.009295331,0.00027001483
315675,2022-12-01 19:00:00,261,0,0,False,0.99593216,0.0020541484,0.0020136999
247258,2022-12-05 01:00:00,172,0,0,False,0.998755,0.0007288621,0.0005162101
61623,2022-11-06 16:00:00,177,0,0,False,0.99133074,0.0014783129,0.007190931
101128,2022-11-14 06:00:00,227,2,2,False,0.044723656,0.00032919212,0.9549471
282557,2022-12-03 19:00:00,216,0,0,False,0.9980338,0.0017254782,0.00024075918
113723,2022-11-02 14:00:00,245,1,1,False,0.0010971278,0.9988354,6.751693e-05
314394,2022-12-08 12:00:00,26,0,0,False,0.99313205,0.0015813548,0.0052865855
122672,2022-11-18 04:00:00,257,0,0,False,0.9953139,0.004454198,0.00023188994
103060,2022-11-05 07:00:00,230,2,2,False,0.1034208,0.0004953652,0.89608383
80000,2022-11-27 16:00:00,2,1,1,False,0.0032360302,0.9966487,0.000115273506
359603,2022-12-30 13:00:00,74,0,0,False,0.98323673,0.0007980525,0.01596523
114168,2022-11-21 08:00:00,245,1,1,False,0.001048938,0.99888164,6.937008e-05
324847,2022-12-24 09:00:00,29,1,1,False,0.0010561824,0.9988741,6.9722206e-05
285345,2022-12-30 18:00:00,219,2,2,False,0.28419912,0.00067996595,0.7151209
188957,2022-12-09 05:00:00,1,1,1,False,0.001058376,0.99887556,6.60564e-05
253673,2022-12-01 23:00:00,180,0,0,False,0.9821054,0.017392311,0.0005023116
329688,2022-12-14 21:00:00,35,0,0,False,0.99729615,0.0024537786,0.00025005924
52209,2022-11-01 14:00:00,165,0,0,False,0.9832398,0.013851728,0.0029084047
187810,2022-11-21 05:00:00,98,1,1,False,0.071800895,0.92805743,0.00014163686
338388,2022-12-16 21:00:00,46,2,2,False,0.106020644,0.00049519277,0.8934841
252284,2022-12-04 04:00:00,179,2,2,False,0.3905981,0.00092850457,0.6084734
283135,2022-12-28 19:00:00,216,0,0,False,0.98530096,0.014415478,0.00028360717
68954,2022-11-14 07:00:00,186,0,0,False,0.8395185,0.0007701404,0.15971139
69013,2022-11-16 18:00:00,186,0,0,False,0.9291103,0.07046685,0.00042288523
34580,2022-11-12 01:00:00,142,1,1,False,0.0010703721,0.99886143,6.8254085e-05
189785,2022-12-13 16:00:00,10,1,1,False,0.10241896,0.8974238,0.00015721208
52775,2022-11-25 09:00:00,165,2,0,True,0.7271811,0.005875078,0.2669439
268027,2022-12-30 04:00:00,198,1,1,False,0.02581583,0.9739119,0.00027222285
297949,2022-12-14 06:00:00,237,2,2,False,0.19036832,0.00055139046,0.80908024
150915,2022-11-03 05:00:00,5,0,0,False,0.96722156,0.032627247,0.00015122711
283993,2022-12-03 13:00:00,218,1,1,False,0.0038034553,0.9960736,0.00012295127
372981,2022-12-16 06:00:00,91,1,1,False,0.24791156,0.7514769,0.0006115392
61800,2022-11-14 03:00:00,177,2,2,False,0.06765274,0.00037926502,0.9319679
328906,2022-12-12 08:00:00,34,1,1,False,0.08061496,0.9191578,0.00022726167
365715,2022-12-13 22:00:00,82,2,2,False,0.4726308,0.0007506318,0.5266186
292948,2022-12-16 04:00:00,230,0,0,False,0.97495335,0.0005157694,0.02453082
302319,2022-12-16 02:00:00,243,2,2,False,0.08801778,0.0005285089,0.9114537
111880,2022-11-15 09:00:00,242,0,0,False,0.9906735,0.0044726282,0.004853895
129255,2022-11-24 08:00:00,265,0,0,False,0.93781364,0.061748438,0.00043793579
257460,2022-12-09 13:00:00,185,2,0,True,0.63983244,0.0007629729,0.35940462
242024,2022-12-28 05:00:00,165,1,1,False,0.06270063,0.9367211,0.00057827274
1465,2022-11-02 11:00:00,100,2,2,False,0.10583413,0.0005507834,0.8936151
158739,2022-11-01 09:00:00,6,1,1,False,0.18410131,0.8156446,0.00025407458
35384,2022-11-15 18:00:00,143,1,1,False,0.0010258122,0.99890506,6.916098e-05
144559,2022-11-06 12:00:00,41,2,0,True,0.92899156,0.00068682793,0.070321634
52441,2022-11-11 11:00:00,165,2,0,True,0.95109034,0.0069751274,0.041934583
51822,2022-11-15 11:00:00,164,0,0,False,0.97175103,0.027699862,0.0005490626
51399,2022-11-27 15:00:00,163,1,1,False,0.22563984,0.77403975,0.00032043486
166608,2022-11-01 13:00:00,71,1,0,True,0.6986039,0.30101895,0.000377118
249311,2022-12-31 10:00:00,174,0,0,False,0.99163634,0.008060562,0.00030312425
132470,2022-11-09 08:00:00,27,0,0,False,0.9148981,0.08480695,0.00029499378
100532,2022-11-19 05:00:00,226,2,2,False,0.06560351,0.00035120265,0.93404526
210819,2022-12-19 17:00:00,126,0,0,False,0.99242425,0.0059231203,0.001652637
169771,2022-11-14 09:00:00,75,0,0,False,0.9412803,0.05836641,0.00035331704
146998,2022-11-18 20:00:00,44,2,0,True,0.9212415,0.001485537,0.07727288
69921,2022-11-24 19:00:00,187,0,0,False,0.98952556,0.009440358,0.0010340447
155081,2022-11-27 22:00:00,54,0,0,False,0.99312335,0.006293368,0.0005833036
116222,2022-11-17 13:00:00,248,0,0,False,0.98809004,0.011462367,0.00044754465
118597,2022-11-27 03:00:00,250,1,1,False,0.07135577,0.92849666,0.0001475798
111753,2022-11-10 02:00:00,242,0,0,False,0.9964972,0.0027380893,0.00076467503
203949,2022-12-03 00:00:00,118,0,0,False,0.9951342,0.0012071241,0.0036587194
58247,2022-11-15 01:00:00,172,0,0,False,0.97593963,0.023952087,0.000108288754
170643,2022-11-20 22:00:00,76,0,0,False,0.97511065,0.024374394,0.0005148923
133617,2022-11-27 08:00:00,270,0,0,False,0.95762914,0.042086907,0.00028392774
237682,2022-12-27 13:00:00,16,1,1,False,0.0011803494,0.99874806,7.152148e-05
9915,2022-11-27 01:00:00,110,1,0,True,0.7076783,0.29203194,0.0002897413
210394,2022-12-01 04:00:00,126,0,0,False,0.99771947,0.0016700985,0.0006103734
202138,2022-12-18 01:00:00,115,1,0,True,0.8450708,0.15461919,0.000310001
67054,2022-11-24 12:00:00,183,1,0,True,0.75072795,0.24879695,0.00047505007
41834,2022-11-16 09:00:00,151,2,2,False,0.3641584,0.0011723161,0.6346693
145952,2022-11-04 23:00:00,43,2,0,True,0.86136806,0.0019090037,0.13672286
172019,2022-11-18 16:00:00,78,2,0,True,0.92006004,0.0013197048,0.0786202
26130,2022-11-17 11:00:00,131,0,0,False,0.5755534,0.42415348,0.00029310628
133691,2022-11-30 10:00:00,270,0,0,False,0.99472684,0.0030408723,0.0022322487
363987,2022-12-02 00:00:00,80,2,2,False,0.13649836,0.0005619378,0.8629398
168431,2022-11-18 03:00:00,73,0,0,False,0.9178171,0.08202123,0.00016159735
365810,2022-12-18 06:00:00,82,2,2,False,0.2058543,0.00063193304,0.7935138
297394,2022-12-22 02:00:00,236,2,2,False,0.068112694,0.00041905913,0.9314682
276723,2022-12-01 01:00:00,209,1,0,True,0.8850532,0.11472407,0.00022264922
17767,2022-11-26 12:00:00,120,0,0,False,0.87226254,0.1275387,0.00019880423
37401,2022-11-10 10:00:00,146,2,2,False,0.14294495,0.00068267976,0.85637236
68634,2022-11-30 18:00:00,185,0,0,False,0.9954424,0.0016590056,0.0028986102
343686,2022-12-28 06:00:00,52,0,0,False,0.9782883,0.021525888,0.00018575184
153127,2022-11-06 00:00:00,52,0,0,False,0.94679594,0.052095234,0.00110886
347707,2022-12-14 15:00:00,58,0,0,False,0.99494356,0.0030580712,0.0019983372
9470,2022-11-08 10:00:00,110,2,2,False,0.13551192,0.00060129625,0.8638867
165464,2022-11-13 16:00:00,69,0,0,False,0.689501,0.30982324,0.00067584595
367431,2022-12-26 06:00:00,84,0,0,False,0.996469,0.0008243287,0.0027066062
353041,2022-12-27 12:00:00,64,2,0,True,0.8178654,0.001176255,0.18095839
373689,2022-12-15 17:00:00,92,1,0,True,0.9778571,0.021919435,0.00022346215
367662,2022-12-04 22:00:00,85,0,0,False,0.9733599,0.000391081,0.026249016
38928,2022-11-14 11:00:00,148,1,1,False,0.35855916,0.6411781,0.0002627347
63426,2022-11-22 07:00:00,179,0,0,False,0.92123973,0.07568132,0.0030789787
371157,2022-12-31 07:00:00,89,1,1,False,0.001073768,0.9988581,6.815629e-05
333322,2022-12-16 02:00:00,4,0,0,False,0.9949832,0.004493433,0.0005233696
376958,2022-12-01 17:00:00,97,1,1,False,0.21594429,0.78376716,0.00028858005
111749,2022-11-09 22:00:00,242,2,2,False,0.101769395,0.00054690393,0.8976837
53064,2022-11-07 13:00:00,166,0,0,False,0.89403766,0.0010626669,0.10489967
180880,2022-11-30 09:00:00,89,1,1,False,0.0010728829,0.9988507,7.6448945e-05
347330,2022-12-29 21:00:00,57,2,2,False,0.28068107,0.00091768225,0.7184013
153303,2022-11-13 10:00:00,52,0,0,False,0.99615306,0.002821256,0.0010256681
120161,2022-11-02 20:00:00,253,2,0,True,0.70897245,0.0010566318,0.2899709
204979,2022-12-15 21:00:00,119,0,0,False,0.8727825,0.12704444,0.0001730603
135003,2022-11-25 12:00:00,29,1,1,False,0.0037217473,0.99615663,0.00012164527
21993,2022-11-23 20:00:00,126,0,0,False,0.79632896,0.20333198,0.00033910692
329619,2022-12-12 00:00:00,35,1,1,False,0.006780468,0.9931513,6.824162e-05
189460,2022-12-31 02:00:00,1,1,1,False,0.003969969,0.9958805,0.00014952458
272411,2022-12-01 15:00:00,203,1,1,False,0.13453658,0.86531335,0.0001501072
111849,2022-11-14 02:00:00,242,2,2,False,0.07634439,0.00041850912,0.9232371
17432,2022-11-12 13:00:00,120,0,0,False,0.94949794,0.05018654,0.0003155403
320184,2022-12-09 10:00:00,267,1,0,True,0.9819901,0.017813528,0.00019643105
174274,2022-11-23 06:00:00,80,0,0,False,0.9959676,0.001078766,0.002953622
275183,2022-12-27 22:00:00,206,1,1,False,0.2311547,0.768629,0.00021630763
237074,2022-12-01 07:00:00,16,1,1,False,0.0011447269,0.9987758,7.951574e-05
105705,2022-11-26 05:00:00,233,2,2,False,0.026613384,0.000260751,0.9731259
52350,2022-11-07 14:00:00,165,2,0,True,0.81150204,0.005447016,0.18305095
261165,2022-12-13 17:00:00,19,1,1,False,0.07168745,0.92813575,0.00017675836
180478,2022-11-13 15:00:00,89,1,1,False,0.0011169364,0.9988146,6.8546964e-05
64260,2022-11-27 06:00:00,18,0,0,False,0.98651636,0.013283107,0.0002005083
242512,2022-12-17 23:00:00,166,0,0,False,0.996398,0.0027635242,0.0008384724
204852,2022-12-10 14:00:00,119,0,0,False,0.9799789,0.019854767,0.00016626816
80202,2022-11-06 05:00:00,20,1,1,False,0.0010304078,0.9989033,6.624889e-05
111075,2022-11-11 15:00:00,241,0,0,False,0.98996234,0.0033356103,0.0067021064
289754,2022-12-03 06:00:00,226,2,2,False,0.058567837,0.0003646994,0.9410675
239212,2022-12-31 05:00:00,161,1,1,False,0.042035185,0.9578735,9.134262e-05
257270,2022-12-01 15:00:00,185,0,0,False,0.99332726,0.0050197495,0.0016529391
335200,2022-12-04 05:00:00,42,0,0,False,0.9954555,0.00097350776,0.0035710062
65537,2022-11-20 21:00:00,181,2,2,False,0.3654086,0.00069130503,0.6339001
368644,2022-12-15 19:00:00,86,0,0,False,0.839133,0.0010299403,0.15983704
122927,2022-11-28 19:00:00,257,0,0,False,0.9939389,0.005886613,0.00017445898
109276,2022-11-26 01:00:00,238,0,0,False,0.99866974,0.0006395394,0.0006907901
192522,2022-12-07 13:00:00,103,0,0,False,0.9942287,0.0010204307,0.0047508525
294079,2022-12-03 05:00:00,232,2,2,False,0.05892919,0.00038967546,0.94068116
340789,2022-12-27 17:00:00,49,2,0,True,0.8919014,0.0031846168,0.10491399
29618,2022-11-13 20:00:00,136,2,0,True,0.8729761,0.0007937118,0.12623022
352106,2022-12-18 01:00:00,63,0,0,False,0.87644213,0.12315274,0.0004051796
348216,2022-12-05 19:00:00,59,0,0,False,0.7140332,0.2857184,0.00024839654
78101,2022-11-08 01:00:00,198,1,1,False,0.035725616,0.9641728,0.00010163581
8233,2022-11-16 13:00:00,109,2,2,False,0.27391553,0.00068472215,0.7253998
83195,2022-11-11 20:00:00,203,1,1,False,0.26741806,0.7323826,0.00019935922
183671,2022-11-27 12:00:00,92,2,0,True,0.91354215,0.0007236154,0.085734226
238770,2022-12-11 21:00:00,161,0,0,False,0.9959086,0.0035640765,0.0005272668
185912,2022-11-01 12:00:00,96,1,1,False,0.0010827637,0.99885046,6.672072e-05
162506,2022-11-09 14:00:00,64,2,0,True,0.5635268,0.000747655,0.43572548
284658,2022-12-01 05:00:00,219,0,0,False,0.99361366,0.00042412474,0.0059622074
239025,2022-12-23 10:00:00,161,0,0,False,0.89101344,0.108724914,0.0002616784
314213,2022-12-31 22:00:00,259,0,0,False,0.6355227,0.36420402,0.00027323794
322414,2022-12-12 05:00:00,27,1,1,False,0.01953982,0.98035437,0.000105826824
369403,2022-12-17 18:00:00,87,0,0,False,0.99516726,0.0029749202,0.0018578195
167626,2022-11-14 09:00:00,72,2,2,False,0.2576741,0.0006154114,0.74171054
29321,2022-11-01 06:00:00,136,2,2,False,0.10125252,0.0006876099,0.89805984
146379,2022-11-22 20:00:00,43,2,0,True,0.75119525,0.00074760074,0.24805714
90830,2022-11-02 01:00:00,213,0,0,False,0.996366,0.0031144635,0.0005194635
20756,2022-11-01 21:00:00,125,1,1,False,0.07978062,0.9200146,0.00020478
162519,2022-11-10 03:00:00,64,0,0,False,0.94312316,0.05656753,0.000309365
138863,2022-11-07 12:00:00,34,1,0,True,0.6352274,0.36452755,0.00024501653
348681,2022-12-26 02:00:00,59,0,0,False,0.9963169,0.0006942053,0.0029888381
123943,2022-11-11 13:00:00,259,0,0,False,0.9332162,0.06629908,0.00048467208
330691,2022-12-27 13:00:00,36,2,0,True,0.7047106,0.00094990875,0.2943395
258749,2022-12-03 04:00:00,187,0,0,False,0.8253866,0.0008354306,0.173778
82071,2022-11-24 14:00:00,201,1,0,True,0.55255365,0.4470442,0.00040216118
302219,2022-12-11 22:00:00,243,2,2,False,0.054702915,0.00029007116,0.945007
345035,2022-12-24 09:00:00,54,0,0,False,0.99597317,0.0035149094,0.00051195914
161711,2022-11-06 04:00:00,63,1,1,False,0.31394854,0.6856754,0.0003760865
97162,2022-11-27 18:00:00,221,2,2,False,0.13220212,0.00048256287,0.86731535
102008,2022-11-21 03:00:00,228,2,2,False,0.07678586,0.0003940665,0.9228201
281213,2022-12-07 21:00:00,214,0,0,False,0.9894908,0.009939548,0.0005697202
96053,2022-11-11 08:00:00,220,1,0,True,0.90635234,0.089199305,0.004448398
47073,2022-11-26 03:00:00,158,1,1,False,0.4892421,0.51035213,0.00040573077
112208,2022-11-29 01:00:00,242,2,2,False,0.028618943,0.00024079358,0.9711403
184122,2022-11-16 12:00:00,93,2,2,False,0.1655529,0.0006421313,0.833805
100436,2022-11-15 05:00:00,226,2,2,False,0.049595714,0.00035198964,0.95005226
29721,2022-11-18 03:00:00,136,2,2,False,0.20132221,0.0006683894,0.7980094
81811,2022-11-13 18:00:00,201,2,2,False,0.4510573,0.00079138763,0.5481513
52448,2022-11-11 18:00:00,165,1,1,False,0.27099544,0.72830796,0.0006966115
52728,2022-11-23 10:00:00,165,2,2,False,0.14253943,0.0015240443,0.85593647
150387,2022-11-11 02:00:00,49,2,0,True,0.87375,0.0009044389,0.12534559
158420,2022-11-18 02:00:00,59,0,0,False,0.9875438,0.01164077,0.0008153889
323820,2022-12-10 17:00:00,28,1,1,False,0.0010312527,0.9989008,6.790584e-05
51081,2022-11-14 09:00:00,163,1,1,False,0.13628924,0.8633655,0.00034533328
354541,2022-12-29 22:00:00,66,0,0,False,0.95619357,0.043401852,0.00040449726
141482,2022-11-27 08:00:00,37,1,1,False,0.0011134889,0.9988103,7.621582e-05
174559,2022-11-05 06:00:00,81,2,2,False,0.10791767,0.0005862304,0.89149606
174999,2022-11-23 16:00:00,81,1,0,True,0.762745,0.23686111,0.00039388085
2097,2022-11-29 00:00:00,100,0,0,False,0.7989662,0.20074424,0.0002894489
94955,2022-11-25 04:00:00,218,1,1,False,0.003781744,0.9960795,0.00013873192
32983,2022-11-05 00:00:00,140,0,0,False,0.99030554,0.009291325,0.000403078
186341,2022-11-19 14:00:00,96,1,0,True,0.60518277,0.39458698,0.00023022495
57986,2022-11-04 02:00:00,172,0,0,False,0.984176,0.00065179245,0.015172229
221500,2022-12-13 07:00:00,14,0,0,False,0.96973175,0.029984893,0.0002833632
145233,2022-11-04 19:00:00,42,2,0,True,0.924419,0.002727568,0.07285344
140918,2022-11-03 18:00:00,37,1,0,True,0.53778476,0.46177784,0.00043737228
40767,2022-11-01 12:00:00,150,0,0,False,0.9960193,0.003484908,0.0004957564
329618,2022-12-11 23:00:00,35,1,1,False,0.0011147225,0.998814,7.1264265e-05
96600,2022-11-04 06:00:00,221,0,0,False,0.99245185,0.0005265232,0.0070215752
234592,2022-12-18 10:00:00,156,1,1,False,0.0010961952,0.9988318,7.1974304e-05
297945,2022-12-14 02:00:00,237,2,2,False,0.062446006,0.00037245578,0.93718153
68875,2022-11-11 00:00:00,186,2,0,True,0.853612,0.0010500888,0.14533791
183869,2022-11-05 21:00:00,93,0,0,False,0.9955016,0.0033550854,0.0011433254
176430,2022-11-23 17:00:00,83,0,0,False,0.90102255,0.098347396,0.00063003413
57538,2022-11-15 07:00:00,171,1,0,True,0.95519286,0.044355106,0.0004520384
185432,2022-11-11 12:00:00,95,2,2,False,0.27410835,0.00072925346,0.72516245
303148,2022-12-21 12:00:00,244,0,0,False,0.7304394,0.26928303,0.000277591
180205,2022-11-02 01:00:00,89,1,1,False,0.001074927,0.99885154,7.355929e-05
338079,2022-12-04 00:00:00,46,0,0,False,0.9880006,0.011349373,0.0006500168
269559,2022-12-02 23:00:00,20,1,1,False,0.001014735,0.99892634,5.8927264e-05
20806,2022-11-04 02:00:00,125,2,2,False,0.03650803,0.0002794352,0.9632125
134264,2022-11-24 12:00:00,28,1,1,False,0.20818993,0.79161185,0.00019816271
200733,2022-12-20 01:00:00,113,1,1,False,0.08636296,0.91345847,0.00017855606
176851,2022-11-11 11:00:00,84,2,0,True,0.62617975,0.00094456354,0.37287572
284470,2022-12-24 08:00:00,218,1,1,False,0.0011073763,0.9988225,7.004576e-05
347381,2022-12-01 01:00:00,58,1,1,False,0.21686769,0.782797,0.00033536754
95919,2022-11-05 16:00:00,220,1,0,True,0.96256536,0.036312062,0.0011225258
43936,2022-11-14 14:00:00,154,0,0,False,0.9893435,0.00858345,0.0020730163
137280,2022-11-01 00:00:00,32,1,1,False,0.059407845,0.94048965,0.00010252071
273738,2022-12-27 19:00:00,204,1,0,True,0.94735587,0.052280724,0.00036344683
146231,2022-11-16 16:00:00,43,0,0,False,0.90527815,0.094454505,0.00026734296
310198,2022-12-13 22:00:00,253,0,0,False,0.9942398,0.00096899376,0.004791164
27337,2022-11-08 02:00:00,133,2,2,False,0.07184911,0.00041352856,0.9277374
152350,2022-11-03 10:00:00,51,0,0,False,0.99480337,0.004025395,0.001171163
190219,2022-12-01 17:00:00,100,0,0,False,0.9876928,0.011945607,0.00036158285
188983,2022-12-10 07:00:00,1,1,1,False,0.0010310762,0.9989023,6.664475e-05
297103,2022-12-09 01:00:00,236,2,2,False,0.066077456,0.00041173695,0.9335108
255776,2022-12-30 10:00:00,182,0,0,False,0.9961152,0.0004795079,0.0034053233
174636,2022-11-08 13:00:00,81,0,0,False,0.8252357,0.174431,0.0003332972
98678,2022-11-01 08:00:00,224,2,0,True,0.97895586,0.00090258376,0.020141587
126001,2022-11-07 20:00:00,261,0,1,True,0.24169874,0.75799596,0.00030529252
111692,2022-11-07 11:00:00,242,0,0,False,0.98786616,0.0007515099,0.011382269
185670,2022-11-21 10:00:00,95,2,2,False,0.16376837,0.0006040697,0.8356276
353902,2022-12-02 09:00:00,66,0,0,False,0.99331,0.0037551099,0.002934883
297393,2022-12-22 01:00:00,236,2,2,False,0.08746208,0.00044576134,0.91209215
323533,2022-12-29 17:00:00,270,1,0,True,0.81325763,0.18648645,0.00025592544
177682,2022-11-16 07:00:00,85,2,0,True,0.819224,0.0009942912,0.17978172
68202,2022-11-12 18:00:00,185,2,2,False,0.2483893,0.00095184596,0.7506588
286760,2022-12-29 15:00:00,221,0,0,False,0.9941438,0.0042995177,0.0015567018
144323,2022-11-26 13:00:00,40,1,1,False,0.18866357,0.81111395,0.0002224461
68678,2022-11-02 14:00:00,186,0,0,False,0.9254886,0.07362696,0.0008844259
106941,2022-11-18 03:00:00,235,2,2,False,0.03407143,0.00028462082,0.96564394
261026,2022-12-07 22:00:00,19,2,0,True,0.923357,0.001339962,0.075303055
310353,2022-12-21 07:00:00,253,1,0,True,0.91457826,0.08458764,0.0008340749
145115,2022-11-29 18:00:00,41,0,0,False,0.9705749,0.007490571,0.021934574
223530,2022-12-07 18:00:00,142,1,1,False,0.0010731089,0.9988582,6.868175e-05
80160,2022-11-04 11:00:00,20,1,1,False,0.0010577611,0.998879,6.323916e-05
62857,2022-11-28 09:00:00,178,0,0,False,0.9888198,0.0107718315,0.00040843347
51978,2022-11-21 23:00:00,164,1,1,False,0.116220474,0.8836203,0.00015922025
269582,2022-12-03 22:00:00,20,1,1,False,0.0010309358,0.9989034,6.569361e-05
38705,2022-11-05 02:00:00,148,0,0,False,0.84362304,0.15612502,0.00025187418
169910,2022-11-20 04:00:00,75,0,0,False,0.901857,0.00076885166,0.09737406
62681,2022-11-21 01:00:00,178,2,2,False,0.051272806,0.00029190496,0.94843537
373135,2022-12-23 14:00:00,91,0,0,False,0.9928242,0.0022677681,0.0049080024
113086,2022-11-05 23:00:00,244,0,0,False,0.98913175,0.010113149,0.00075510447
171326,2022-11-19 14:00:00,77,2,0,True,0.6301889,0.00070922787,0.36910188
112303,2022-11-03 03:00:00,243,0,0,False,0.9699711,0.00066281855,0.029366016
282175,2022-12-18 07:00:00,215,0,0,False,0.99529403,0.0035697971,0.0011361232
323975,2022-12-17 13:00:00,28,1,1,False,0.0030043276,0.99681795,0.00017775928
105989,2022-11-08 04:00:00,234,2,2,False,0.09279925,0.00052056107,0.9066802
146669,2022-11-05 01:00:00,44,2,2,False,0.1653697,0.00054057257,0.8340897
228385,2022-12-30 17:00:00,148,0,0,False,0.9967855,0.0029172054,0.00029725724
371789,2022-12-27 14:00:00,9,0,0,False,0.9712412,0.0017580925,0.027000695
107538,2022-11-13 05:00:00,236,2,2,False,0.04614472,0.0003510639,0.95350426
223850,2022-12-22 00:00:00,142,1,1,False,0.0010717425,0.99886394,6.428714e-05
274237,2022-12-18 00:00:00,205,0,0,False,0.9726962,0.0007756988,0.02652809
145278,2022-11-06 16:00:00,42,2,2,False,0.12827575,0.00048069938,0.87124354
13676,2022-11-04 22:00:00,116,1,1,False,0.10550485,0.89434785,0.00014729293
87599,2022-11-16 14:00:00,209,0,0,False,0.9800934,0.01953993,0.000366654
113210,2022-11-11 05:00:00,244,2,2,False,0.13257223,0.0012512626,0.86617655
214001,2022-12-01 06:00:00,130,1,1,False,0.08540541,0.9144558,0.00013885541
288493,2022-12-10 19:00:00,224,2,0,True,0.8987965,0.0012104713,0.099993
23998,2022-11-18 00:00:00,129,2,2,False,0.28408512,0.0010941221,0.71482074
339757,2022-12-13 20:00:00,48,2,0,True,0.8635402,0.0016733091,0.13478647
52753,2022-11-24 11:00:00,165,2,2,False,0.09173573,0.0014572346,0.906807
23117,2022-11-11 02:00:00,128,0,0,False,0.9949563,0.0012361015,0.0038075899
226277,2022-12-02 01:00:00,146,1,0,True,0.9087514,0.091032654,0.00021588679
290819,2022-12-17 23:00:00,227,2,2,False,0.094474375,0.0005249621,0.9050007
53004,2022-11-05 01:00:00,166,1,1,False,0.1600734,0.8397542,0.00017234942
251147,2022-12-16 21:00:00,177,0,0,False,0.9878165,0.0012783228,0.010905124
180936,2022-11-02 20:00:00,9,1,0,True,0.57553655,0.4238976,0.0005658784
28696,2022-11-05 03:00:00,135,2,2,False,0.052181702,0.00034472017,0.9474736
148070,2022-11-03 20:00:00,46,2,0,True,0.5599602,0.0013864124,0.43865338
132407,2022-11-06 15:00:00,27,0,0,False,0.99412185,0.0034797725,0.0023983961
107941,2022-11-30 00:00:00,236,2,2,False,0.11001061,0.00040161514,0.88958776
193643,2022-12-25 03:00:00,104,1,1,False,0.15138443,0.84843695,0.00017867477
59439,2022-11-05 01:00:00,174,2,2,False,0.054276392,0.0003708245,0.9453528
160342,2022-11-08 19:00:00,61,0,0,False,0.97519934,0.024376048,0.00042468842
122177,2022-11-27 08:00:00,256,0,0,False,0.98893356,0.010888632,0.00017788126
96815,2022-11-13 07:00:00,221,2,2,False,0.25481677,0.0005266244,0.7446566
111852,2022-11-14 05:00:00,242,2,2,False,0.10792898,0.00047238913,0.8915987
8235,2022-11-16 15:00:00,109,2,2,False,0.13679628,0.0004957109,0.86270803
44329,2022-11-30 23:00:00,154,1,1,False,0.10546682,0.89435023,0.00018290665
345957,2022-12-01 19:00:00,56,2,0,True,0.6531258,0.0010713519,0.34580278
303880,2022-12-21 23:00:00,245,1,1,False,0.001004808,0.99893254,6.2618456e-05
346332,2022-12-17 19:00:00,56,2,2,False,0.39548928,0.0007872562,0.60372347
329396,2022-12-02 17:00:00,35,1,1,False,0.004951456,0.9948927,0.00015585366
68204,2022-11-12 20:00:00,185,2,2,False,0.1738627,0.00052110077,0.8256162
254487,2022-12-05 20:00:00,181,2,0,True,0.5275245,0.00073815096,0.4717374
377685,2022-12-01 23:00:00,98,1,1,False,0.49878612,0.5009631,0.00025083002
139603,2022-11-08 15:00:00,35,2,0,True,0.82691896,0.0010514618,0.17202957
99379,2022-11-30 18:00:00,224,2,0,True,0.5083787,0.0010892147,0.4905321
258005,2022-12-02 05:00:00,186,2,2,False,0.068693005,0.0005043166,0.9308027
8410,2022-11-23 22:00:00,109,0,0,False,0.9797789,0.0196185,0.00060262193
330836,2022-12-02 15:00:00,37,1,1,False,0.0034003993,0.9964741,0.00012550494
378369,2022-12-31 09:00:00,98,1,1,False,0.3175744,0.68200535,0.0004201915
140387,2022-11-11 12:00:00,36,2,0,True,0.7975037,0.0011127546,0.20138356
34634,2022-11-14 07:00:00,142,1,1,False,0.0011127987,0.9988176,6.954362e-05
367478,2022-12-28 05:00:00,84,0,0,False,0.9907808,0.00042496616,0.008794195
114158,2022-11-20 22:00:00,245,1,1,False,0.0010456322,0.9988856,6.875067e-05
350712,2022-12-20 14:00:00,61,0,0,False,0.9427721,0.05687693,0.00035094132
38717,2022-11-05 14:00:00,148,1,0,True,0.87483597,0.12468079,0.00048324963
36441,2022-11-30 00:00:00,144,1,1,False,0.13117814,0.8686528,0.00016906485
285787,2022-12-19 01:00:00,220,0,0,False,0.9974502,0.0008180779,0.001731686
175339,2022-11-07 23:00:00,82,2,2,False,0.14215443,0.0005968729,0.8572487
91627,2022-11-05 14:00:00,214,1,1,False,0.41076577,0.588873,0.00036118145
284050,2022-12-05 22:00:00,218,0,0,False,0.8978175,0.102020316,0.00016221474
129459,2022-11-02 23:00:00,266,0,0,False,0.95473975,0.04491601,0.0003442326
335923,2022-12-04 07:00:00,43,0,0,False,0.99654657,0.0019773243,0.0014761356
361431,2022-12-15 16:00:00,77,0,0,False,0.9946403,0.00332604,0.0020337317
21814,2022-11-16 09:00:00,126,2,0,True,0.9512439,0.0010270808,0.047728974
9448,2022-11-07 12:00:00,110,2,2,False,0.34521067,0.00069068006,0.6540987
224522,2022-12-19 21:00:00,143,1,1,False,0.0030358303,0.9967899,0.00017427033
140101,2022-11-29 09:00:00,35,0,0,False,0.9971052,0.0012491635,0.0016456024
1529,2022-11-05 06:00:00,100,1,1,False,0.13387558,0.8659348,0.0001896881
32479,2022-11-13 21:00:00,14,0,0,False,0.97718334,0.021943148,0.00087351137
245223,2022-12-10 09:00:00,17,1,1,False,0.110355236,0.88947874,0.00016599844
50330,2022-11-12 21:00:00,162,1,1,False,0.09863084,0.90116715,0.00020199848
154456,2022-11-01 16:00:00,54,0,0,False,0.9455246,0.054117057,0.0003583707
113844,2022-11-07 18:00:00,245,1,1,False,0.0010322346,0.99889886,6.886603e-05
148116,2022-11-05 18:00:00,46,1,1,False,0.4083041,0.5906649,0.0010309668
338875,2022-12-07 03:00:00,47,0,0,False,0.81547636,0.18428743,0.00023616468
258927,2022-12-10 14:00:00,187,2,0,True,0.9339721,0.00062372227,0.0654041
354378,2022-12-23 03:00:00,66,1,1,False,0.049354844,0.9504907,0.00015444473
229500,2022-12-16 04:00:00,15,1,1,False,0.1387948,0.86098033,0.00022487584
109112,2022-11-19 05:00:00,238,0,0,False,0.9975318,0.00040145245,0.0020667377
97773,2022-11-23 10:00:00,222,0,0,False,0.95112103,0.0011283336,0.047750637
377627,2022-12-30 12:00:00,97,2,0,True,0.8148001,0.00095581595,0.18424408
266069,2022-12-07 18:00:00,196,0,0,False,0.73992664,0.25983658,0.000236851
185744,2022-11-24 12:00:00,95,2,2,False,0.14747977,0.0006547291,0.8518655
338605,2022-12-26 20:00:00,46,1,1,False,0.3101868,0.6895062,0.00030702795
80191,2022-11-05 18:00:00,20,1,1,False,0.0010468407,0.99888295,7.0157235e-05
27381,2022-11-10 00:00:00,133,2,2,False,0.08258942,0.00046187852,0.9169487
107197,2022-11-28 19:00:00,235,0,0,False,0.9873477,0.0015891837,0.011063075
175886,2022-11-30 20:00:00,82,0,0,False,0.7722372,0.0016028226,0.22615995
68741,2022-11-05 08:00:00,186,2,0,True,0.5166914,0.0011760228,0.48213255
34422,2022-11-05 09:00:00,142,1,1,False,0.0011210716,0.9988079,7.097043e-05
249066,2022-12-21 05:00:00,174,1,1,False,0.00358636,0.9961941,0.00021955273
175093,2022-11-27 14:00:00,81,2,0,True,0.8628463,0.0009652628,0.13618843
287784,2022-12-11 07:00:00,223,2,2,False,0.15893677,0.00048441347,0.8405788
95492,2022-11-17 18:00:00,219,2,2,False,0.17358029,0.0007220183,0.8256977
141692,2022-11-06 05:00:00,38,1,1,False,0.21900918,0.7806899,0.00030095846
56060,2022-11-13 07:00:00,17,1,1,False,0.058970165,0.94085705,0.00017283781
109082,2022-11-17 23:00:00,238,2,0,True,0.5644747,0.0011043991,0.43442088
277960,2022-12-23 11:00:00,21,1,1,False,0.08095842,0.9188943,0.00014727784
124637,2022-11-10 16:00:00,26,1,1,False,0.22321416,0.77658963,0.00019620293
310730,2022-12-06 01:00:00,254,0,0,False,0.98618406,0.01367448,0.00014138456
273069,2022-12-29 23:00:00,203,0,0,False,0.9822489,0.01752122,0.00022984011
351740,2022-12-02 10:00:00,63,0,0,False,0.5776128,0.42177805,0.0006091319
294801,2022-12-03 06:00:00,233,2,2,False,0.24078472,0.0006422064,0.75857306
28697,2022-11-05 04:00:00,135,2,2,False,0.060269784,0.00037291448,0.9393573
186865,2022-11-11 15:00:00,97,1,0,True,0.5320896,0.46763718,0.0002732488
292899,2022-12-14 03:00:00,230,2,2,False,0.064604454,0.00041002818,0.9349855
63129,2022-11-09 22:00:00,179,2,0,True,0.92715263,0.0010986284,0.0717488
348900,2022-12-04 06:00:00,6,1,1,False,0.038555693,0.9613048,0.0001395487
102482,2022-11-11 02:00:00,229,0,0,False,0.9987086,0.00068230304,0.00060905115
62863,2022-11-28 15:00:00,178,0,0,False,0.8946593,0.10509714,0.00024358237
35318,2022-11-13 00:00:00,143,1,1,False,0.0010730643,0.99886143,6.5495304e-05
68447,2022-11-22 23:00:00,185,0,0,False,0.98095196,0.01848796,0.0005600011
293999,2022-12-30 20:00:00,231,0,0,False,0.9850723,0.014463325,0.0004643807
95147,2022-11-03 07:00:00,219,1,1,False,0.3420873,0.65757877,0.00033395254
32414,2022-11-11 04:00:00,14,0,0,False,0.997422,0.0018960071,0.0006820179
120678,2022-11-24 11:00:00,253,1,1,False,0.498936,0.500714,0.000350012
48245,2022-11-15 09:00:00,16,1,1,False,0.0011536571,0.9987723,7.39912e-05
138,2022-11-06 21:00:00,1,1,1,False,0.121594414,0.8782528,0.00015272788
301979,2022-12-01 22:00:00,243,2,2,False,0.22743534,0.0007321852,0.77183247
237628,2022-12-25 07:00:00,16,1,1,False,0.0011169246,0.9988097,7.338203e-05
340147,2022-12-31 00:00:00,48,2,2,False,0.10402046,0.0004885425,0.895491
4514,2022-11-10 13:00:00,104,2,0,True,0.8329755,0.0007213103,0.16630319
97422,2022-11-08 19:00:00,222,1,1,False,0.30028108,0.6992211,0.00049780123
209051,2022-12-05 07:00:00,124,0,0,False,0.99278957,0.0025318654,0.004678641
149119,2022-11-17 20:00:00,47,2,0,True,0.9951073,0.0031566722,0.0017361119
338153,2022-12-07 02:00:00,46,0,0,False,0.80889964,0.19084524,0.00025507988
298000,2022-12-16 09:00:00,237,0,0,False,0.97956103,0.020054964,0.00038398625
173281,2022-11-11 16:00:00,8,0,0,False,0.99321,0.004861888,0.0019281182
144954,2022-11-23 01:00:00,41,2,2,False,0.22998579,0.0010521291,0.7689621
223577,2022-12-09 17:00:00,142,1,1,False,0.0010872233,0.9988451,6.767772e-05
163450,2022-11-19 03:00:00,65,1,1,False,0.04171827,0.9581897,9.200348e-05
255222,2022-12-06 10:00:00,182,0,0,False,0.99864596,0.00061890646,0.000735195
118871,2022-11-08 18:00:00,251,1,0,True,0.55736244,0.4422026,0.0004349959
373652,2022-12-14 04:00:00,92,1,1,False,0.024266878,0.97560966,0.00012348902
91474,2022-11-29 02:00:00,213,2,2,False,0.050987475,0.00043634165,0.94857615
28860,2022-11-12 01:00:00,135,2,0,True,0.72439504,0.0007875976,0.2748174
113638,2022-11-29 01:00:00,244,2,2,False,0.08187523,0.00043478314,0.91769
180072,2022-11-26 12:00:00,88,0,0,False,0.9980653,0.0013122741,0.00062248844
75064,2022-11-30 13:00:00,193,0,0,False,0.86129045,0.13846849,0.00024106169
78158,2022-11-10 12:00:00,198,2,0,True,0.8341742,0.0010539525,0.16477181
274857,2022-12-13 10:00:00,206,0,0,False,0.971298,0.028382411,0.00031963954
243003,2022-12-08 00:00:00,167,0,0,False,0.997767,0.0015955784,0.00063740497
370293,2022-12-25 08:00:00,88,0,0,False,0.9878435,0.00033464187,0.011821867
107484,2022-11-10 23:00:00,236,2,0,True,0.8046223,0.00079707865,0.19458067
109089,2022-11-18 06:00:00,238,2,2,False,0.2426743,0.0005353318,0.75679034
104454,2022-11-03 19:00:00,232,0,0,False,0.9851621,0.010709907,0.004127974
265365,2022-12-08 11:00:00,195,0,0,False,0.9974291,0.0018841133,0.0006868022
173243,2022-11-10 02:00:00,8,1,1,False,0.034432158,0.96543956,0.00012829796
35437,2022-11-17 23:00:00,143,1,1,False,0.0010023855,0.99893445,6.312445e-05
135385,2022-11-11 15:00:00,3,0,0,False,0.993342,0.002892516,0.0037654713
50246,2022-11-09 09:00:00,162,0,0,False,0.97441274,0.02446967,0.0011176103
303059,2022-12-16 21:00:00,244,0,0,False,0.92061734,0.077801146,0.0015815113
310374,2022-12-22 04:00:00,253,2,2,False,0.08368819,0.0004654044,0.9158464
140299,2022-11-07 18:00:00,36,2,0,True,0.9918934,0.0018072473,0.00629931
274164,2022-12-14 14:00:00,205,0,0,False,0.9681796,0.031566776,0.0002536871
281380,2022-12-14 20:00:00,214,0,0,False,0.9968316,0.0024210028,0.0007473453
330288,2022-12-09 20:00:00,36,2,2,False,0.2909153,0.0008902978,0.7081944
44388,2022-11-03 13:00:00,155,0,0,False,0.96181697,0.03642475,0.0017583185
7194,2022-11-02 23:00:00,108,1,1,False,0.23293254,0.76657194,0.00049551594
62588,2022-11-17 04:00:00,178,2,2,False,0.08713567,0.0004198133,0.91244453
29615,2022-11-13 17:00:00,136,2,2,False,0.40823296,0.00083948736,0.59092754
234291,2022-12-05 12:00:00,156,1,1,False,0.0010595667,0.99886984,7.057559e-05
89859,2022-11-21 09:00:00,211,0,0,False,0.99027014,0.0022966517,0.0074332007
216888,2022-12-01 09:00:00,134,0,0,False,0.9865667,0.004529716,0.00890361
152666,2022-11-16 16:00:00,51,1,0,True,0.9186608,0.08097888,0.0003602438
311830,2022-12-22 18:00:00,256,0,0,False,0.9881678,0.010645874,0.0011862621
145260,2022-11-05 22:00:00,42,2,2,False,0.14596362,0.0006679484,0.8533684
92405,2022-11-08 05:00:00,215,0,0,False,0.9974152,0.0014835125,0.0011012318
129157,2022-11-20 06:00:00,265,2,0,True,0.98894775,0.00031766066,0.010734629
340027,2022-12-26 00:00:00,48,0,0,False,0.99343526,0.0014091204,0.0051555946
320962,2022-12-11 19:00:00,268,0,0,False,0.987097,0.012600143,0.0003028538
36569,2022-11-05 11:00:00,145,1,0,True,0.95043576,0.04922982,0.00033441107
175443,2022-11-12 09:00:00,82,2,2,False,0.28056952,0.00087704294,0.7185534
355602,2022-12-13 03:00:00,69,0,0,False,0.9796752,0.020223267,0.00010151349
335358,2022-12-10 19:00:00,42,2,0,True,0.9605027,0.00085151056,0.038645826
181077,2022-11-08 19:00:00,9,1,0,True,0.5390117,0.4594927,0.0014955542
250844,2022-12-04 06:00:00,177,2,0,True,0.51481503,0.00081711105,0.48436785
377688,2022-12-02 02:00:00,98,1,1,False,0.036319792,0.9635754,0.000104828985
19323,2022-11-01 18:00:00,123,2,2,False,0.42400295,0.00087584724,0.5751212
149727,2022-11-13 09:00:00,48,0,0,False,0.9686262,0.0006145496,0.03075928
275581,2022-12-13 13:00:00,207,0,0,False,0.9889164,0.010890661,0.00019298773
237444,2022-12-16 17:00:00,16,1,1,False,0.0011461786,0.9987833,7.0573784e-05
85034,2022-11-28 21:00:00,205,1,0,True,0.581259,0.41832104,0.00041995134
182569,2022-11-11 09:00:00,91,2,2,False,0.22940165,0.0007386435,0.76985973
347197,2022-12-24 08:00:00,57,0,0,False,0.97633195,0.023411896,0.0002561677
149602,2022-11-08 02:00:00,48,2,2,False,0.06860383,0.00046460272,0.9309316
370486,2022-12-02 10:00:00,89,1,1,False,0.001074956,0.9988576,6.740385e-05
60840,2022-11-03 20:00:00,176,2,2,False,0.4834463,0.000935784,0.5156179
172482,2022-11-08 02:00:00,79,2,2,False,0.07831568,0.00046025717,0.92122406
158949,2022-11-10 08:00:00,6,1,0,True,0.9154627,0.08437636,0.00016095117
252555,2022-12-15 11:00:00,179,0,0,False,0.9818201,0.017769411,0.00041050016
59830,2022-11-21 10:00:00,174,1,0,True,0.81022465,0.18950045,0.00027492113
53738,2022-11-05 20:00:00,167,0,0,False,0.78538996,0.21443197,0.00017804708
286087,2022-12-31 15:00:00,220,0,0,False,0.9831392,0.015990661,0.0008701126
366303,2022-12-08 09:00:00,83,1,0,True,0.97852236,0.00082237687,0.020655215
102357,2022-11-05 19:00:00,229,0,0,False,0.9976051,0.0015362609,0.00085861335
358412,2022-12-10 01:00:00,73,0,0,False,0.9984053,0.0012028156,0.00039197324
29627,2022-11-14 05:00:00,136,2,2,False,0.06970328,0.0003766094,0.92992014
104034,2022-11-16 04:00:00,231,0,0,False,0.9977342,0.0017935756,0.00047225412
229834,2022-12-31 00:00:00,15,0,0,False,0.98058826,0.019179102,0.00023268198
162414,2022-11-05 16:00:00,64,2,2,False,0.45688474,0.0008855439,0.5422297
271726,2022-12-03 03:00:00,202,1,1,False,0.16355273,0.8362219,0.0002253993
62611,2022-11-18 03:00:00,178,2,2,False,0.051007118,0.00035737743,0.94863546
74204,2022-11-24 12:00:00,192,1,1,False,0.2797254,0.71992075,0.0003538216
52571,2022-11-16 21:00:00,165,1,1,False,0.0730213,0.9264206,0.0005580374
275929,2022-12-28 23:00:00,207,1,1,False,0.22200562,0.77774495,0.0002493906
290783,2022-12-16 02:00:00,227,2,2,False,0.043698937,0.00034131834,0.95595974
147570,2022-11-12 21:00:00,45,2,2,False,0.14149128,0.0006400893,0.8578687
125850,2022-11-01 10:00:00,261,0,0,False,0.9974044,0.0015575996,0.001038023
87449,2022-11-10 08:00:00,209,1,0,True,0.9890581,0.010437482,0.0005043914
23784,2022-11-09 02:00:00,129,2,0,True,0.8386456,0.00075383857,0.16060054
106085,2022-11-12 06:00:00,234,2,2,False,0.2674823,0.0007157556,0.7318019
226339,2022-12-04 15:00:00,146,1,1,False,0.25493056,0.74482644,0.0002429508
51975,2022-11-21 20:00:00,164,1,1,False,0.33816025,0.66160667,0.0002330808
270079,2022-12-25 13:00:00,20,1,1,False,0.0010626104,0.9988707,6.666953e-05
170476,2022-11-13 23:00:00,76,2,2,False,0.11057348,0.0004664436,0.8889601
255702,2022-12-27 08:00:00,182,0,0,False,0.9752594,0.024247736,0.00049283856
98789,2022-11-06 02:00:00,224,0,0,False,0.9833587,0.0038969517,0.012744364
91337,2022-11-23 09:00:00,213,1,0,True,0.60460806,0.3947529,0.0006390237
309941,2022-12-03 05:00:00,253,2,2,False,0.042295318,0.0003573116,0.9573474
205230,2022-12-27 06:00:00,119,0,0,False,0.9970094,0.0028433008,0.00014722566
296553,2022-12-16 04:00:00,235,2,2,False,0.05193038,0.00036395917,0.9477056
49440,2022-11-05 12:00:00,161,1,0,True,0.68872815,0.31093583,0.00033598708
182401,2022-11-04 07:00:00,91,0,0,False,0.77770156,0.22182436,0.00047409796
273139,2022-12-01 22:00:00,204,1,1,False,0.08730687,0.9124351,0.0002580337
54269,2022-11-28 01:00:00,167,1,1,False,0.04120741,0.958649,0.00014357507
242143,2022-12-02 05:00:00,166,0,0,False,0.9781255,0.021708088,0.00016634651
138044,2022-11-03 04:00:00,33,1,1,False,0.033549763,0.9663454,0.00010477841
248835,2022-12-10 16:00:00,174,1,1,False,0.14076103,0.85909426,0.00014472398
355907,2022-12-26 18:00:00,69,0,0,False,0.8766009,0.0009712377,0.12242781
100983,2022-11-08 03:00:00,227,2,2,False,0.02983236,0.00026062166,0.969907
28071,2022-11-08 23:00:00,134,2,2,False,0.123004206,0.000659874,0.8763359
125608,2022-11-21 08:00:00,260,0,0,False,0.987357,0.012072329,0.0005706892
165213,2022-11-03 03:00:00,69,1,1,False,0.03437093,0.96552145,0.00010753731
69666,2022-11-14 04:00:00,187,2,2,False,0.044942196,0.00034093895,0.95471686
2525,2022-11-17 01:00:00,101,0,0,False,0.9987458,0.0009701445,0.00028400516
268540,2022-12-21 12:00:00,199,0,0,False,0.9347286,0.06461031,0.00066104694
49985,2022-11-28 07:00:00,161,1,0,True,0.8154193,0.1843084,0.00027227678
232069,2022-12-03 01:00:00,153,1,0,True,0.70509183,0.29466456,0.00024362974
306226,2022-12-29 14:00:00,248,0,0,False,0.8893728,0.11044767,0.00017956075
286497,2022-12-18 03:00:00,221,2,2,False,0.04991913,0.00034712674,0.9497338
27931,2022-11-03 01:00:00,134,1,1,False,0.05443621,0.9454119,0.00015189637
368554,2022-12-12 01:00:00,86,1,1,False,0.16221943,0.83757603,0.00020450194
99749,2022-11-16 09:00:00,225,0,0,False,0.99608254,0.0035920271,0.00032536619
308840,2022-12-17 19:00:00,251,1,1,False,0.12986276,0.8699345,0.00020269101
296215,2022-12-02 02:00:00,235,2,2,False,0.10898525,0.00050445495,0.8905103
22505,2022-11-15 09:00:00,127,2,0,True,0.60917884,0.0012481067,0.38957307
144927,2022-11-21 22:00:00,41,2,2,False,0.26010248,0.0008084621,0.739089
290822,2022-12-18 02:00:00,227,2,2,False,0.050770428,0.00039691318,0.9488327
286075,2022-12-31 03:00:00,220,2,0,True,0.68747705,0.0009737924,0.3115492
247509,2022-12-15 12:00:00,172,2,0,True,0.97223186,0.0014914009,0.026276696
172356,2022-11-02 20:00:00,79,2,0,True,0.87649727,0.0017989648,0.12170379
183116,2022-11-04 07:00:00,92,1,1,False,0.0010534044,0.9988821,6.444016e-05
85427,2022-11-15 11:00:00,206,2,2,False,0.40863913,0.00088445185,0.59047645
195989,2022-12-01 19:00:00,108,1,1,False,0.25870758,0.74096566,0.00032675292
204238,2022-12-15 01:00:00,118,0,0,False,0.9983181,0.0011579923,0.00052394945
368545,2022-12-11 16:00:00,86,1,1,False,0.3477481,0.6518979,0.0003539453
294031,2022-12-01 05:00:00,232,2,2,False,0.042247046,0.00036326228,0.95738965
289330,2022-12-15 15:00:00,225,0,0,False,0.9961771,0.0034837623,0.00033915736
290595,2022-12-08 06:00:00,227,2,2,False,0.061867986,0.00034436886,0.93778765
144673,2022-11-11 08:00:00,41,0,0,False,0.8601884,0.13633868,0.003472894
235481,2022-12-25 23:00:00,157,0,0,False,0.9847877,0.014421249,0.00079103274
278753,2022-12-26 11:00:00,210,0,0,False,0.99758434,0.0017895699,0.0006260642
223662,2022-12-13 06:00:00,142,1,1,False,0.0011023231,0.9988263,7.13243e-05
54129,2022-11-22 05:00:00,167,0,0,False,0.97505456,0.024830928,0.00011450577
96082,2022-11-12 13:00:00,220,2,0,True,0.98403776,0.0017532174,0.014208994
96266,2022-11-20 05:00:00,220,2,0,True,0.89813954,0.00081504567,0.10104539
268389,2022-12-14 07:00:00,199,0,0,False,0.98814255,0.010927418,0.0009300129
300417,2022-12-27 21:00:00,240,2,0,True,0.7435333,0.0010111198,0.25545558
93973,2022-11-14 01:00:00,217,0,0,False,0.9939474,0.0058314553,0.00022118956
339759,2022-12-13 22:00:00,48,2,2,False,0.14468472,0.0006195261,0.85469574
339930,2022-12-21 23:00:00,48,2,2,False,0.082306854,0.0005466252,0.9171465
27324,2022-11-07 13:00:00,133,0,0,False,0.9313686,0.06789107,0.00074030465
51499,2022-11-01 19:00:00,164,0,0,False,0.94298404,0.056803912,0.00021202312
201397,2022-12-16 20:00:00,114,1,0,True,0.9009194,0.09891352,0.00016714266
234465,2022-12-12 18:00:00,156,1,1,False,0.0010485811,0.9988795,7.1945484e-05
36499,2022-11-02 10:00:00,145,2,2,False,0.15015265,0.00072980847,0.8491175
209653,2022-12-31 07:00:00,124,1,1,False,0.26031813,0.7393282,0.00035363593
51937,2022-11-20 06:00:00,164,1,1,False,0.04536222,0.95455074,8.705185e-05
253348,2022-12-19 07:00:00,18,0,0,False,0.849006,0.15061542,0.00037861418
185669,2022-11-21 09:00:00,95,2,0,True,0.967399,0.0016450008,0.030955983
221877,2022-12-29 22:00:00,14,0,0,False,0.95901734,0.04067201,0.00031068808
286479,2022-12-17 09:00:00,221,2,2,False,0.29778868,0.00067199214,0.70153934
83761,2022-11-05 13:00:00,204,1,0,True,0.5354741,0.46386373,0.0006621139
301002,2022-12-22 05:00:00,241,2,2,False,0.17867765,0.00067741505,0.8206449
324189,2022-12-27 00:00:00,28,1,1,False,0.0010408532,0.99890137,5.782217e-05
15671,2022-11-28 13:00:00,118,0,0,False,0.9933108,0.0054744044,0.0012147957
113896,2022-11-10 00:00:00,245,1,1,False,0.0010237428,0.99891615,6.0173643e-05
80775,2022-11-30 04:00:00,20,1,1,False,0.0010400591,0.99888784,7.2112736e-05
54625,2022-11-13 02:00:00,168,0,0,False,0.99719954,0.0012107663,0.0015896747
113935,2022-11-11 15:00:00,245,1,1,False,0.0010667382,0.99886715,6.613362e-05
153017,2022-11-01 07:00:00,52,2,0,True,0.853134,0.0008561847,0.14600983
43560,2022-11-28 17:00:00,153,0,0,False,0.8691177,0.13037094,0.00051137706
227551,2022-12-26 00:00:00,147,0,0,False,0.9969799,0.002337609,0.0006824741
26094,2022-11-15 23:00:00,131,1,0,True,0.81577533,0.18398,0.0002446713
284014,2022-12-04 10:00:00,218,1,1,False,0.0011072746,0.99882215,7.051699e-05
52339,2022-11-07 03:00:00,165,1,1,False,0.027644245,0.9720862,0.00026962557
313757,2022-12-12 00:00:00,259,2,2,False,0.4652445,0.0007463343,0.5340092
174586,2022-11-06 09:00:00,81,2,2,False,0.1998249,0.0006416413,0.7995334
254371,2022-12-01 00:00:00,181,2,2,False,0.47801253,0.0011543444,0.5208331
284344,2022-12-19 00:00:00,218,1,1,False,0.003902923,0.9958834,0.00021369953
311965,2022-12-28 09:00:00,256,0,0,False,0.99256027,0.0068787886,0.00056097703
274865,2022-12-13 18:00:00,206,0,0,False,0.9882107,0.011202555,0.00058682775
50964,2022-11-09 12:00:00,163,1,0,True,0.7153508,0.2842268,0.00042241314
358042,2022-12-25 14:00:00,72,0,0,False,0.9897793,0.009815954,0.00040472628
21763,2022-11-14 06:00:00,126,1,1,False,0.0017721128,0.9980635,0.00016438578
329833,2022-12-21 20:00:00,35,1,1,False,0.13086145,0.8689978,0.00014076306
207502,2022-12-31 19:00:00,121,2,0,True,0.9509176,0.000626031,0.04845638
342381,2022-12-03 00:00:00,51,0,0,False,0.9833667,0.0011452965,0.015488023
228675,2022-12-11 20:00:00,149,1,0,True,0.7667856,0.23293708,0.000277242
7813,2022-11-28 20:00:00,108,1,1,False,0.17678031,0.8228344,0.00038528137
290838,2022-12-19 05:00:00,227,2,2,False,0.037973564,0.00036341063,0.96166307
152634,2022-11-15 08:00:00,51,1,0,True,0.8834505,0.11455173,0.0019977733
173848,2022-11-05 10:00:00,80,0,0,False,0.9874408,0.011674904,0.00088426925
269849,2022-12-15 01:00:00,20,1,1,False,0.0010693242,0.99885476,7.589695e-05
7309,2022-11-07 18:00:00,108,1,0,True,0.888182,0.10651558,0.0053024287
21722,2022-11-12 13:00:00,126,1,1,False,0.0017882544,0.99806386,0.00014792857
251321,2022-12-25 01:00:00,177,0,0,False,0.9973997,0.00077064725,0.0018296475
96501,2022-11-30 00:00:00,220,2,2,False,0.09634111,0.00046170581,0.90319717
103195,2022-11-11 00:00:00,230,2,2,False,0.097618416,0.00046448543,0.90191704
119525,2022-11-06 03:00:00,252,1,1,False,0.08658003,0.9132784,0.00014158316
363516,2022-12-12 10:00:00,8,0,0,False,0.97405213,0.025689678,0.0002581445
332003,2022-12-22 03:00:00,38,1,1,False,0.0350792,0.9648336,8.72234e-05
301869,2022-12-28 07:00:00,242,0,0,False,0.99298626,0.0030749398,0.003938745
362920,2022-12-18 00:00:00,79,0,0,False,0.98972476,0.009533902,0.0007413261
310738,2022-12-06 09:00:00,254,1,0,True,0.9613501,0.038315803,0.00033417856
32969,2022-11-04 10:00:00,140,0,0,False,0.996406,0.0026959528,0.0008979729
111590,2022-11-03 05:00:00,242,0,0,False,0.9658523,0.0005181061,0.033629555
67782,2022-11-25 01:00:00,184,0,0,False,0.9959019,0.0039048884,0.0001931768
304119,2022-12-31 22:00:00,245,1,1,False,0.0010516159,0.99888414,6.4282794e-05
181202,2022-11-14 00:00:00,9,1,1,False,0.103857264,0.8959853,0.00015742662
180038,2022-11-25 02:00:00,88,0,0,False,0.9964593,0.0033537347,0.00018700099
188212,2022-11-08 02:00:00,99,1,1,False,0.10026234,0.89947855,0.00025909118
101839,2022-11-14 02:00:00,228,2,2,False,0.027641563,0.00023934463,0.9721191
110711,2022-11-26 06:00:00,240,1,1,False,0.18405499,0.81574124,0.00020374215
130190,2022-11-03 15:00:00,267,0,0,False,0.8664385,0.13314372,0.00041775615
360629,2022-12-12 07:00:00,76,0,0,False,0.9940899,0.0049830126,0.00092702406
230275,2022-12-19 06:00:00,150,0,0,False,0.9656812,0.03396582,0.0003529459
33971,2022-11-16 11:00:00,141,0,0,False,0.9843975,0.015166984,0.00043551298
323590,2022-12-01 03:00:00,28,1,1,False,0.0010201811,0.99890995,6.9813e-05
214947,2022-12-10 15:00:00,131,1,0,True,0.5702603,0.42947477,0.00026495522
357735,2022-12-11 21:00:00,72,1,1,False,0.001080891,0.99884796,7.11178e-05
45683,2022-11-27 19:00:00,156,1,1,False,0.0010621126,0.9988656,7.2343464e-05
269028,2022-12-10 21:00:00,2,1,1,False,0.001002431,0.99892825,6.936148e-05
236843,2022-12-22 15:00:00,159,0,0,False,0.9391286,0.060507756,0.00036373458
124627,2022-11-10 06:00:00,26,1,1,False,0.066620514,0.9332513,0.00012819239
90489,2022-11-17 20:00:00,212,1,1,False,0.26295108,0.7367095,0.00033945948
181418,2022-11-23 00:00:00,9,0,0,False,0.6738852,0.32579017,0.00032460777
134266,2022-11-24 14:00:00,28,1,1,False,0.008723891,0.9910697,0.00020645422
258529,2022-12-24 23:00:00,186,2,2,False,0.19991204,0.0005856905,0.79950225
136838,2022-11-12 14:00:00,31,1,0,True,0.77871364,0.22085847,0.0004279173
199675,2022-12-05 04:00:00,112,0,0,False,0.9529548,0.046805214,0.00023995372
254806,2022-12-19 23:00:00,181,2,2,False,0.10642287,0.00045871266,0.8931184
370323,2022-12-26 14:00:00,88,0,0,False,0.9832154,0.0006485243,0.016136123
183468,2022-11-19 01:00:00,92,0,0,False,0.98607033,0.01374433,0.00018529469
297483,2022-12-25 19:00:00,236,2,0,True,0.85946965,0.00076683325,0.13976352
113881,2022-11-09 09:00:00,245,1,1,False,0.0030837231,0.9967167,0.00019960593
364361,2022-12-17 23:00:00,80,0,0,False,0.9962723,0.0020920634,0.0016356378
139301,2022-11-25 20:00:00,34,0,0,False,0.9909994,0.0087760305,0.00022455635
42026,2022-11-24 09:00:00,151,2,0,True,0.7579527,0.0017978091,0.24024954
11185,2022-11-20 09:00:00,112,1,0,True,0.9102473,0.0894357,0.00031698975
303538,2022-12-06 19:00:00,245,1,1,False,0.0010239274,0.99890935,6.669004e-05
266919,2022-12-13 03:00:00,197,0,0,False,0.9952377,0.00041573346,0.004346557
41248,2022-11-21 18:00:00,150,1,0,True,0.9259092,0.07378927,0.00030150867
46030,2022-11-12 11:00:00,157,0,0,False,0.79986835,0.19976228,0.00036939056
54654,2022-11-14 07:00:00,168,0,0,False,0.9843515,0.012603645,0.0030448656
160300,2022-11-06 23:00:00,61,2,0,True,0.5552702,0.0008093993,0.44392046
315610,2022-12-30 01:00:00,260,0,0,False,0.9955147,0.0042767413,0.00020853602
343118,2022-12-03 16:00:00,52,2,2,False,0.49310264,0.0007348712,0.5061625
106942,2022-11-18 04:00:00,235,2,2,False,0.0314437,0.0002740314,0.9682823
104194,2022-11-22 20:00:00,231,2,2,False,0.15113501,0.0006265616,0.8482384
323226,2022-12-16 00:00:00,270,1,1,False,0.0648328,0.93503493,0.00013227845
259399,2022-12-31 04:00:00,187,2,2,False,0.05917209,0.00036850944,0.9404594
184477,2022-11-01 07:00:00,94,1,1,False,0.111613005,0.8879483,0.00043869516
50083,2022-11-02 09:00:00,162,2,2,False,0.13388626,0.00063600205,0.8654777
48157,2022-11-11 17:00:00,16,1,1,False,0.0011677704,0.9987627,6.952142e-05
138920,2022-11-09 23:00:00,34,1,1,False,0.14070705,0.85914487,0.000148091
133738,2022-11-02 09:00:00,28,0,0,False,0.99392647,0.00588067,0.00019284862
309914,2022-12-02 02:00:00,253,2,2,False,0.07795305,0.00048919895,0.9215577
92106,2022-11-25 15:00:00,214,0,0,False,0.98503715,0.014557606,0.00040521775
52414,2022-11-10 08:00:00,165,2,0,True,0.8170965,0.0042536594,0.17864989
286496,2022-12-18 02:00:00,221,2,2,False,0.09483444,0.00043385927,0.9047317
65539,2022-11-20 23:00:00,181,2,2,False,0.0923079,0.0004487819,0.9072434
325808,2022-12-03 10:00:00,30,0,0,False,0.9935237,0.005631551,0.0008447214
230396,2022-12-24 09:00:00,150,0,0,False,0.9914351,0.0006397832,0.007925121
373971,2022-12-28 09:00:00,92,2,0,True,0.71832746,0.0017588645,0.2799137
368975,2022-12-30 12:00:00,86,1,0,True,0.83309776,0.16672498,0.00017730004
189145,2022-12-17 10:00:00,1,1,1,False,0.004794705,0.9949538,0.00025146114
145006,2022-11-25 05:00:00,41,2,2,False,0.04320775,0.00033684197,0.95645535
354207,2022-12-15 02:00:00,66,0,0,False,0.9065363,0.09323984,0.00022393548
374201,2022-12-07 00:00:00,93,0,0,False,0.99114096,0.008560016,0.00029901933
198072,2022-12-29 10:00:00,11,0,0,False,0.7396617,0.26009592,0.0002424124
34412,2022-11-04 23:00:00,142,1,1,False,0.0010625238,0.9988739,6.355977e-05
1652,2022-11-10 11:00:00,100,2,2,False,0.10577116,0.0005742964,0.8936545
9195,2022-11-26 20:00:00,11,0,0,False,0.9389381,0.060750533,0.00031141535
1798,2022-11-16 13:00:00,100,2,2,False,0.15346558,0.0005305964,0.8460039
2722,2022-11-25 06:00:00,101,0,0,False,0.9918882,0.007965357,0.00014644582
254916,2022-12-24 15:00:00,181,2,0,True,0.5247474,0.00072952465,0.4745231
121782,2022-11-10 21:00:00,256,1,1,False,0.16071366,0.8389874,0.00029893854
362933,2022-12-19 00:00:00,79,0,0,False,0.97275597,0.026974795,0.00026916293
179706,2022-11-11 06:00:00,88,2,2,False,0.33451918,0.00074748136,0.66473335
168321,2022-11-13 13:00:00,73,2,2,False,0.16028923,0.0005709596,0.8391398
129353,2022-11-28 10:00:00,265,2,0,True,0.92776245,0.0011825507,0.071055025
275321,2022-12-02 17:00:00,207,0,0,False,0.9969969,0.002189746,0.0008133732
100656,2022-11-24 09:00:00,226,0,0,False,0.76990455,0.22984402,0.00025141556
114308,2022-11-27 04:00:00,245,1,1,False,0.0010292835,0.9989016,6.906386e-05
152641,2022-11-15 15:00:00,51,1,0,True,0.53947693,0.46010864,0.00041442513
1795,2022-11-16 10:00:00,100,2,2,False,0.16185601,0.0005669,0.8375771
286501,2022-12-18 07:00:00,221,2,2,False,0.18865076,0.0005587488,0.8107905
10069,2022-11-03 14:00:00,111,0,0,False,0.9509035,0.048226174,0.00087032956
331152,2022-12-15 19:00:00,37,1,1,False,0.18373126,0.81606865,0.00020007501
224236,2022-12-07 03:00:00,143,1,1,False,0.0010522108,0.998877,7.082868e-05
351608,2022-12-27 21:00:00,62,2,2,False,0.3722714,0.0007355687,0.62699306
206330,2022-12-12 02:00:00,120,0,0,False,0.9984946,0.0008614208,0.00064390263
174645,2022-11-08 22:00:00,81,2,2,False,0.10054193,0.0006091813,0.8988489
12832,2022-11-29 10:00:00,114,1,0,True,0.7986478,0.2011249,0.0002272709
152926,2022-11-27 12:00:00,51,0,0,False,0.95644337,0.03865689,0.0048997225
94592,2022-11-10 01:00:00,218,1,1,False,0.118430026,0.881395,0.00017497165
237117,2022-12-03 02:00:00,16,1,1,False,0.0011203828,0.99880934,7.026696e-05
188413,2022-11-16 13:00:00,99,2,0,True,0.8114341,0.000844776,0.18772113
325590,2022-12-25 07:00:00,3,1,1,False,0.0473492,0.9525016,0.00014924623
11306,2022-11-25 10:00:00,112,0,0,False,0.9951373,0.0017108057,0.0031519453
83508,2022-11-24 21:00:00,203,1,1,False,0.00096467085,0.9989754,6.0001854e-05
196294,2022-12-14 12:00:00,108,2,2,False,0.3223003,0.0008025728,0.67689717
85372,2022-11-13 04:00:00,206,1,0,True,0.6376407,0.3621175,0.00024180503
344437,2022-12-29 12:00:00,53,0,0,False,0.9964211,0.0020482047,0.0015307303
157053,2022-11-20 17:00:00,57,0,1,True,0.39552468,0.6026543,0.0018210405
73414,2022-11-21 09:00:00,191,0,0,False,0.69066477,0.30853713,0.0007981004
80175,2022-11-05 02:00:00,20,1,1,False,0.0010292858,0.9989039,6.6859706e-05
115590,2022-11-21 00:00:00,247,0,0,False,0.9966145,0.0012690001,0.0021165104
235525,2022-12-27 19:00:00,157,2,2,False,0.41768044,0.0011451094,0.5811745
54133,2022-11-22 09:00:00,167,2,0,True,0.51121753,0.001846324,0.48693612
118814,2022-11-06 07:00:00,251,0,0,False,0.99620193,0.00270322,0.0010948548
203681,2022-12-22 19:00:00,117,0,0,False,0.7171723,0.2825748,0.00025289197
24515,2022-11-09 18:00:00,13,0,0,False,0.9875163,0.008681867,0.003801877
360519,2022-12-07 17:00:00,76,0,0,False,0.96617925,0.033365402,0.0004552796
19611,2022-11-13 23:00:00,123,1,0,True,0.8586665,0.14109182,0.00024169071
306443,2022-12-07 16:00:00,249,0,0,False,0.9980149,0.0013209241,0.00066408777
114771,2022-11-16 16:00:00,246,0,0,False,0.8348314,0.16489306,0.00027552442
282587,2022-12-05 01:00:00,216,0,0,False,0.99853563,0.0007716103,0.0006927605
24130,2022-11-23 12:00:00,129,1,1,False,0.17422168,0.8254806,0.0002977132
344870,2022-12-16 14:00:00,54,0,0,False,0.99486613,0.0015271934,0.0036066351
242072,2022-12-30 05:00:00,165,1,1,False,0.05702469,0.9425216,0.00045377293
291408,2022-12-12 02:00:00,228,2,2,False,0.029013526,0.00022861038,0.97075784
46037,2022-11-12 18:00:00,157,0,0,False,0.7400919,0.25952703,0.0003810929
8017,2022-11-07 11:00:00,109,2,2,False,0.35022283,0.00093798473,0.64883924
291776,2022-12-28 08:00:00,228,0,0,False,0.9859912,0.00073832006,0.013270517
48095,2022-11-09 03:00:00,16,1,1,False,0.0039198822,0.9958497,0.00023040449
37857,2022-11-29 10:00:00,146,2,2,False,0.31385395,0.0008436058,0.68530244
139338,2022-11-27 09:00:00,34,1,0,True,0.7872304,0.21256302,0.00020661569
70703,2022-11-27 14:00:00,188,2,2,False,0.2466945,0.0005133525,0.7527921
310007,2022-12-05 23:00:00,253,0,0,False,0.9982133,0.0010205358,0.0007661442
249490,2022-12-07 22:00:00,175,0,0,False,0.9100874,0.08945524,0.00045737566
158316,2022-11-13 18:00:00,59,1,1,False,0.17467807,0.82500994,0.0003120103
270546,2022-12-14 01:00:00,200,0,0,False,0.9981894,0.0005312812,0.0012793356
102084,2022-11-24 07:00:00,228,0,0,False,0.97271395,0.00054076547,0.026745347
365559,2022-12-07 10:00:00,82,1,0,True,0.6552313,0.34444496,0.00032368978
154127,2022-11-17 23:00:00,53,2,2,False,0.13404621,0.00071875326,0.8652351
303024,2022-12-15 10:00:00,244,2,0,True,0.9875694,0.0013247017,0.011105918
312881,2022-12-05 13:00:00,258,0,0,False,0.9933414,0.006450531,0.00020803591
69517,2022-11-07 21:00:00,187,2,2,False,0.19137911,0.001016115,0.80760473
336693,2022-12-06 08:00:00,44,0,0,False,0.9961857,0.0016118167,0.0022024598
79445,2022-11-04 11:00:00,2,0,0,False,0.99733645,0.0024689408,0.00019462088
106820,2022-11-13 02:00:00,235,2,2,False,0.15346342,0.00059495727,0.8459416
270005,2022-12-22 11:00:00,20,1,1,False,0.0010470445,0.9988783,7.465173e-05
89461,2022-11-04 17:00:00,211,0,0,False,0.9930147,0.002293077,0.004692208
200856,2022-12-25 06:00:00,113,0,0,False,0.99538076,0.0013024778,0.003316792
107511,2022-11-12 02:00:00,236,2,2,False,0.053215723,0.00037000008,0.94641423
60347,2022-11-13 04:00:00,175,2,2,False,0.1756481,0.00074067235,0.8236112
103369,2022-11-18 06:00:00,230,2,2,False,0.44509172,0.0005309452,0.5543773
46679,2022-11-09 17:00:00,158,1,1,False,0.23032333,0.7694875,0.00018914239
355634,2022-12-14 11:00:00,69,0,0,False,0.9479089,0.0012614435,0.050829645
284499,2022-12-25 13:00:00,218,1,1,False,0.0011305872,0.9988028,6.6665e-05
9613,2022-11-14 11:00:00,110,2,2,False,0.39299324,0.0009347687,0.60607195
103378,2022-11-18 15:00:00,230,2,0,True,0.82162815,0.0011025295,0.17726932
146026,2022-11-08 01:00:00,43,2,0,True,0.867865,0.0010700969,0.13106488
106160,2022-11-15 09:00:00,234,0,0,False,0.98215747,0.017211117,0.00063138426
142541,2022-11-11 21:00:00,39,0,0,False,0.9794592,0.001952506,0.018588249
254469,2022-12-05 02:00:00,181,2,2,False,0.09695338,0.0004558608,0.90259075
357575,2022-12-05 05:00:00,72,1,1,False,0.004586731,0.9951904,0.00022284668
221424,2022-12-10 03:00:00,14,2,0,True,0.94590145,0.0005798234,0.05351869
269558,2022-12-02 22:00:00,20,1,1,False,0.0010147329,0.9989243,6.0908424e-05
363249,2022-12-01 07:00:00,8,1,0,True,0.8527499,0.1468649,0.00038516198
107141,2022-11-26 11:00:00,235,0,0,False,0.98429143,0.015200797,0.00050774484
172987,2022-11-29 05:00:00,79,2,2,False,0.08219597,0.0004857324,0.9173183
335149,2022-12-02 02:00:00,42,2,2,False,0.060097266,0.00044442655,0.93945825
243662,2022-12-05 10:00:00,168,0,0,False,0.96114606,0.03129299,0.007560925
192622,2022-12-11 17:00:00,103,0,0,False,0.97977453,0.01985762,0.00036790333
346635,2022-12-30 23:00:00,56,2,2,False,0.41655695,0.0007619779,0.5826811
239138,2022-12-28 03:00:00,161,1,1,False,0.046629116,0.9532629,0.00010795611
331022,2022-12-10 09:00:00,37,1,1,False,0.0010795529,0.99884474,7.565735e-05
107116,2022-11-25 10:00:00,235,0,0,False,0.9891122,0.00877635,0.0021114221
203510,2022-12-14 18:00:00,117,0,0,False,0.9876665,0.011972929,0.00036061485
85935,2022-11-06 18:00:00,207,0,0,False,0.9382181,0.061389405,0.00039248675
33547,2022-11-28 14:00:00,140,1,0,True,0.6244271,0.37531427,0.00025863657
48221,2022-11-14 09:00:00,16,1,1,False,0.0011588723,0.9987651,7.603973e-05
286499,2022-12-18 05:00:00,221,2,2,False,0.039560087,0.0003184117,0.96012145
118605,2022-11-27 11:00:00,250,0,0,False,0.9130263,0.08679876,0.00017492152
116194,2022-11-16 09:00:00,248,2,0,True,0.8843499,0.0008182199,0.114831924
371004,2022-12-24 22:00:00,89,1,1,False,0.0010668156,0.9988663,6.684259e-05
207739,2022-12-10 17:00:00,122,0,0,False,0.8780158,0.121782266,0.00020194486
64650,2022-11-13 17:00:00,180,2,0,True,0.50963753,0.00076446065,0.48959804
98736,2022-11-03 21:00:00,224,2,0,True,0.65711063,0.0013763459,0.341513
184238,2022-11-21 08:00:00,93,2,0,True,0.9936931,0.0015800843,0.00472683
285330,2022-12-30 03:00:00,219,0,0,False,0.9824523,0.0003563519,0.017191386
184243,2022-11-21 13:00:00,93,2,2,False,0.14635774,0.00045841938,0.85318387
286786,2022-12-30 17:00:00,221,2,0,True,0.9782733,0.0009868729,0.020739907
50349,2022-11-13 16:00:00,162,1,0,True,0.7755731,0.22420643,0.00022048995
191509,2022-12-26 08:00:00,101,0,0,False,0.99709594,0.0025113013,0.00039271856
180180,2022-11-01 00:00:00,89,1,1,False,0.001074783,0.9988588,6.6422814e-05
260228,2022-12-04 17:00:00,189,0,0,False,0.99765104,0.0006729307,0.001676058
106845,2022-11-14 03:00:00,235,2,2,False,0.029353756,0.00026142207,0.97038484
9659,2022-11-16 09:00:00,110,2,2,False,0.10012895,0.00049010373,0.899381
181294,2022-11-17 20:00:00,9,0,0,False,0.6032621,0.39497894,0.0017589864
78356,2022-11-18 18:00:00,198,1,0,True,0.60489017,0.3948312,0.0002786892
149518,2022-11-04 14:00:00,48,1,0,True,0.6363489,0.36267748,0.00097368
95465,2022-11-16 15:00:00,219,2,2,False,0.42370224,0.00077023124,0.57552755
185767,2022-11-25 11:00:00,95,2,2,False,0.2245873,0.00076180755,0.7746509
258599,2022-12-27 21:00:00,186,0,0,False,0.9463033,0.0008701096,0.05282661
162129,2022-11-23 16:00:00,63,0,0,False,0.9557151,0.04144066,0.0028442293
254016,2022-12-16 06:00:00,180,0,0,False,0.98390746,0.0003986524,0.01569389
1690,2022-11-12 01:00:00,100,1,1,False,0.09251189,0.90732336,0.00016476196
63217,2022-11-13 14:00:00,179,0,0,False,0.7777915,0.22157952,0.0006289584
365860,2022-12-20 21:00:00,82,0,0,False,0.9780693,0.021630706,0.00030000843
376527,2022-12-13 19:00:00,96,0,0,False,0.99750155,0.001671342,0.000827104
208601,2022-12-16 14:00:00,123,0,0,False,0.98594993,0.013691314,0.00035870913
225693,2022-12-07 18:00:00,145,0,0,False,0.6853698,0.3143407,0.0002895101
96923,2022-11-17 19:00:00,221,0,0,False,0.9819386,0.0034690185,0.014592423
215598,2022-12-07 17:00:00,132,0,0,False,0.9046513,0.001054211,0.09429452
184242,2022-11-21 12:00:00,93,2,2,False,0.13941906,0.00064730155,0.8599337
48597,2022-11-30 01:00:00,16,1,1,False,0.0011756337,0.9987457,7.861359e-05
165049,2022-11-26 04:00:00,67,0,0,False,0.99603516,0.0033342608,0.00063054246
306982,2022-12-31 01:00:00,249,0,0,False,0.9971148,0.0026980687,0.00018715969
131311,2022-11-20 15:00:00,268,1,1,False,0.08286885,0.9169912,0.00013994557
296641,2022-12-20 18:00:00,235,0,0,False,0.99569005,0.0033920256,0.0009179197
176601,2022-11-30 20:00:00,83,2,0,True,0.8360382,0.001012298,0.16294952
135005,2022-11-25 14:00:00,29,1,1,False,0.001073627,0.9988613,6.507746e-05
324486,2022-12-08 10:00:00,29,1,1,False,0.001058367,0.99886036,8.1271064e-05
28768,2022-11-08 03:00:00,135,2,2,False,0.06054622,0.0003560728,0.93909776
348376,2022-12-12 11:00:00,59,0,0,False,0.9842465,0.0012005077,0.014552977
7314,2022-11-07 23:00:00,108,1,0,True,0.60765076,0.39205003,0.0002992542
66858,2022-11-16 08:00:00,183,1,0,True,0.6917815,0.30412427,0.004094191
180393,2022-11-10 02:00:00,89,1,1,False,0.0010749265,0.99885106,7.400783e-05
259184,2022-12-22 05:00:00,187,2,2,False,0.03888447,0.00031135633,0.96080416
96835,2022-11-14 03:00:00,221,2,2,False,0.06668922,0.00034191308,0.9329689
219641,2022-12-26 21:00:00,137,0,0,False,0.992101,0.0075658504,0.00033308845
240931,2022-12-11 19:00:00,164,0,0,False,0.9826659,0.017137025,0.00019712247
286505,2022-12-18 22:00:00,221,2,2,False,0.25725317,0.0006104795,0.74213636
133198,2022-11-09 21:00:00,270,1,1,False,0.2381241,0.76156193,0.0003139622
120159,2022-11-02 18:00:00,253,2,0,True,0.766562,0.0013432152,0.23209484
31683,2022-11-10 12:00:00,139,1,0,True,0.61149,0.38814992,0.00036011907
82261,2022-11-02 12:00:00,202,2,0,True,0.72681206,0.0012385922,0.2719494
320389,2022-12-18 08:00:00,267,1,1,False,0.008126557,0.99133533,0.000538135
8733,2022-11-07 12:00:00,11,2,2,False,0.1477149,0.0006972714,0.8515878
254685,2022-12-14 02:00:00,181,2,2,False,0.032127455,0.00027007214,0.96760243
96204,2022-11-17 15:00:00,220,0,0,False,0.936035,0.06343593,0.0005290328
331735,2022-12-10 01:00:00,38,1,1,False,0.0009792686,0.99895346,6.727834e-05
120471,2022-11-15 20:00:00,253,2,2,False,0.3212177,0.0008574983,0.6779248
290787,2022-12-16 06:00:00,227,0,0,False,0.9971769,0.0007214396,0.0021016554
299184,2022-12-05 15:00:00,239,0,0,False,0.99506265,0.004678929,0.00025844786
69045,2022-11-18 02:00:00,186,2,2,False,0.40721625,0.0009537774,0.59183
146116,2022-11-11 21:00:00,43,2,0,True,0.92602086,0.0015046957,0.07247446
83053,2022-11-05 20:00:00,203,1,1,False,0.17991932,0.81990975,0.00017098148
269766,2022-12-11 14:00:00,20,1,1,False,0.001066074,0.99886477,6.9233945e-05
283930,2022-12-31 21:00:00,217,2,2,False,0.245048,0.00063311576,0.75431883
106675,2022-11-06 23:00:00,235,2,0,True,0.5294985,0.0011167085,0.4693848
75001,2022-11-27 22:00:00,193,0,0,False,0.9883542,0.011298839,0.00034691315
370769,2022-12-14 05:00:00,89,1,1,False,0.0011020671,0.9988192,7.876977e-05
347659,2022-12-12 15:00:00,58,2,2,False,0.33620724,0.0008314604,0.6629613
59833,2022-11-21 13:00:00,174,1,1,False,0.29626852,0.70345813,0.00027337487
254807,2022-12-20 00:00:00,181,2,2,False,0.060904287,0.0003334763,0.9387622
363961,2022-12-31 21:00:00,8,1,1,False,0.2822886,0.71744007,0.00027126883
302705,2022-12-02 03:00:00,244,2,2,False,0.07465839,0.00044556457,0.924896
133555,2022-11-24 18:00:00,270,1,0,True,0.79060084,0.20813438,0.0012647344
69597,2022-11-11 07:00:00,187,2,0,True,0.74735403,0.0008277296,0.2518182
85771,2022-11-29 19:00:00,206,1,1,False,0.32861197,0.6710359,0.00035213755
162938,2022-11-27 14:00:00,64,2,2,False,0.454923,0.00077158073,0.54430544
106866,2022-11-15 00:00:00,235,2,2,False,0.047118407,0.00029712994,0.95258445
29619,2022-11-13 21:00:00,136,2,2,False,0.28335688,0.00074865273,0.71589446
275073,2022-12-23 08:00:00,206,0,0,False,0.90066016,0.09895932,0.00038057903
74539,2022-11-08 16:00:00,193,1,1,False,0.29223722,0.7074598,0.0003029471
220225,2022-12-21 04:00:00,138,0,0,False,0.98093516,0.018793644,0.0002712755
364450,2022-12-22 05:00:00,80,2,2,False,0.04545721,0.0003904145,0.95415235
167825,2022-11-22 16:00:00,72,0,0,False,0.9967771,0.0013451525,0.0018777442
356086,2022-12-03 06:00:00,7,1,1,False,0.058543704,0.9412862,0.00017008442
27309,2022-11-06 22:00:00,133,2,2,False,0.15623441,0.00063159916,0.843134
96141,2022-11-15 00:00:00,220,2,2,False,0.43892357,0.00081697,0.56025946
93120,2022-11-08 05:00:00,216,1,1,False,0.03282296,0.96707684,0.000100266654
34459,2022-11-06 22:00:00,142,1,1,False,0.0010906941,0.9988411,6.818828e-05
263888,2022-12-07 00:00:00,193,0,0,False,0.9968867,0.0029298742,0.00018347164
103379,2022-11-18 16:00:00,230,2,2,False,0.31460786,0.0007873578,0.6846048
355979,2022-12-29 18:00:00,69,0,0,False,0.9796651,0.0016626081,0.018672306
134403,2022-11-30 07:00:00,28,1,1,False,0.0010263225,0.9989017,7.1914226e-05
234589,2022-12-18 07:00:00,156,1,1,False,0.0039644535,0.9958437,0.00019184059
234552,2022-12-16 09:00:00,156,1,1,False,0.0010536129,0.9988778,6.851339e-05
167200,2022-11-26 10:00:00,71,0,0,False,0.9965211,0.0024902693,0.0009886194
56013,2022-11-11 08:00:00,17,0,0,False,0.9856651,0.007887813,0.0064471383
284324,2022-12-17 17:00:00,218,1,1,False,0.0031623384,0.9966472,0.00019050488
87308,2022-11-04 09:00:00,209,0,0,False,0.9557894,0.043383427,0.0008271742
151751,2022-11-08 06:00:00,50,2,0,True,0.68392766,0.0008759563,0.31519637
137827,2022-11-24 00:00:00,32,1,1,False,0.047808323,0.9519978,0.000193887
33283,2022-11-17 14:00:00,140,0,0,False,0.9547467,0.00081824086,0.044435024
288153,2022-12-27 14:00:00,223,0,0,False,0.9921366,0.00087622815,0.006987179
96139,2022-11-14 22:00:00,220,2,2,False,0.20050912,0.0005442979,0.79894656
40410,2022-11-16 15:00:00,15,0,0,False,0.9963988,0.0014802048,0.0021209538
372967,2022-12-15 16:00:00,91,0,0,False,0.94807816,0.04878143,0.0031403848
80469,2022-11-17 10:00:00,20,1,1,False,0.0010445637,0.99887985,7.56323e-05
104511,2022-11-06 04:00:00,232,2,0,True,0.5497168,0.0009727282,0.44931045
150011,2022-11-25 05:00:00,48,2,2,False,0.08293947,0.00052010396,0.91654044
99673,2022-11-13 05:00:00,225,0,0,False,0.99377245,0.005990357,0.00023720457
132949,2022-11-29 07:00:00,27,0,0,False,0.9758641,0.022530572,0.0016053651
61050,2022-11-12 16:00:00,176,0,0,False,0.9922854,0.0065525603,0.0011620129
143819,2022-11-05 11:00:00,40,1,0,True,0.7599619,0.2398104,0.00022764255
20588,2022-11-24 21:00:00,124,2,2,False,0.460272,0.0010065442,0.53872144
309950,2022-12-03 14:00:00,253,2,2,False,0.4782908,0.00065578346,0.52105343
179222,2022-11-20 21:00:00,87,0,0,False,0.96623224,0.033544723,0.0002230265
52498,2022-11-13 20:00:00,165,1,1,False,0.053256806,0.9464056,0.00033761625
249597,2022-12-12 09:00:00,175,1,0,True,0.6332995,0.36641404,0.00028649537
223500,2022-12-06 12:00:00,142,1,1,False,0.0010867364,0.998844,6.925893e-05
377099,2022-12-07 14:00:00,97,2,2,False,0.29550073,0.0007044414,0.70379484
60820,2022-11-03 00:00:00,176,2,2,False,0.45207375,0.0010291191,0.5468971
7827,2022-11-29 10:00:00,108,2,0,True,0.7498706,0.0013811196,0.24874829
138003,2022-11-01 08:00:00,33,1,0,True,0.8196106,0.18011646,0.00027289207
179010,2022-11-12 01:00:00,87,2,2,False,0.0771335,0.00040255327,0.922464
165124,2022-11-29 07:00:00,67,0,0,False,0.9607985,0.03850906,0.0006923904
185907,2022-11-01 07:00:00,96,1,1,False,0.0010472267,0.9988758,7.700141e-05
298713,2022-12-16 01:00:00,238,0,0,False,0.9985429,0.00068721024,0.00076992414
218349,2022-12-02 04:00:00,136,2,2,False,0.10204872,0.0005712063,0.89738005
53655,2022-11-02 06:00:00,167,1,1,False,0.089014396,0.91080093,0.00018465673
212990,2022-12-20 01:00:00,129,0,0,False,0.9977094,0.00088133645,0.0014093048
80472,2022-11-17 13:00:00,20,1,1,False,0.0010509182,0.9988728,7.626633e-05
19074,2022-11-21 09:00:00,122,1,1,False,0.43628508,0.5633996,0.0003153597
107578,2022-11-14 21:00:00,236,2,2,False,0.15244867,0.00050727726,0.847044
304214,2022-12-04 22:00:00,246,1,1,False,0.26479813,0.73493415,0.00026772448
232780,2022-12-02 15:00:00,154,1,0,True,0.8871388,0.11198796,0.00087325706
128598,2022-11-26 18:00:00,264,0,0,False,0.9856501,0.014014391,0.0003354951
68950,2022-11-14 03:00:00,186,2,2,False,0.06609888,0.000363774,0.93353736
246063,2022-12-15 08:00:00,170,2,0,True,0.5967183,0.000937902,0.40234378
318186,2022-12-16 07:00:00,264,0,0,False,0.98512924,0.00084409025,0.014026695
268847,2022-12-03 08:00:00,2,1,1,False,0.051044974,0.9487449,0.00021015326
172886,2022-11-25 00:00:00,79,2,0,True,0.5033987,0.0011909016,0.49541038
254400,2022-12-02 05:00:00,181,2,2,False,0.025617074,0.00025226426,0.97413063
71509,2022-11-01 09:00:00,19,1,1,False,0.19583412,0.80380976,0.00035612637
277574,2022-12-06 11:00:00,21,0,0,False,0.99572986,0.004002134,0.0002680268
337886,2022-12-26 22:00:00,45,0,0,False,0.95515406,0.044293966,0.00055202184
207171,2022-12-17 11:00:00,121,0,0,False,0.99666613,0.0023937796,0.00094012445
246915,2022-12-21 17:00:00,171,0,0,False,0.96813,0.03161299,0.00025703298
65688,2022-11-27 04:00:00,181,2,0,True,0.5350374,0.00084212364,0.46412054
352104,2022-12-17 23:00:00,63,0,0,False,0.8837753,0.11580284,0.00042186287
288169,2022-12-28 06:00:00,223,2,2,False,0.2606845,0.0005380289,0.73877746
258679,2022-12-31 05:00:00,186,2,2,False,0.05110478,0.00034200074,0.9485532
191998,2022-12-15 18:00:00,102,1,1,False,0.24256216,0.7566724,0.00076539355
188965,2022-12-09 13:00:00,1,1,1,False,0.0010822673,0.9988506,6.7190245e-05
25332,2022-11-14 00:00:00,130,0,0,False,0.8463295,0.1534709,0.00019962272
58836,2022-11-09 19:00:00,173,0,0,False,0.99648535,0.002527685,0.0009869387
366369,2022-12-11 03:00:00,83,2,2,False,0.105486564,0.0005530751,0.8939603
271762,2022-12-04 15:00:00,202,1,1,False,0.34380302,0.65583724,0.00035978216
99152,2022-11-21 07:00:00,224,1,0,True,0.8944974,0.104962036,0.0005406071
254809,2022-12-20 02:00:00,181,2,2,False,0.062349476,0.0003807526,0.9372697
75825,2022-11-02 11:00:00,195,1,0,True,0.6398418,0.35988548,0.0002726965
139284,2022-11-25 03:00:00,34,0,0,False,0.88112575,0.11868078,0.00019340991
1820,2022-11-17 11:00:00,100,2,2,False,0.06995884,0.0003836366,0.92965746
332083,2022-12-25 11:00:00,38,1,1,False,0.00105115,0.9988815,6.7369794e-05
146095,2022-11-11 00:00:00,43,2,0,True,0.75477713,0.0018314306,0.24339144
171197,2022-11-14 05:00:00,77,2,2,False,0.030405346,0.0003022046,0.96929246
354262,2022-12-17 18:00:00,66,1,0,True,0.8869736,0.11275069,0.00027566674
180181,2022-11-01 01:00:00,89,1,1,False,0.0010409605,0.9988939,6.519282e-05
340902,2022-12-01 11:00:00,5,0,0,False,0.8910547,0.10851174,0.00043355254
237655,2022-12-26 10:00:00,16,1,1,False,0.0011163373,0.99880826,7.538062e-05
324425,2022-12-05 21:00:00,29,1,1,False,0.0010019491,0.99893564,6.238113e-05
6546,2022-11-05 18:00:00,107,1,0,True,0.9647248,0.035069317,0.00020591138
96695,2022-11-08 05:00:00,221,2,2,False,0.056872386,0.0003280541,0.94279957
124040,2022-11-15 14:00:00,259,2,0,True,0.5298669,0.00094253133,0.46919063
135967,2022-11-06 00:00:00,30,1,1,False,0.081865326,0.91795915,0.00017549563
345732,2022-12-23 09:00:00,55,0,0,False,0.9974986,0.0021359844,0.00036537467
262325,2022-12-01 23:00:00,191,0,0,False,0.994799,0.004844099,0.00035693013
331561,2022-12-02 19:00:00,38,1,1,False,0.005543476,0.9941764,0.00028010638
129441,2022-11-02 02:00:00,266,0,0,False,0.99458826,0.005102792,0.00030893864
8909,2022-11-14 22:00:00,11,1,1,False,0.14399812,0.85583454,0.00016731578
5642,2022-11-27 18:00:00,105,2,0,True,0.9028733,0.0007856696,0.09634108
10396,2022-11-17 07:00:00,111,0,0,False,0.9870788,0.0112041235,0.0017171596
348260,2022-12-07 15:00:00,59,0,0,False,0.97073066,0.0013909776,0.027878338
235584,2022-12-30 06:00:00,157,0,0,False,0.99684346,0.002054881,0.0011016285
96643,2022-11-06 01:00:00,221,2,0,True,0.8397823,0.0008710882,0.15934667
28077,2022-11-09 05:00:00,134,2,2,False,0.0689331,0.00048950955,0.9305774
65130,2022-11-03 20:00:00,181,2,2,False,0.41173494,0.0007906952,0.58747435
109091,2022-11-18 08:00:00,238,2,0,True,0.83198357,0.0006857511,0.1673307
174558,2022-11-05 05:00:00,81,2,2,False,0.07528246,0.00047224984,0.92424524
215806,2022-12-16 09:00:00,132,2,0,True,0.52595574,0.00092937105,0.47311488
167426,2022-11-05 23:00:00,72,0,0,False,0.99103314,0.0079093585,0.0010575445
32506,2022-11-15 00:00:00,14,1,1,False,0.09127185,0.90859246,0.00013569991
221507,2022-12-13 14:00:00,14,0,0,False,0.9524853,0.047256276,0.00025838224
96096,2022-11-13 03:00:00,220,2,2,False,0.034755066,0.00029116325,0.9649537
346875,2022-12-10 00:00:00,57,1,0,True,0.9859854,0.013518058,0.00049650425
10320,2022-11-14 03:00:00,111,1,1,False,0.053941343,0.9458851,0.00017353494
218016,2022-12-19 04:00:00,135,2,2,False,0.08248972,0.00046859993,0.9170416
95029,2022-11-28 06:00:00,218,0,0,False,0.9911533,0.008715181,0.00013151676
113740,2022-11-03 10:00:00,245,1,1,False,0.0030783091,0.9967204,0.00020126316
61085,2022-11-14 03:00:00,176,0,0,False,0.99428904,0.00045902902,0.0052519017
166746,2022-11-07 10:00:00,71,0,0,False,0.95419437,0.045506235,0.0002993621
324066,2022-12-21 21:00:00,28,1,1,False,0.0009856038,0.99895465,5.9699298e-05
69606,2022-11-11 16:00:00,187,2,2,False,0.11881317,0.00074864895,0.88043815
175649,2022-11-20 23:00:00,82,2,2,False,0.11832936,0.0004938903,0.88117677
255077,2022-12-31 08:00:00,181,2,2,False,0.47709203,0.0008130657,0.52209485
133392,2022-11-17 23:00:00,270,1,1,False,0.08408474,0.9157823,0.00013293087
27500,2022-11-14 23:00:00,133,2,2,False,0.16932288,0.0005875943,0.8300895
156985,2022-11-17 21:00:00,57,2,2,False,0.3384942,0.0011198937,0.66038585
14545,2022-11-11 10:00:00,117,1,1,False,0.27026942,0.72950745,0.00022311813
284189,2022-12-11 17:00:00,218,1,1,False,0.0011186008,0.9988092,7.2237555e-05
161953,2022-11-16 08:00:00,63,1,1,False,0.12149297,0.8783114,0.0001956893
152527,2022-11-10 21:00:00,51,2,2,False,0.47351497,0.0014729537,0.5250121
366109,2022-12-31 06:00:00,82,2,2,False,0.21758537,0.0005717853,0.7818429
105944,2022-11-06 07:00:00,234,2,2,False,0.11647282,0.0005651147,0.882962
119452,2022-11-03 02:00:00,252,1,1,False,0.037179902,0.96266,0.0001600766
52817,2022-11-27 03:00:00,165,1,1,False,0.023855686,0.9758303,0.0003139962
218875,2022-12-25 00:00:00,136,0,0,False,0.99631137,0.0015790642,0.0021095097
80973,2022-11-08 15:00:00,200,0,0,False,0.9314548,0.06778712,0.00075806613
78302,2022-11-16 12:00:00,198,2,2,False,0.21562995,0.00066178094,0.7837083
58872,2022-11-11 07:00:00,173,0,0,False,0.99552274,0.003467451,0.0010097865
140927,2022-11-04 03:00:00,37,1,1,False,0.026624449,0.9732862,8.932244e-05
61319,2022-11-23 21:00:00,176,2,2,False,0.24669419,0.0007290725,0.75257677
322868,2022-12-01 02:00:00,270,1,1,False,0.031558946,0.96834385,9.71283e-05
108189,2022-11-10 13:00:00,237,0,0,False,0.974394,0.025373604,0.00023238888
341862,2022-12-11 10:00:00,50,0,0,False,0.98107094,0.0006266186,0.018302456
302264,2022-12-13 19:00:00,243,0,0,False,0.98129785,0.01844583,0.00025635143
103290,2022-11-14 23:00:00,230,2,2,False,0.10718939,0.0005163344,0.89229435
202569,2022-12-05 14:00:00,116,0,0,False,0.9965513,0.0031602192,0.0002884854
60364,2022-11-13 21:00:00,175,2,0,True,0.8690456,0.0011610945,0.1297933
38060,2022-11-08 00:00:00,147,1,1,False,0.0010116581,0.998928,6.0323116e-05
109216,2022-11-23 13:00:00,238,0,0,False,0.9974146,0.0019467688,0.0006385608
190158,2022-12-30 03:00:00,10,1,1,False,0.09737937,0.90239793,0.00022271536
222429,2022-12-22 21:00:00,140,0,0,False,0.99700695,0.0022406238,0.0007523861
40719,2022-11-29 12:00:00,15,0,0,False,0.9961175,0.0027384402,0.0011440812
233391,2022-12-29 00:00:00,154,0,0,False,0.62419945,0.3753713,0.0004292521
160889,2022-11-01 14:00:00,62,2,2,False,0.31384543,0.00092068186,0.6852339
240387,2022-12-20 00:00:00,163,0,0,False,0.9969272,0.0019785096,0.001094346
114279,2022-11-25 23:00:00,245,1,1,False,0.0010466307,0.9988921,6.121228e-05
34446,2022-11-06 09:00:00,142,1,1,False,0.0011222919,0.99880564,7.2118484e-05
188169,2022-11-06 07:00:00,99,1,1,False,0.057461627,0.94235736,0.0001810447
297323,2022-12-19 01:00:00,236,2,2,False,0.053272493,0.00040444368,0.9463231
241630,2022-12-10 21:00:00,165,2,2,False,0.30704838,0.0030992609,0.68985236
95637,2022-11-23 19:00:00,219,0,0,False,0.9901938,0.008855299,0.0009508411
234924,2022-12-01 20:00:00,157,1,1,False,0.3772332,0.6212926,0.001474213
315273,2022-12-15 02:00:00,260,0,0,False,0.9979214,0.0017716838,0.00030696482
65736,2022-11-29 04:00:00,181,2,2,False,0.06694725,0.00040518426,0.9326476
301320,2022-12-04 12:00:00,242,0,0,False,0.99828917,0.0008116199,0.0008992171
336733,2022-12-08 00:00:00,44,2,0,True,0.8684367,0.0011461757,0.13041715
100250,2022-11-07 09:00:00,226,1,0,True,0.8256522,0.17395021,0.00039760277
250255,2022-12-09 18:00:00,176,0,0,False,0.99763775,0.0018739266,0.0004883276
105341,2022-11-11 01:00:00,233,2,2,False,0.04134304,0.0003081935,0.95834875
61163,2022-11-17 09:00:00,176,0,0,False,0.68786126,0.31174555,0.000393151
92629,2022-11-17 15:00:00,215,0,0,False,0.73162055,0.26796806,0.00041137662
269722,2022-12-09 18:00:00,20,1,1,False,0.0010523305,0.998882,6.566326e-05
140290,2022-11-07 09:00:00,36,2,0,True,0.8996982,0.0012782338,0.09902354
170483,2022-11-14 06:00:00,76,2,2,False,0.10474388,0.00053318025,0.89472294
62683,2022-11-21 03:00:00,178,2,2,False,0.034746014,0.00026085542,0.9649931
119541,2022-11-06 19:00:00,252,0,0,False,0.99291295,0.0068091047,0.00027798954
203558,2022-12-16 18:00:00,117,0,0,False,0.9782581,0.021216342,0.00052552857
93184,2022-11-10 23:00:00,216,0,0,False,0.87442726,0.12528183,0.0002909289
94882,2022-11-22 03:00:00,218,1,1,False,0.08757453,0.912285,0.0001404911
46081,2022-11-14 14:00:00,157,1,0,True,0.56652117,0.43271026,0.0007685771
329401,2022-12-02 22:00:00,35,1,1,False,0.004153204,0.99570113,0.00014561818
233265,2022-12-23 18:00:00,154,1,1,False,0.26923227,0.7304298,0.00033789966
178895,2022-11-07 04:00:00,87,0,0,False,0.8670541,0.13278857,0.0001573121
58740,2022-11-05 17:00:00,173,0,0,False,0.9980761,0.0010590288,0.00086487766
68565,2022-11-27 21:00:00,185,2,2,False,0.13093972,0.0005746939,0.8684855
237649,2022-12-26 04:00:00,16,1,1,False,0.0010633,0.9988637,7.300848e-05
3872,2022-11-13 14:00:00,103,0,0,False,0.9299145,0.001152754,0.06893281
332202,2022-12-30 10:00:00,38,1,1,False,0.013789588,0.9857188,0.00049162755
134277,2022-11-25 01:00:00,28,1,1,False,0.0038169085,0.9960521,0.00013107085
172359,2022-11-02 23:00:00,79,2,2,False,0.18349224,0.0007285695,0.81577915
69522,2022-11-08 02:00:00,187,2,2,False,0.09862006,0.00047356222,0.9009064
216180,2022-12-01 22:00:00,133,2,0,True,0.8960488,0.00079035305,0.10316082
150683,2022-11-23 10:00:00,49,1,1,False,0.3390039,0.6606055,0.00039061194
161670,2022-11-04 11:00:00,63,1,1,False,0.46733302,0.5322562,0.00041083444
356495,2022-12-21 05:00:00,7,1,1,False,0.035069525,0.9648142,0.00011628782
316075,2022-12-19 07:00:00,261,0,0,False,0.9672917,0.03179818,0.0009100718
165372,2022-11-09 20:00:00,69,0,0,False,0.9944359,0.0038643372,0.0016997603
88812,2022-11-07 11:00:00,210,0,1,True,0.39131844,0.6083555,0.00032602384
168189,2022-11-07 23:00:00,73,0,0,False,0.9800504,0.019657152,0.00029241407
118898,2022-11-09 21:00:00,251,0,0,False,0.9704583,0.028800137,0.0007414655
185434,2022-11-11 14:00:00,95,2,0,True,0.76069367,0.0010619642,0.2382444
289725,2022-12-02 01:00:00,226,2,0,True,0.59943116,0.00091072207,0.3996581
371543,2022-12-16 10:00:00,9,2,0,True,0.96003926,0.035624187,0.0043365145
114260,2022-11-25 04:00:00,245,1,1,False,0.0010798331,0.99885154,6.859973e-05
154473,2022-11-02 09:00:00,54,1,0,True,0.8575998,0.14213511,0.0002650875
339220,2022-12-22 10:00:00,47,1,1,False,0.20478274,0.7949073,0.00031000437
51905,2022-11-18 22:00:00,164,1,1,False,0.15475914,0.84503037,0.00021046957
294538,2022-12-23 06:00:00,232,2,2,False,0.1050814,0.0004202018,0.8944984
207833,2022-12-14 15:00:00,122,0,0,False,0.9637327,0.036057983,0.0002093498
88845,2022-11-08 22:00:00,210,0,0,False,0.93932676,0.058800936,0.0018723093
100982,2022-11-08 02:00:00,227,2,2,False,0.034111,0.0002711044,0.96561784
178851,2022-11-05 08:00:00,87,1,1,False,0.0031501022,0.9968034,4.652284e-05
167491,2022-11-08 18:00:00,72,1,1,False,0.31655708,0.68284136,0.0006015193
63639,2022-11-01 04:00:00,18,1,1,False,0.017314235,0.98247886,0.00020685137
188892,2022-12-06 12:00:00,1,1,1,False,0.0034714225,0.9964064,0.00012219326
113426,2022-11-20 05:00:00,244,0,0,False,0.85799396,0.0009241319,0.14108193
145234,2022-11-04 20:00:00,42,2,2,False,0.24859607,0.0006560243,0.7507479
114084,2022-11-17 20:00:00,245,1,1,False,0.0010020767,0.9989305,6.74071e-05
315184,2022-12-11 09:00:00,260,1,1,False,0.07015533,0.9296963,0.0001483037
365206,2022-12-23 16:00:00,81,1,0,True,0.985698,0.013720827,0.00058121356
103128,2022-11-08 03:00:00,230,2,2,False,0.029338405,0.00028444015,0.9703772
197087,2022-12-17 21:00:00,109,0,0,False,0.9787219,0.02061657,0.0006614647
113831,2022-11-07 05:00:00,245,1,1,False,0.0010661295,0.9988686,6.531227e-05
65306,2022-11-11 06:00:00,181,2,2,False,0.120464444,0.00047095248,0.8790646
65327,2022-11-12 03:00:00,181,2,2,False,0.106577314,0.000533692,0.89288896
180686,2022-11-22 07:00:00,89,1,1,False,0.00107324,0.99884963,7.712198e-05
96499,2022-11-29 22:00:00,220,2,0,True,0.8399123,0.0015296098,0.15855809
92021,2022-11-22 02:00:00,214,2,2,False,0.0804217,0.0004439322,0.9191343
21818,2022-11-16 13:00:00,126,2,2,False,0.16244414,0.0006652319,0.8368906
207582,2022-12-04 04:00:00,122,0,0,False,0.99162745,0.008219649,0.00015286525
136680,2022-11-05 22:00:00,31,2,0,True,0.98175174,0.0011133816,0.017134892
47970,2022-11-03 20:00:00,16,1,1,False,0.0011197189,0.9988011,7.9153906e-05
274812,2022-12-11 13:00:00,206,0,0,False,0.94072074,0.05895245,0.00032686253
101125,2022-11-14 03:00:00,227,2,2,False,0.020176588,0.00020903817,0.9796143
178296,2022-11-12 02:00:00,86,0,0,False,0.99505794,0.0047094133,0.00023264468
84967,2022-11-26 02:00:00,205,0,0,False,0.98242044,0.01740832,0.00017125692
67613,2022-11-18 00:00:00,184,1,1,False,0.00101602,0.9989225,6.144782e-05
370960,2022-12-23 02:00:00,89,1,1,False,0.0010939708,0.9988386,6.742694e-05
292440,2022-12-25 23:00:00,229,0,0,False,0.9907188,0.008919352,0.00036187092
184971,2022-11-22 02:00:00,94,0,0,False,0.9968982,0.00046529464,0.002636594
40211,2022-11-08 06:00:00,15,0,0,False,0.9955778,0.004168527,0.00025363464
218882,2022-12-25 07:00:00,136,0,0,False,0.990166,0.009569686,0.00026434858
268103,2022-12-02 09:00:00,199,1,1,False,0.29336303,0.70633066,0.00030629663
11473,2022-11-02 09:00:00,113,2,2,False,0.1226971,0.00065137225,0.87665147
46966,2022-11-21 16:00:00,158,1,0,True,0.91073954,0.08895864,0.0003018189
269844,2022-12-14 20:00:00,20,1,1,False,0.0010113055,0.99892265,6.602487e-05
212792,2022-12-10 23:00:00,129,2,0,True,0.76668906,0.000913329,0.23239759
59068,2022-11-19 11:00:00,173,0,0,False,0.99711645,0.00056424097,0.0023192926
360804,2022-12-20 10:00:00,76,0,0,False,0.8376917,0.16194402,0.00036428636
41510,2022-11-02 19:00:00,151,1,0,True,0.6907915,0.30780205,0.0014064561
67399,2022-11-09 02:00:00,184,2,2,False,0.09539636,0.00045536022,0.9041483
162338,2022-11-02 09:00:00,64,2,2,False,0.17114459,0.0007420311,0.8281134
61560,2022-11-04 01:00:00,177,2,2,False,0.14883204,0.00063111784,0.8505369
258057,2022-12-04 09:00:00,186,2,2,False,0.102708876,0.00051926344,0.8967719
256560,2022-12-02 02:00:00,184,0,0,False,0.9976273,0.0015897591,0.00078299316
325106,2022-12-04 05:00:00,3,0,0,False,0.9159888,0.08361653,0.00039470437
65108,2022-11-02 22:00:00,181,2,2,False,0.4744108,0.0010569028,0.5245323
45236,2022-11-09 04:00:00,156,1,1,False,0.12126229,0.87852085,0.00021691922
112537,2022-11-12 23:00:00,243,2,2,False,0.09049767,0.0004026888,0.90909964
174806,2022-11-15 15:00:00,81,1,0,True,0.86708045,0.13244069,0.00047888653
113885,2022-11-09 13:00:00,245,1,1,False,0.0010823496,0.998838,7.962214e-05
248350,2022-12-21 10:00:00,173,0,0,False,0.9895068,0.0018561693,0.008637036
209289,2022-12-15 05:00:00,124,1,1,False,0.030363385,0.96953255,0.00010400741
196291,2022-12-14 09:00:00,108,2,0,True,0.5068517,0.00152652,0.49162182
61589,2022-11-05 06:00:00,177,2,0,True,0.86617583,0.0008638762,0.13296035
166580,2022-11-30 09:00:00,7,1,1,False,0.13613573,0.86372167,0.0001426533
186205,2022-11-13 22:00:00,96,1,0,True,0.9508085,0.048971627,0.00021990908
223370,2022-12-01 02:00:00,142,1,1,False,0.00108488,0.9988423,7.279876e-05
243275,2022-12-20 04:00:00,167,1,1,False,0.11602196,0.88381183,0.00016617539
280328,2022-12-01 01:00:00,213,2,0,True,0.9893316,0.00071311323,0.009955232
135140,2022-11-01 05:00:00,3,1,0,True,0.8241554,0.17553821,0.00030639634
268986,2022-12-09 03:00:00,2,1,1,False,0.0010388927,0.9988938,6.731141e-05
363607,2022-12-16 05:00:00,8,1,1,False,0.03630063,0.96353024,0.00016914916
302058,2022-12-05 05:00:00,243,0,0,False,0.9981263,0.0013063021,0.0005673655
135896,2022-11-03 01:00:00,30,1,1,False,0.056463726,0.9433715,0.00016485387
290426,2022-12-01 05:00:00,227,2,2,False,0.040151585,0.00035436824,0.95949405
149088,2022-11-16 13:00:00,47,1,1,False,0.097455055,0.90240985,0.00013507094
48564,2022-11-28 16:00:00,16,1,1,False,0.0011590169,0.9987669,7.4140895e-05
35635,2022-11-26 05:00:00,143,1,1,False,0.0010656989,0.9988667,6.7694615e-05
96920,2022-11-17 16:00:00,221,2,0,True,0.7611271,0.00095070456,0.23792222
11513,2022-11-04 04:00:00,113,1,1,False,0.027661724,0.97221065,0.00012759336
47907,2022-11-01 02:00:00,16,1,1,False,0.0011295726,0.99879754,7.284752e-05
357567,2022-12-04 21:00:00,72,0,0,False,0.99711215,0.0022957516,0.0005920892
186158,2022-11-11 23:00:00,96,1,1,False,0.202549,0.7972446,0.00020637459
43639,2022-11-02 00:00:00,154,1,1,False,0.14459825,0.855249,0.00015278526
167818,2022-11-22 09:00:00,72,2,0,True,0.6722965,0.001273392,0.3264301
251108,2022-12-15 06:00:00,177,0,0,False,0.9686636,0.030672105,0.00066433736
178405,2022-11-16 15:00:00,86,0,0,False,0.9535788,0.046015896,0.00040530937
269480,2022-12-30 15:00:00,2,1,1,False,0.0035050663,0.9963736,0.000121289355
48135,2022-11-10 19:00:00,16,1,1,False,0.0011370596,0.9987902,7.2753595e-05
294431,2022-12-18 06:00:00,232,2,2,False,0.056674473,0.0004383956,0.94288707
11537,2022-11-05 04:00:00,113,1,1,False,0.09420403,0.90561914,0.00017679122
303233,2022-12-25 01:00:00,244,0,0,False,0.9981086,0.00057035,0.0013209928
218221,2022-12-27 19:00:00,135,2,0,True,0.5087891,0.0010031128,0.49020776
24542,2022-11-10 21:00:00,13,1,0,True,0.64814067,0.3507454,0.0011139376
105692,2022-11-25 16:00:00,233,2,2,False,0.05194642,0.0003354244,0.9477182
4536,2022-11-11 11:00:00,104,0,0,False,0.9965527,0.0012241107,0.0022231536
288876,2022-12-27 16:00:00,224,0,0,False,0.9950765,0.0014902286,0.0034332655
294224,2022-12-09 06:00:00,232,2,2,False,0.21720314,0.00058536034,0.7822115
312774,2022-12-01 02:00:00,258,0,0,False,0.9880817,0.011756386,0.00016194068
202557,2022-12-05 02:00:00,116,0,0,False,0.9952178,0.004464995,0.00031718236
175499,2022-11-14 17:00:00,82,2,2,False,0.45279083,0.00082307606,0.5463861
217520,2022-12-28 15:00:00,134,0,0,False,0.87595516,0.0012273178,0.12281755
61690,2022-11-09 13:00:00,177,2,0,True,0.92996293,0.0006080253,0.06942907
165988,2022-11-05 15:00:00,7,1,1,False,0.42548543,0.57417256,0.0003420257
363982,2022-12-01 19:00:00,80,2,0,True,0.9943157,0.0027722467,0.0029120164
302580,2022-12-27 21:00:00,243,2,2,False,0.11241556,0.000626802,0.8869577
202065,2022-12-14 15:00:00,115,0,0,False,0.9977126,0.0012205649,0.0010668723
329527,2022-12-08 04:00:00,35,1,1,False,0.0010125914,0.9989165,7.0910966e-05
39212,2022-11-26 07:00:00,148,0,0,False,0.99715793,0.0009016121,0.0019404187
88423,2022-11-21 03:00:00,21,1,1,False,0.027183061,0.9726959,0.00012101805
98917,2022-11-11 12:00:00,224,1,0,True,0.60565084,0.39402917,0.00031996617
261505,2022-12-28 19:00:00,19,2,2,False,0.28933576,0.0007339503,0.7099303
128352,2022-11-16 12:00:00,264,1,0,True,0.7906916,0.20903382,0.00027455718
360245,2022-12-27 06:00:00,75,0,0,False,0.99771994,0.0008899605,0.0013900754
285192,2022-12-24 09:00:00,219,0,0,False,0.9964587,0.0024774326,0.0010638637
96242,2022-11-19 05:00:00,220,2,2,False,0.15169047,0.00075984694,0.84754974
96811,2022-11-13 03:00:00,221,2,2,False,0.06915396,0.00035396853,0.9304921
236734,2022-12-17 13:00:00,159,1,1,False,0.31970906,0.67998284,0.00030808352
73243,2022-11-14 06:00:00,191,1,1,False,0.0010587086,0.99887604,6.520658e-05
335492,2022-12-16 09:00:00,42,0,0,False,0.9682142,0.029186305,0.002599514
142304,2022-11-01 19:00:00,39,0,0,False,0.9913497,0.008362774,0.0002875215
145996,2022-11-06 19:00:00,43,2,2,False,0.26708946,0.0013704484,0.7315401
52280,2022-11-04 16:00:00,165,1,1,False,0.26050752,0.7385574,0.000935112
268936,2022-12-07 01:00:00,2,1,1,False,0.0041941567,0.99563307,0.00017279913
56629,2022-11-07 03:00:00,170,0,0,False,0.99482733,0.004796949,0.0003757394
45629,2022-11-25 13:00:00,156,1,1,False,0.0010641965,0.99887246,6.336395e-05
177690,2022-11-16 15:00:00,85,2,2,False,0.12194193,0.00047239565,0.87758565
28075,2022-11-09 03:00:00,134,2,2,False,0.15082255,0.00066614803,0.84851134
241816,2022-12-19 11:00:00,165,0,0,False,0.9513226,0.006609375,0.042067975
256363,2022-12-24 20:00:00,183,1,1,False,0.4418958,0.5577193,0.00038488096
11475,2022-11-02 11:00:00,113,2,2,False,0.12482329,0.00055871386,0.874618
87722,2022-11-21 17:00:00,209,0,0,False,0.98061794,0.0186773,0.0007047878
138928,2022-11-10 07:00:00,34,0,0,False,0.99642867,0.0016994146,0.0018719358
112816,2022-11-24 14:00:00,243,1,0,True,0.7285589,0.2710024,0.00043872607
335146,2022-12-01 23:00:00,42,2,2,False,0.09628924,0.00059738295,0.90311337
295901,2022-12-19 21:00:00,234,0,0,False,0.99394965,0.0019605889,0.004089814
224618,2022-12-23 23:00:00,143,1,1,False,0.0010238001,0.9989139,6.231745e-05
100338,2022-11-11 03:00:00,226,2,2,False,0.0925808,0.00046548044,0.9069537
87157,2022-11-27 23:00:00,208,2,2,False,0.4940756,0.0016203023,0.5043041
31528,2022-11-03 23:00:00,139,0,0,False,0.9930006,0.0056475103,0.0013518819
293804,2022-12-22 17:00:00,231,0,0,False,0.9922001,0.0010307156,0.0067692045
279868,2022-12-11 22:00:00,212,0,0,False,0.9826032,0.016334223,0.0010626018
161820,2022-11-10 19:00:00,63,1,0,True,0.7610815,0.2384958,0.0004226527
163420,2022-11-17 21:00:00,65,0,0,False,0.8758181,0.12337858,0.000803393
303795,2022-12-17 21:00:00,245,1,1,False,0.0029655031,0.99685377,0.0001807682
356568,2022-12-24 06:00:00,7,0,0,False,0.99730706,0.0021947168,0.000498268
331773,2022-12-11 15:00:00,38,1,1,False,0.001087017,0.99884367,6.9333386e-05
151773,2022-11-09 06:00:00,50,0,0,False,0.9962458,0.00080185145,0.0029523545
40586,2022-11-23 23:00:00,15,1,0,True,0.96412194,0.035492502,0.0003855557
159181,2022-11-20 00:00:00,6,0,0,False,0.9972861,0.0019577448,0.00075623154
356499,2022-12-21 09:00:00,7,1,1,False,0.2083109,0.79134405,0.0003450043
224017,2022-12-28 23:00:00,142,1,1,False,0.0010443851,0.99889106,6.453515e-05
188520,2022-11-21 00:00:00,99,1,1,False,0.076731324,0.92308766,0.00018103606
217909,2022-12-13 21:00:00,135,2,0,True,0.6332172,0.0012183954,0.3655644
17649,2022-11-21 14:00:00,120,0,1,True,0.3527899,0.64691484,0.00029521895
56372,2022-11-26 07:00:00,17,1,1,False,0.14914303,0.8506171,0.0002398803
18523,2022-11-28 05:00:00,121,2,2,False,0.052646283,0.00032140006,0.94703233
142144,2022-11-25 03:00:00,38,1,1,False,0.0042025587,0.9956098,0.00018762544
245878,2022-12-07 15:00:00,170,1,0,True,0.77408665,0.22553617,0.00037719164
107426,2022-11-08 13:00:00,236,1,1,False,0.36168337,0.63792884,0.0003878135
82439,2022-11-10 03:00:00,202,1,1,False,0.02157282,0.9783172,0.00011003501
85777,2022-11-30 01:00:00,206,1,1,False,0.024715597,0.9751814,0.000103014405
192639,2022-12-12 10:00:00,103,0,0,False,0.9922863,0.0074407314,0.00027291945
133240,2022-11-11 15:00:00,270,1,1,False,0.06764734,0.9321555,0.0001971678
103908,2022-11-10 22:00:00,231,0,0,False,0.99205655,0.0037319919,0.00421151
366389,2022-12-11 23:00:00,83,2,2,False,0.13099186,0.0004583385,0.8685498
339881,2022-12-19 20:00:00,48,1,1,False,0.27440056,0.72494006,0.0006593705
352018,2022-12-14 00:00:00,63,1,0,True,0.98158747,0.018093834,0.00031874573
254917,2022-12-24 16:00:00,181,2,2,False,0.16177876,0.00059076946,0.8376305
110407,2022-11-13 14:00:00,240,1,1,False,0.12464017,0.87514985,0.00020997656
114238,2022-11-24 06:00:00,245,1,1,False,0.0010552722,0.9988674,7.742091e-05
217527,2022-12-28 22:00:00,134,2,2,False,0.22465245,0.0007593816,0.77458817
246840,2022-12-18 01:00:00,171,0,0,False,0.9960227,0.003765324,0.00021195132
267412,2022-12-03 15:00:00,198,1,0,True,0.5367854,0.4627237,0.0004908717
176874,2022-11-12 10:00:00,84,0,0,False,0.9965689,0.002062867,0.0013682601
150802,2022-11-28 09:00:00,49,0,0,False,0.602069,0.39661294,0.0013180646
183192,2022-11-07 11:00:00,92,1,1,False,0.0011243578,0.99880517,7.048425e-05
180431,2022-11-11 16:00:00,89,1,1,False,0.0010869213,0.9988482,6.488481e-05
115456,2022-11-15 10:00:00,247,0,0,False,0.989423,0.009360246,0.001216813
37928,2022-11-02 09:00:00,147,1,1,False,0.0010525036,0.9988734,7.4019794e-05
363144,2022-12-27 21:00:00,79,0,0,False,0.9956862,0.0010529361,0.0032609247
61924,2022-11-19 07:00:00,177,2,0,True,0.56419235,0.000753528,0.43505412
91254,2022-11-19 22:00:00,213,1,1,False,0.13138519,0.86833394,0.00028080997
22401,2022-11-11 01:00:00,127,2,2,False,0.086881496,0.0005557478,0.9125627
25429,2022-11-18 01:00:00,130,1,1,False,0.059367105,0.9404477,0.00018517142
58279,2022-11-16 09:00:00,172,2,0,True,0.81719804,0.0012214163,0.18158053
291286,2022-12-07 00:00:00,228,2,0,True,0.97125816,0.0004243165,0.028317498
25414,2022-11-17 10:00:00,130,0,0,False,0.9907514,0.0012906839,0.007957961
32711,2022-11-23 13:00:00,14,1,0,True,0.5432267,0.45651445,0.00025881673
314683,2022-12-21 11:00:00,26,1,0,True,0.96197546,0.037640832,0.00038365406
335437,2022-12-14 02:00:00,42,2,0,True,0.95560145,0.00064518076,0.043753292
224770,2022-12-30 07:00:00,143,1,1,False,0.0010846993,0.9988502,6.5077664e-05
41386,2022-11-27 12:00:00,150,0,0,False,0.54495114,0.45475367,0.00029518217
241395,2022-12-01 02:00:00,165,1,1,False,0.027863067,0.97179204,0.00034494078
113221,2022-11-11 16:00:00,244,2,0,True,0.57041836,0.0009312009,0.42865044
78901,2022-11-11 16:00:00,199,1,0,True,0.8459046,0.15371116,0.00038425752
96954,2022-11-19 02:00:00,221,2,2,False,0.061285175,0.0003189657,0.9383959
144666,2022-11-11 01:00:00,41,2,2,False,0.09676648,0.000537747,0.9026957
34112,2022-11-22 08:00:00,141,2,0,True,0.95549405,0.001879331,0.042626623
179453,2022-11-30 12:00:00,87,0,0,False,0.98275924,0.016389899,0.0008508792
197013,2022-12-14 10:00:00,109,2,0,True,0.5980158,0.0011865078,0.4007977
346199,2022-12-11 21:00:00,56,2,2,False,0.36337858,0.00074612064,0.6358753
103367,2022-11-18 04:00:00,230,2,2,False,0.026456945,0.00025478043,0.97328824
43298,2022-11-17 19:00:00,153,0,0,False,0.8545941,0.1448422,0.0005636842
255070,2022-12-31 01:00:00,181,2,2,False,0.08144239,0.00045713276,0.9181005
297173,2022-12-11 23:00:00,236,2,2,False,0.3333587,0.0006849977,0.6659563
368432,2022-12-06 23:00:00,86,1,0,True,0.6656167,0.33403558,0.00034774785
103983,2022-11-14 01:00:00,231,2,2,False,0.19211176,0.0006825678,0.8072057
105722,2022-11-26 22:00:00,233,2,2,False,0.12485192,0.00042774255,0.87472034
212472,2022-12-28 14:00:00,128,1,0,True,0.99092776,0.003865352,0.005206839
224503,2022-12-19 02:00:00,143,1,1,False,0.0038588897,0.99592763,0.00021345563
97891,2022-11-28 08:00:00,222,2,2,False,0.09896191,0.00050122704,0.90053684
269685,2022-12-08 05:00:00,20,1,1,False,0.0010177987,0.9989084,7.378016e-05
219663,2022-12-27 19:00:00,137,0,0,False,0.9942498,0.0054858983,0.00026423385
175413,2022-11-11 03:00:00,82,2,2,False,0.03475951,0.00031260916,0.96492785
189011,2022-12-11 11:00:00,1,1,1,False,0.0010676744,0.9988618,7.058606e-05
145288,2022-11-07 02:00:00,42,2,2,False,0.061896343,0.00035314137,0.9377505
362576,2022-12-03 07:00:00,79,2,0,True,0.6012636,0.0023434693,0.39639297
354040,2022-12-08 03:00:00,66,1,1,False,0.108240195,0.8915419,0.00021787116
310253,2022-12-16 05:00:00,253,0,0,False,0.99087864,0.00031285128,0.00880851
184241,2022-11-21 11:00:00,93,2,2,False,0.11348653,0.0005163002,0.8859972
112491,2022-11-11 01:00:00,243,2,2,False,0.03791263,0.00030834155,0.96177906
320303,2022-12-14 09:00:00,267,1,1,False,0.0064593693,0.99324787,0.00029270787
73347,2022-11-18 14:00:00,191,1,1,False,0.010607086,0.98930514,8.784187e-05
60533,2022-11-20 22:00:00,175,0,0,False,0.98005736,0.0008018283,0.019140765
352592,2022-12-07 21:00:00,64,0,0,False,0.98745817,0.011891774,0.00065013376
131296,2022-11-20 00:00:00,268,0,0,False,0.96022993,0.03965393,0.00011611183
156386,2022-11-22 17:00:00,56,2,2,False,0.33709264,0.0006598238,0.66224754
377465,2022-12-23 18:00:00,97,1,1,False,0.3264728,0.67325026,0.0002769832
172984,2022-11-29 02:00:00,79,2,2,False,0.49303854,0.0011009445,0.50586057
284792,2022-12-06 19:00:00,219,2,2,False,0.14540435,0.00062446675,0.8539711
174290,2022-11-23 22:00:00,80,2,0,True,0.70105124,0.0012062603,0.29774252
232053,2022-12-02 09:00:00,153,0,0,False,0.995034,0.004098298,0.0008677462
189144,2022-12-17 09:00:00,1,1,1,False,0.013579574,0.98596233,0.00045803058
303532,2022-12-06 13:00:00,245,1,1,False,0.0010680658,0.99886346,6.851267e-05
97942,2022-11-30 11:00:00,222,2,2,False,0.2978031,0.0007165769,0.7014804
223619,2022-12-11 11:00:00,142,1,1,False,0.0011188306,0.99880815,7.297672e-05
208816,2022-12-26 11:00:00,123,0,0,False,0.9774735,0.001605978,0.020920504
294800,2022-12-03 05:00:00,233,2,0,True,0.71475935,0.0006814995,0.28455916
337712,2022-12-19 14:00:00,45,0,0,False,0.97470176,0.024884943,0.00041326036
218644,2022-12-14 11:00:00,136,0,0,False,0.64064467,0.3590968,0.00025852805
48271,2022-11-16 11:00:00,16,1,1,False,0.0011327484,0.9987765,9.073008e-05
351288,2022-12-13 15:00:00,62,1,1,False,0.30579174,0.6938781,0.0003301487
105247,2022-11-07 01:00:00,233,2,2,False,0.034739524,0.00028482315,0.9649757
179113,2022-11-16 08:00:00,87,1,0,True,0.9943389,0.005145576,0.00051548786
13690,2022-11-05 12:00:00,116,0,0,False,0.9907767,0.00888151,0.00034181593
140923,2022-11-03 23:00:00,37,1,0,True,0.6126735,0.38701785,0.0003086384
224774,2022-12-30 11:00:00,143,1,1,False,0.0010769992,0.9988568,6.623241e-05
112521,2022-11-12 07:00:00,243,2,2,False,0.12084586,0.0006762936,0.8784779
268987,2022-12-09 04:00:00,2,1,1,False,0.0010495479,0.9988832,6.73107e-05
99358,2022-11-29 21:00:00,224,2,2,False,0.15043354,0.0004945065,0.849072
63707,2022-11-04 03:00:00,18,0,0,False,0.98734516,0.012502233,0.00015254777
145712,2022-11-24 20:00:00,42,2,0,True,0.7593812,0.0018073765,0.23881143
87436,2022-11-09 19:00:00,209,1,1,False,0.22762503,0.77202964,0.00034529026
114113,2022-11-19 01:00:00,245,1,1,False,0.001037311,0.9988895,7.3251605e-05
122775,2022-11-22 11:00:00,257,0,0,False,0.9974673,0.002336079,0.00019667207
337525,2022-12-10 23:00:00,45,2,0,True,0.59014595,0.0010607425,0.40879336
190326,2022-12-06 04:00:00,100,0,0,False,0.99686867,0.0029631334,0.00016824636
226100,2022-12-25 15:00:00,145,0,0,False,0.99582314,0.0031227956,0.0010540445
67624,2022-11-18 11:00:00,184,1,1,False,0.0010373174,0.9988918,7.089068e-05
167755,2022-11-19 18:00:00,72,0,0,False,0.9918744,0.0016146599,0.0065109376
331242,2022-12-20 09:00:00,37,1,1,False,0.14401732,0.8557342,0.00024844846
96956,2022-11-19 04:00:00,221,2,2,False,0.027841318,0.00021277752,0.97194594
183095,2022-11-03 10:00:00,92,1,1,False,0.0032083576,0.99658185,0.00020976597
16730,2022-11-13 02:00:00,12,1,1,False,0.04215581,0.95772326,0.000120897945
8961,2022-11-17 02:00:00,11,0,0,False,0.99772114,0.00087718485,0.0014016731
157190,2022-11-26 10:00:00,57,0,0,False,0.9930663,0.0053809183,0.001552786
48395,2022-11-21 15:00:00,16,1,1,False,0.0011739153,0.9987392,8.6975095e-05
105675,2022-11-24 23:00:00,233,2,2,False,0.041180085,0.00026066977,0.9585593
146524,2022-11-28 21:00:00,43,2,0,True,0.6351003,0.0010104054,0.36388928
157340,2022-11-02 19:00:00,58,2,0,True,0.86500597,0.0026501724,0.13234392
66491,2022-11-30 20:00:00,182,2,0,True,0.7594491,0.0007832731,0.23976755
9614,2022-11-14 12:00:00,110,2,2,False,0.23679687,0.00068958633,0.7625135
24886,2022-11-25 05:00:00,13,1,1,False,0.12963097,0.87018466,0.00018434724
292185,2022-12-14 10:00:00,229,0,0,False,0.997954,0.0013412561,0.00070474215
307440,2022-12-20 00:00:00,25,1,1,False,0.07336487,0.92652756,0.00010762758
173827,2022-11-04 13:00:00,80,1,1,False,0.31750768,0.6822417,0.00025062615
104610,2022-11-10 09:00:00,232,0,0,False,0.969508,0.0011039706,0.029388031
5819,2022-11-05 06:00:00,106,2,2,False,0.41721392,0.00081494625,0.58197117
353020,2022-12-26 15:00:00,64,2,0,True,0.9598779,0.0028262022,0.037295893
61559,2022-11-04 00:00:00,177,2,0,True,0.759128,0.0009728001,0.23989923
26642,2022-11-09 00:00:00,132,2,0,True,0.9639449,0.0005148128,0.035540342
134475,2022-11-03 10:00:00,29,1,0,True,0.67636883,0.32330057,0.00033054623
320097,2022-12-05 19:00:00,267,0,0,False,0.9952807,0.0043929927,0.00032624847
137329,2022-11-03 04:00:00,32,1,1,False,0.11131292,0.888501,0.00018608163
232143,2022-12-06 03:00:00,153,0,0,False,0.98609316,0.013771953,0.00013488684
183091,2022-11-03 06:00:00,92,1,1,False,0.003295052,0.9965049,0.00020008242
287136,2022-12-14 08:00:00,222,2,0,True,0.92949295,0.0021576511,0.06834942
279310,2022-12-19 13:00:00,211,0,0,False,0.9952678,0.0039073443,0.0008247854
378957,2022-12-25 20:00:00,99,0,0,False,0.970982,0.028791849,0.00022610372
1206,2022-11-21 16:00:00,10,0,0,False,0.6927721,0.3069201,0.00030778372
101243,2022-11-19 01:00:00,227,0,0,False,0.5890203,0.0012659339,0.4097138
324402,2022-12-04 22:00:00,29,1,1,False,0.0010321134,0.99890256,6.52663e-05
74648,2022-11-13 05:00:00,193,0,0,False,0.9969518,0.002899504,0.00014865265
198440,2022-12-13 19:00:00,110,1,0,True,0.9605534,0.039215922,0.0002306688
1797,2022-11-16 12:00:00,100,2,2,False,0.10562387,0.0005038041,0.8938723
343116,2022-12-03 14:00:00,52,2,2,False,0.4978769,0.00071702676,0.5014061
141556,2022-11-30 10:00:00,37,2,2,False,0.23848026,0.0007057612,0.760814
370942,2022-12-22 08:00:00,89,1,1,False,0.0010900564,0.9988236,8.6341446e-05
27457,2022-11-13 04:00:00,133,2,2,False,0.06461058,0.00044614193,0.93494326
68330,2022-11-18 02:00:00,185,2,2,False,0.06409663,0.00035031463,0.935553
275428,2022-12-07 04:00:00,207,0,0,False,0.98442173,0.00042595426,0.015152307
150866,2022-11-01 01:00:00,5,0,0,False,0.9965971,0.002518803,0.0008841245
25443,2022-11-18 15:00:00,130,0,0,False,0.9273538,0.07216954,0.00047665997
236431,2022-12-04 13:00:00,159,0,0,False,0.99771845,0.0009429498,0.001338607
119658,2022-11-11 18:00:00,252,1,1,False,0.45716643,0.542493,0.00034059878
280889,2022-12-25 08:00:00,213,2,2,False,0.19054797,0.0005634114,0.80888855
189027,2022-12-12 03:00:00,1,1,1,False,0.0040354277,0.99591225,5.2295727e-05
196544,2022-12-25 20:00:00,108,0,0,False,0.9251912,0.07451196,0.00029678145
75956,2022-11-08 01:00:00,195,0,0,False,0.9779258,0.021965358,0.00010887338
172554,2022-11-11 04:00:00,79,2,2,False,0.059153974,0.00081343297,0.94003254
149868,2022-11-19 06:00:00,48,2,0,True,0.6594678,0.0011396037,0.33939257
114017,2022-11-15 01:00:00,245,1,1,False,0.0010649574,0.9988681,6.6944274e-05
46894,2022-11-18 16:00:00,158,1,1,False,0.251655,0.7481264,0.00021861713
66243,2022-11-20 12:00:00,182,0,0,False,0.67377377,0.00081421144,0.32541206
22247,2022-11-04 13:00:00,127,2,0,True,0.5172607,0.00097527436,0.48176408
86405,2022-11-26 10:00:00,207,0,0,False,0.90092975,0.00079987606,0.09827044
189333,2022-12-25 19:00:00,1,1,1,False,0.0010333441,0.9989011,6.545782e-05
291011,2022-12-26 12:00:00,227,0,0,False,0.986815,0.0010944431,0.012090594
129142,2022-11-19 15:00:00,265,0,0,False,0.99616313,0.0036109753,0.00022585432
374215,2022-12-07 14:00:00,93,0,0,False,0.99678624,0.0028690088,0.00034472984
21789,2022-11-15 08:00:00,126,1,1,False,0.001846181,0.9979771,0.00017679774
352365,2022-12-29 09:00:00,63,1,1,False,0.17315607,0.82648295,0.00036092987
134409,2022-11-30 13:00:00,28,1,1,False,0.0010478823,0.9988808,7.127189e-05
170847,2022-11-29 10:00:00,76,0,0,False,0.9239323,0.0755915,0.00047613095
59807,2022-11-20 11:00:00,174,0,0,False,0.6720296,0.32769513,0.00027523324
107556,2022-11-13 23:00:00,236,2,2,False,0.37249348,0.00073207536,0.62677443
262465,2022-12-07 19:00:00,191,0,0,False,0.99457884,0.0052194293,0.00020172197
78424,2022-11-21 14:00:00,198,0,0,False,0.96124464,0.0005959429,0.03815939
261226,2022-12-16 06:00:00,19,1,1,False,0.1019538,0.8978016,0.0002446562
109092,2022-11-18 09:00:00,238,2,2,False,0.11934973,0.00053630595,0.88011396
173856,2022-11-05 18:00:00,80,1,0,True,0.9862124,0.013367856,0.00041983207
271903,2022-12-10 12:00:00,202,0,0,False,0.98100054,0.018545052,0.00045445736
42378,2022-11-09 06:00:00,152,1,1,False,0.118952215,0.8808763,0.00017145682
180158,2022-11-30 02:00:00,88,0,0,False,0.9891418,0.01073458,0.00012361335
112327,2022-11-04 03:00:00,243,2,0,True,0.72925717,0.0007445523,0.26999828
257815,2022-12-25 06:00:00,185,2,2,False,0.269292,0.0005360702,0.7301719
293200,2022-12-27 14:00:00,230,0,0,False,0.9925659,0.006120067,0.0013140603
324859,2022-12-24 21:00:00,29,1,1,False,0.0010457361,0.9988906,6.368449e-05
374580,2022-12-23 17:00:00,93,1,1,False,0.2377331,0.76207703,0.00018991127
370768,2022-12-14 04:00:00,89,1,1,False,0.0011020685,0.9988205,7.742607e-05
199733,2022-12-07 14:00:00,112,0,0,False,0.9922042,0.0037172933,0.0040785656
34321,2022-11-01 01:00:00,142,1,1,False,0.0010643626,0.9988702,6.536397e-05
97327,2022-11-04 18:00:00,222,1,1,False,0.1821197,0.8176699,0.00021037091
371490,2022-12-14 05:00:00,9,1,0,True,0.8414715,0.15829532,0.00023318187
173985,2022-11-11 05:00:00,80,2,2,False,0.088930644,0.00053028646,0.9105391
130437,2022-11-14 00:00:00,267,1,1,False,0.06795097,0.93193877,0.000110327754
303545,2022-12-07 02:00:00,245,1,1,False,0.0010430033,0.99888545,7.160708e-05
187563,2022-11-10 22:00:00,98,1,1,False,0.075750515,0.92413276,0.00011674536
143811,2022-11-05 03:00:00,40,0,0,False,0.7648698,0.23488462,0.00024553074
133463,2022-11-20 22:00:00,270,1,1,False,0.16409288,0.8357127,0.0001944662
205833,2022-12-22 08:00:00,12,1,1,False,0.065990075,0.9337556,0.00025434542
50759,2022-11-30 18:00:00,162,1,0,True,0.611601,0.38760504,0.0007939906
301448,2022-12-09 20:00:00,242,0,0,False,0.99686617,0.002383381,0.0007504928
187371,2022-11-02 20:00:00,98,1,1,False,0.4687419,0.5309252,0.00033285387
48283,2022-11-16 23:00:00,16,1,1,False,0.0010784131,0.9988469,7.471035e-05
373403,2022-12-03 19:00:00,92,0,0,False,0.9874702,0.0007829491,0.011746774
275011,2022-12-20 18:00:00,206,2,2,False,0.13045838,0.000596606,0.868945
91245,2022-11-19 13:00:00,213,1,0,True,0.8847016,0.114856064,0.00044236175
7325,2022-11-08 10:00:00,108,2,2,False,0.23038062,0.00080507516,0.76881427
41505,2022-11-02 11:00:00,151,2,2,False,0.29291677,0.0006848747,0.70639837
306812,2022-12-23 23:00:00,249,1,1,False,0.25686523,0.7429151,0.00021963763
265322,2022-12-06 16:00:00,195,0,0,False,0.6960551,0.30360627,0.00033854885
298097,2022-12-21 08:00:00,237,0,0,False,0.9894342,0.008641433,0.0019244103
142757,2022-11-20 21:00:00,39,0,0,False,0.9655335,0.034192976,0.00027357417
43238,2022-11-15 07:00:00,153,0,0,False,0.9473066,0.052043483,0.0006499789
176888,2022-11-13 00:00:00,84,0,0,False,0.9947509,0.0048372587,0.00041180933
89869,2022-11-21 19:00:00,211,0,0,False,0.9975057,0.0015100625,0.0009842473
103749,2022-11-04 05:00:00,231,2,2,False,0.03146562,0.0002661312,0.9682682
237612,2022-12-24 15:00:00,16,1,1,False,0.0011395048,0.9987835,7.6973156e-05
146052,2022-11-09 05:00:00,43,0,0,False,0.94003826,0.000715626,0.059246168
98903,2022-11-10 22:00:00,224,2,0,True,0.79840136,0.0022121244,0.19938652
226152,2022-12-27 19:00:00,145,1,1,False,0.36566633,0.6340865,0.00024715535
166099,2022-11-10 08:00:00,7,1,1,False,0.29805905,0.70167595,0.00026499448
46942,2022-11-20 16:00:00,158,0,0,False,0.9967127,0.0027896492,0.00049771793
1712,2022-11-12 23:00:00,100,0,0,False,0.985989,0.013749607,0.0002614072
62612,2022-11-18 04:00:00,178,2,2,False,0.0463217,0.00034229856,0.95333594
324385,2022-12-04 05:00:00,29,1,1,False,0.0010083203,0.99892384,6.782127e-05
285001,2022-12-15 12:00:00,219,0,0,False,0.9966838,0.0030465801,0.00026966413
112512,2022-11-11 22:00:00,243,2,0,True,0.7848949,0.0012578459,0.21384728
164133,2022-11-17 19:00:00,66,1,1,False,0.113574795,0.8862145,0.00021071742
320276,2022-12-13 06:00:00,267,0,0,False,0.99540365,0.0043452983,0.00025101812
91476,2022-11-29 04:00:00,213,2,2,False,0.03952821,0.00040792886,0.9600639
197057,2022-12-16 06:00:00,109,1,1,False,0.047764186,0.9520401,0.00019572036
335995,2022-12-07 07:00:00,43,0,0,False,0.9849267,0.013358217,0.0017151218
65305,2022-11-11 05:00:00,181,2,2,False,0.033398215,0.0002978984,0.96630394
319538,2022-12-12 13:00:00,266,0,0,False,0.9888993,0.010686729,0.00041399855
350412,2022-12-07 04:00:00,61,1,1,False,0.070933156,0.9289278,0.00013907616
11515,2022-11-04 06:00:00,113,1,1,False,0.04329261,0.9565397,0.00016771391
97161,2022-11-27 17:00:00,221,2,2,False,0.3116005,0.00059039687,0.68780905
205565,2022-12-10 06:00:00,12,1,1,False,0.13258526,0.86724806,0.000166617
14059,2022-11-20 23:00:00,116,2,2,False,0.20480114,0.0006009903,0.79459786
232211,2022-12-08 23:00:00,153,0,0,False,0.9974745,0.0019435614,0.00058193237
103059,2022-11-05 06:00:00,230,2,2,False,0.10262752,0.0004975864,0.8968749
107015,2022-11-21 05:00:00,235,2,2,False,0.07161626,0.0003883573,0.9279954
168577,2022-11-24 05:00:00,73,0,0,False,0.8914879,0.10830935,0.00020271436
61667,2022-11-08 14:00:00,177,1,0,True,0.8680681,0.13130118,0.0006307925
34744,2022-11-18 21:00:00,142,1,1,False,0.0010426594,0.99889284,6.450406e-05
35090,2022-11-03 10:00:00,143,1,1,False,0.0031480552,0.9966474,0.0002045083
203048,2022-12-26 11:00:00,116,1,0,True,0.96820325,0.031460375,0.00033639814
367816,2022-12-11 08:00:00,85,0,0,False,0.99746156,0.00044377916,0.0020946497
376903,2022-12-30 09:00:00,96,0,0,False,0.99592185,0.001954177,0.002123921
100369,2022-11-12 10:00:00,226,2,0,True,0.6228447,0.0006689974,0.3764863
65395,2022-11-14 23:00:00,181,2,2,False,0.3670006,0.000848479,0.63215095
169613,2022-11-07 17:00:00,75,0,0,False,0.9525201,0.046807323,0.0006726541
254062,2022-12-19 00:00:00,180,0,0,False,0.9938076,0.0009598508,0.005232485
14935,2022-11-27 16:00:00,117,1,1,False,0.15954702,0.8401723,0.00028065068
98035,2022-11-04 11:00:00,223,2,2,False,0.1535266,0.00063153944,0.8458419
275227,2022-12-29 18:00:00,206,0,0,False,0.6303969,0.36931673,0.00028639825
331562,2022-12-02 20:00:00,38,1,1,False,0.0046884264,0.995135,0.00017658064
369091,2022-12-04 09:00:00,87,0,0,False,0.9803357,0.00039124856,0.019273032
143161,2022-11-07 20:00:00,4,0,0,False,0.97791106,0.002728007,0.01936092
81709,2022-11-09 12:00:00,201,0,0,False,0.99701166,0.0024712435,0.0005171099
146353,2022-11-21 18:00:00,43,2,0,True,0.96013033,0.0119024925,0.02796721
5648,2022-11-28 00:00:00,105,2,2,False,0.16733219,0.00055152347,0.8321163
366533,2022-12-18 08:00:00,83,2,2,False,0.09830762,0.0005101539,0.90118223
166187,2022-11-14 00:00:00,7,1,1,False,0.057310205,0.9425901,9.96358e-05
197890,2022-12-21 20:00:00,11,1,0,True,0.6156961,0.38401553,0.00028836777
292900,2022-12-14 04:00:00,230,2,2,False,0.0645875,0.00038636348,0.9350261
264921,2022-12-20 22:00:00,194,1,1,False,0.18355186,0.8161707,0.0002774157
374059,2022-12-01 02:00:00,93,1,1,False,0.10448071,0.8953579,0.00016140327
40113,2022-11-04 04:00:00,15,1,1,False,0.09598048,0.9038744,0.00014513075
101102,2022-11-13 04:00:00,227,2,2,False,0.026544333,0.00025112287,0.9732046
309405,2022-12-10 22:00:00,252,1,1,False,0.08961626,0.910238,0.00014574762
45704,2022-11-28 16:00:00,156,1,1,False,0.0010593834,0.9988722,6.835989e-05
366176,2022-12-03 02:00:00,83,2,2,False,0.13061975,0.00055603177,0.8688242
9131,2022-11-24 04:00:00,11,1,1,False,0.0836963,0.91611946,0.00018426272
111696,2022-11-07 15:00:00,242,2,0,True,0.796107,0.0010570114,0.20283598
302320,2022-12-16 03:00:00,243,2,2,False,0.048174966,0.00038433998,0.9514407
317327,2022-12-10 13:00:00,263,0,0,False,0.99756074,0.0017912727,0.00064800156
138052,2022-11-03 12:00:00,33,0,0,False,0.7887375,0.0009217797,0.21034072
98713,2022-11-02 22:00:00,224,2,2,False,0.16166377,0.00072909554,0.83760715
108965,2022-11-13 02:00:00,238,2,2,False,0.08422651,0.00041649528,0.915357
286498,2022-12-18 04:00:00,221,2,2,False,0.038877517,0.00031819814,0.9608042
104846,2022-11-20 05:00:00,232,2,2,False,0.04038095,0.00032489255,0.95929414
293918,2022-12-27 11:00:00,231,0,0,False,0.99040425,0.009249877,0.00034583602
148190,2022-11-08 22:00:00,46,2,2,False,0.11426911,0.00069371593,0.8850372
293310,2022-12-01 05:00:00,231,2,2,False,0.07683114,0.0004474107,0.9227214
271730,2022-12-03 07:00:00,202,1,1,False,0.25748226,0.7421722,0.00034558558
10935,2022-11-09 23:00:00,112,1,1,False,0.2122003,0.78740907,0.0003906906
311353,2022-12-01 23:00:00,256,0,0,False,0.9022344,0.09754461,0.00022106079
175799,2022-11-27 05:00:00,82,0,0,False,0.9977062,0.00084069936,0.0014531075
300426,2022-12-28 06:00:00,240,0,0,False,0.99650806,0.0028354928,0.0006563888
289755,2022-12-03 07:00:00,226,2,2,False,0.080899104,0.000379248,0.9187217
234905,2022-12-01 01:00:00,157,1,1,False,0.04737457,0.95238703,0.00023834515
172360,2022-11-03 00:00:00,79,2,2,False,0.17848536,0.0006150464,0.8208996
113910,2022-11-10 14:00:00,245,1,1,False,0.0010836512,0.99884963,6.676172e-05
105775,2022-11-29 03:00:00,233,2,2,False,0.034597337,0.00030017828,0.9651025
188198,2022-11-07 12:00:00,99,2,0,True,0.9052862,0.001136295,0.09357752
303580,2022-12-08 13:00:00,245,1,1,False,0.0010673604,0.9988532,7.943708e-05
297311,2022-12-18 02:00:00,236,2,2,False,0.07568624,0.00046182834,0.92385197
162133,2022-11-23 20:00:00,63,2,2,False,0.28461787,0.0010236298,0.71435845
224704,2022-12-27 13:00:00,143,1,1,False,0.0010814357,0.9988544,6.422132e-05
144158,2022-11-19 16:00:00,40,1,1,False,0.3557537,0.6439982,0.0002480478
182810,2022-11-21 10:00:00,91,2,2,False,0.15168895,0.000574236,0.84773684
367397,2022-12-24 20:00:00,84,0,0,False,0.995006,0.0012945809,0.0036994647
185453,2022-11-12 09:00:00,95,0,0,False,0.9665595,0.03307172,0.00036873328
44582,2022-11-11 17:00:00,155,0,1,True,0.38193223,0.61744535,0.00062240934
219531,2022-12-22 07:00:00,137,0,0,False,0.9877297,0.010004197,0.0022660429
165744,2022-11-25 08:00:00,69,2,0,True,0.96680975,0.006547491,0.026642792
290440,2022-12-01 19:00:00,227,2,2,False,0.08384695,0.00044972106,0.91570336
173776,2022-11-02 07:00:00,80,1,0,True,0.9458169,0.053817075,0.00036608006
151204,2022-11-15 08:00:00,5,1,0,True,0.54629505,0.45341685,0.0002881041
290861,2022-12-20 04:00:00,227,0,0,False,0.99479854,0.0003841423,0.00481728
52849,2022-11-28 11:00:00,165,2,0,True,0.93928504,0.004692836,0.05602213
154786,2022-11-15 15:00:00,54,0,0,False,0.9609329,0.038630623,0.00043647492
353608,2022-12-21 02:00:00,65,0,0,False,0.9957178,0.0034108586,0.00087127736
53087,2022-11-08 14:00:00,166,0,0,False,0.95779455,0.04157462,0.00063084596
346390,2022-12-20 18:00:00,56,2,0,True,0.85866505,0.00094930275,0.14038569
91881,2022-11-16 06:00:00,214,0,0,False,0.99624926,0.0030535823,0.00069719244
203641,2022-12-21 03:00:00,117,0,0,False,0.9232425,0.076549634,0.0002078861
338618,2022-12-27 09:00:00,46,1,1,False,0.052849248,0.9469897,0.00016102937
328370,2022-12-20 23:00:00,33,0,0,False,0.9963361,0.0014322862,0.0022316081
272690,2022-12-13 06:00:00,203,1,1,False,0.07208275,0.92775697,0.00016023079
38783,2022-11-08 08:00:00,148,0,1,True,0.11074769,0.8890783,0.00017396786
169563,2022-11-05 15:00:00,75,0,0,False,0.7640415,0.23496924,0.0009892103
50752,2022-11-30 11:00:00,162,0,0,False,0.99375147,0.0012367537,0.005011829
283779,2022-12-25 14:00:00,217,2,0,True,0.52400064,0.0007435152,0.47525588
206515,2022-12-20 17:00:00,120,0,0,False,0.9787161,0.02100508,0.00027885332
57910,2022-11-30 19:00:00,171,1,0,True,0.6083395,0.39139146,0.00026907996
82268,2022-11-02 22:00:00,202,1,0,True,0.89852124,0.1008399,0.00063883414
269885,2022-12-16 13:00:00,20,1,1,False,0.001090134,0.9988433,6.6474386e-05
290857,2022-12-20 00:00:00,227,2,2,False,0.06384346,0.00036304793,0.93579346
338146,2022-12-06 19:00:00,46,0,0,False,0.80131465,0.19842686,0.00025850523
297267,2022-12-15 21:00:00,236,2,2,False,0.21121062,0.0005827711,0.78820664
22581,2022-11-18 13:00:00,127,0,0,False,0.99650514,0.0024860804,0.0010087531
337410,2022-12-06 04:00:00,45,1,0,True,0.7718979,0.22772144,0.00038070217
278047,2022-12-27 02:00:00,21,1,0,True,0.7515316,0.24826044,0.00020791672
152670,2022-11-16 20:00:00,51,1,1,False,0.20944811,0.79031307,0.00023886902
331335,2022-12-24 08:00:00,37,1,1,False,0.0011038788,0.9988024,9.370977e-05
139878,2022-11-20 02:00:00,35,1,0,True,0.92685103,0.07302492,0.00012399442
294656,2022-12-28 04:00:00,232,0,0,False,0.6076374,0.0007876955,0.39157495
152754,2022-11-20 08:00:00,51,2,2,False,0.4813161,0.0007872523,0.51789665
307125,2022-12-06 01:00:00,25,1,0,True,0.9053726,0.09444454,0.00018284058
183919,2022-11-07 23:00:00,93,1,1,False,0.08308018,0.9167209,0.00019884984
358144,2022-12-29 20:00:00,72,0,0,False,0.99662906,0.0024599324,0.0009110113
105671,2022-11-24 19:00:00,233,2,2,False,0.044665992,0.00031563925,0.95501834
316934,2022-12-25 03:00:00,262,2,2,False,0.033023175,0.0002661695,0.9667107
56783,2022-11-13 15:00:00,170,0,0,False,0.9591653,0.0011177736,0.039716996
45730,2022-11-29 18:00:00,156,1,1,False,0.0010278064,0.99890363,6.85234e-05
291026,2022-12-27 03:00:00,227,2,2,False,0.06521111,0.00039333064,0.93439555
96810,2022-11-13 02:00:00,221,2,2,False,0.10979432,0.000427167,0.88977855
192839,2022-12-21 16:00:00,103,0,0,False,0.9942865,0.004174049,0.0015394691
307325,2022-12-14 09:00:00,25,0,0,False,0.98653156,0.013228832,0.00023965913
26942,2022-11-21 12:00:00,132,0,0,False,0.9921417,0.0023028408,0.005555378
121693,2022-11-07 02:00:00,256,0,0,False,0.99827456,0.001343878,0.00038157203
105232,2022-11-06 10:00:00,233,2,2,False,0.26198813,0.0005353607,0.7374765
330699,2022-12-27 21:00:00,36,1,0,True,0.76718163,0.23245023,0.00036815656
370476,2022-12-02 00:00:00,89,1,1,False,0.0010435693,0.9988972,5.926832e-05
96957,2022-11-19 05:00:00,221,2,2,False,0.03696326,0.0002552812,0.9627815
334733,2022-12-14 19:00:00,41,1,0,True,0.93790877,0.061887015,0.00020419044
1794,2022-11-16 09:00:00,100,2,0,True,0.80008894,0.001949199,0.19796179
144833,2022-11-18 00:00:00,41,2,2,False,0.23723812,0.0010491308,0.76171273
277973,2022-12-24 00:00:00,21,1,1,False,0.026343156,0.973579,7.783664e-05
284727,2022-12-04 02:00:00,219,0,0,False,0.994266,0.0007576267,0.004976379
280887,2022-12-25 06:00:00,213,2,0,True,0.952104,0.0005344719,0.047361627
69189,2022-11-24 02:00:00,186,0,0,False,0.9972971,0.0008429649,0.0018599224
3256,2022-11-17 17:00:00,102,0,0,False,0.99171585,0.00805248,0.00023167962
156293,2022-11-18 20:00:00,56,2,0,True,0.80082506,0.0009666857,0.19820823
182829,2022-11-22 05:00:00,91,1,1,False,0.21289116,0.7868089,0.00029991788
336744,2022-12-08 11:00:00,44,2,0,True,0.68134063,0.0008895959,0.31776974
116884,2022-11-15 08:00:00,249,0,0,False,0.79032606,0.20905343,0.00062053814
151344,2022-11-21 04:00:00,5,1,1,False,0.020670038,0.97923046,9.949138e-05
53403,2022-11-21 18:00:00,166,0,0,False,0.93717885,0.06254297,0.00027819377
224063,2022-12-30 21:00:00,142,1,1,False,0.0010677823,0.99886984,6.2343715e-05
144665,2022-11-11 00:00:00,41,2,2,False,0.10768057,0.0005640269,0.89175534
368916,2022-12-28 01:00:00,86,0,0,False,0.98348504,0.016357046,0.00015788633
26963,2022-11-22 09:00:00,132,0,0,False,0.9869489,0.0014985662,0.011552474
14053,2022-11-20 17:00:00,116,2,0,True,0.98282224,0.000719684,0.0164581
62680,2022-11-21 00:00:00,178,2,2,False,0.12641373,0.00044125278,0.873145
27307,2022-11-06 20:00:00,133,2,2,False,0.15514997,0.0006106729,0.84423935
287137,2022-12-14 09:00:00,222,2,2,False,0.20811874,0.00070703356,0.7911743
240542,2022-12-26 13:00:00,163,0,0,False,0.95103025,0.04864634,0.00032336733
366126,2022-12-01 00:00:00,83,2,2,False,0.11660035,0.00047759744,0.88292205
234296,2022-12-05 17:00:00,156,1,1,False,0.0010344752,0.99889743,6.807005e-05
185838,2022-11-28 10:00:00,95,2,0,True,0.69269353,0.0013340376,0.30597243
60275,2022-11-10 04:00:00,175,2,2,False,0.041317824,0.00031277337,0.9583694
133179,2022-11-09 02:00:00,270,1,1,False,0.096985295,0.9028272,0.00018751952
35101,2022-11-03 21:00:00,143,1,1,False,0.0010289449,0.9989034,6.760368e-05
264997,2022-12-24 02:00:00,194,0,0,False,0.9799984,0.019826373,0.00017516554
314561,2022-12-15 11:00:00,26,1,0,True,0.80812633,0.19154036,0.00033329756
327717,2022-12-23 19:00:00,32,1,1,False,0.46845937,0.53125113,0.00028949045
81300,2022-11-22 06:00:00,200,1,1,False,0.17058127,0.82922727,0.00019151336
156984,2022-11-17 20:00:00,57,2,0,True,0.5607323,0.0010762477,0.43819147
68946,2022-11-13 23:00:00,186,2,2,False,0.22745624,0.0006212078,0.7719225
180625,2022-11-19 18:00:00,89,1,1,False,0.0010696071,0.99885595,7.44106e-05
251182,2022-12-19 04:00:00,177,0,0,False,0.9974868,0.0017581519,0.0007550634
64299,2022-11-28 21:00:00,18,1,1,False,0.3033135,0.69633013,0.00035642352
251760,2022-12-12 09:00:00,178,0,0,False,0.9506163,0.00056452554,0.048819225
141732,2022-11-07 21:00:00,38,1,1,False,0.11902735,0.8806905,0.0002821318
188451,2022-11-18 03:00:00,99,1,1,False,0.057326537,0.9422479,0.0004255219
364277,2022-12-14 02:00:00,80,2,2,False,0.039170213,0.00032384795,0.9605059
180864,2022-11-29 17:00:00,89,1,1,False,0.0010577855,0.99887246,6.969529e-05
108413,2022-11-19 21:00:00,237,0,0,False,0.99673057,0.0029910984,0.00027835456
48248,2022-11-15 12:00:00,16,1,1,False,0.0011536572,0.99877244,7.386459e-05
76821,2022-11-14 09:00:00,196,1,1,False,0.3717785,0.62792575,0.0002957823
98737,2022-11-03 22:00:00,224,2,2,False,0.1191556,0.0005886125,0.8802558
48372,2022-11-20 16:00:00,16,1,1,False,0.0011547885,0.9987674,7.7895646e-05
309573,2022-12-18 07:00:00,252,0,0,False,0.99581605,0.0007623301,0.0034215967
165211,2022-11-03 01:00:00,69,1,1,False,0.035831723,0.9640603,0.00010792082
138303,2022-11-14 01:00:00,33,0,0,False,0.9973748,0.0023097463,0.00031544158
285375,2022-12-01 01:00:00,220,0,0,False,0.9432172,0.0010044598,0.055778347
110365,2022-11-11 20:00:00,240,0,0,False,0.9650532,0.034637537,0.00030925553
256484,2022-12-29 21:00:00,183,0,0,False,0.8911479,0.108581945,0.00027009295
365359,2022-12-30 01:00:00,81,2,0,True,0.7001627,0.0011563827,0.29868093
327661,2022-12-21 11:00:00,32,2,2,False,0.48565087,0.00092572375,0.5134234
296286,2022-12-05 01:00:00,235,2,2,False,0.49201614,0.0009084306,0.5070754
62898,2022-11-30 02:00:00,178,2,0,True,0.84504145,0.0006790768,0.15427947
97194,2022-11-29 02:00:00,221,2,2,False,0.047488157,0.0002818148,0.9522301
241631,2022-12-10 22:00:00,165,2,2,False,0.17179099,0.0020980868,0.82611096
276667,2022-12-29 16:00:00,208,1,0,True,0.9490026,0.05066786,0.0003295468
65733,2022-11-29 01:00:00,181,2,2,False,0.07704832,0.00042829555,0.92252344
114949,2022-11-24 02:00:00,246,0,0,False,0.9985214,0.0006283997,0.00085017853
28695,2022-11-05 02:00:00,135,2,0,True,0.8404195,0.0009994409,0.15858111
127576,2022-11-13 23:00:00,263,0,0,False,0.9977093,0.0018571491,0.0004335796
347758,2022-12-16 18:00:00,58,0,0,False,0.9784818,0.018405067,0.0031131143
84197,2022-11-23 19:00:00,204,0,0,False,0.9742401,0.001861158,0.02389869
319009,2022-12-21 11:00:00,265,2,2,False,0.2893286,0.0008003856,0.70987105
354221,2022-12-15 16:00:00,66,1,1,False,0.32899544,0.6707395,0.00026509986
158198,2022-11-08 20:00:00,59,0,0,False,0.69567424,0.0021566793,0.30216902
303834,2022-12-19 23:00:00,245,1,1,False,0.0009976242,0.9989405,6.187921e-05
74729,2022-11-16 14:00:00,193,1,0,True,0.79799414,0.20173608,0.0002697739
243776,2022-12-10 04:00:00,168,0,0,False,0.99085957,0.0008285986,0.008311879
14516,2022-11-10 05:00:00,117,0,0,False,0.9976683,0.0021207072,0.00021098673
121597,2022-11-03 02:00:00,256,0,0,False,0.9630537,0.03677554,0.00017079742
146848,2022-11-12 14:00:00,44,0,0,False,0.9456899,0.054003753,0.00030631936
310235,2022-12-15 11:00:00,253,1,1,False,0.10378166,0.89601344,0.0002048194
163054,2022-11-02 10:00:00,65,2,2,False,0.4193009,0.0008451972,0.5798539
107800,2022-11-24 03:00:00,236,2,2,False,0.043817595,0.00038346797,0.955799
274450,2022-12-27 10:00:00,205,0,0,False,0.996705,0.003083378,0.00021165378
149813,2022-11-16 23:00:00,48,2,0,True,0.54172885,0.0011915698,0.4570796
290672,2022-12-11 11:00:00,227,2,2,False,0.05525654,0.0003215088,0.94442195
125087,2022-11-29 10:00:00,26,0,0,False,0.9872444,0.00079577585,0.011959763
107082,2022-11-24 00:00:00,235,2,2,False,0.36358842,0.00076884066,0.63564277
194727,2022-12-09 07:00:00,106,0,0,False,0.99446267,0.0027973116,0.002739979
112495,2022-11-11 05:00:00,243,2,2,False,0.02998361,0.00027738384,0.969739
95956,2022-11-07 05:00:00,220,2,2,False,0.0405069,0.00032194302,0.9591712
59488,2022-11-07 02:00:00,174,2,2,False,0.09645552,0.00049764744,0.90304685
300681,2022-12-07 22:00:00,241,0,0,False,0.87627244,0.1234815,0.00024601907
211432,2022-12-14 09:00:00,127,0,0,False,0.99639446,0.0029832253,0.00062234217
144544,2022-11-05 21:00:00,41,2,0,True,0.71616197,0.0011495915,0.28268844
223681,2022-12-14 01:00:00,142,1,1,False,0.0011041812,0.99881124,8.461987e-05
229850,2022-12-31 16:00:00,15,0,0,False,0.7939778,0.20576772,0.00025445307
325369,2022-12-15 04:00:00,3,0,0,False,0.9871029,0.012696937,0.0002001402
117471,2022-11-10 00:00:00,25,1,1,False,0.053620845,0.9462415,0.00013768414
100882,2022-11-03 22:00:00,227,2,2,False,0.16720417,0.00056101265,0.8322348
34411,2022-11-04 22:00:00,142,1,1,False,0.0010625246,0.9988747,6.27318e-05
322323,2022-12-08 10:00:00,27,0,0,False,0.80837536,0.19140168,0.00022301615
348944,2022-12-06 02:00:00,6,1,1,False,0.10824861,0.89154744,0.00020392818
246729,2022-12-13 01:00:00,171,0,0,False,0.99730456,0.0023788596,0.0003165663
41504,2022-11-02 10:00:00,151,2,2,False,0.107814215,0.00065306964,0.8915327
148527,2022-11-22 23:00:00,46,0,2,True,0.097953744,0.0005660277,0.90148026
94386,2022-11-01 06:00:00,218,1,1,False,0.09289619,0.9069754,0.00012845655
337745,2022-12-21 01:00:00,45,1,0,True,0.9353191,0.06438751,0.00029336754
290820,2022-12-18 00:00:00,227,2,2,False,0.0715713,0.00044750856,0.92798126
133674,2022-11-29 17:00:00,270,1,1,False,0.17919314,0.82055986,0.00024700662
14966,2022-11-28 23:00:00,117,1,1,False,0.06589243,0.9339898,0.00011780047
28079,2022-11-09 07:00:00,134,2,2,False,0.11145357,0.0005795042,0.887967
232736,2022-12-31 18:00:00,153,0,0,False,0.99648225,0.0031689967,0.00034868307
55062,2022-11-01 07:00:00,169,1,0,True,0.6233718,0.37615654,0.00047165898
43624,2022-11-01 09:00:00,154,1,1,False,0.17270201,0.8270448,0.00025315656
329515,2022-12-07 16:00:00,35,1,1,False,0.0010279752,0.9989077,6.438739e-05
122905,2022-11-27 21:00:00,257,2,2,False,0.1100593,0.00051729433,0.8894234
299149,2022-12-04 04:00:00,239,0,0,False,0.9931552,0.006573407,0.00027132957
137086,2022-11-22 22:00:00,31,2,0,True,0.6055574,0.00090555043,0.3935371
121821,2022-11-12 12:00:00,256,0,0,False,0.9975725,0.0017608586,0.00066670566
373974,2022-12-28 12:00:00,92,2,2,False,0.102336824,0.0004703855,0.8971928
271229,2022-12-12 11:00:00,201,0,0,False,0.9975101,0.0019754628,0.0005144814
21004,2022-11-12 10:00:00,125,0,0,False,0.99672467,0.0017260192,0.001549302
352921,2022-12-22 12:00:00,64,0,0,False,0.99056494,0.004734176,0.0047009196
342427,2022-12-04 22:00:00,51,2,2,False,0.1825615,0.0005554777,0.816883
233287,2022-12-24 16:00:00,154,0,0,False,0.99269617,0.0055974796,0.0017064055
220809,2022-12-14 13:00:00,139,1,1,False,0.24211517,0.7575972,0.00028758694
285449,2022-12-04 03:00:00,220,2,2,False,0.32955542,0.00075173256,0.6696929
269475,2022-12-30 10:00:00,2,1,1,False,0.004906487,0.99490297,0.00019056672
103774,2022-11-05 06:00:00,231,2,0,True,0.61722875,0.0011688393,0.38160244
181713,2022-11-05 10:00:00,90,0,0,False,0.99502486,0.0039018015,0.0010732953
209468,2022-12-23 14:00:00,124,0,0,False,0.98447347,0.014889438,0.0006370818
286805,2022-12-31 12:00:00,221,2,2,False,0.19962281,0.00059315615,0.799784
352308,2022-12-27 00:00:00,63,0,0,False,0.9963475,0.002391927,0.0012606037
191959,2022-12-14 03:00:00,102,0,0,False,0.98884505,0.0110830655,7.184182e-05
184483,2022-11-01 13:00:00,94,2,1,True,0.2649542,0.734018,0.0010277865
285009,2022-12-15 20:00:00,219,2,0,True,0.9364655,0.0006908116,0.06284371
142829,2022-11-23 21:00:00,39,0,0,False,0.6142018,0.0012165859,0.3845816
334003,2022-12-14 10:00:00,40,1,1,False,0.07571229,0.9240954,0.0001923113
356849,2022-12-05 00:00:00,71,2,0,True,0.56675816,0.00089817424,0.43234372
255695,2022-12-27 01:00:00,182,0,0,False,0.9984818,0.0011009438,0.00041727856
87664,2022-11-19 07:00:00,209,0,0,False,0.9907267,0.0089711035,0.00030212675
97196,2022-11-29 04:00:00,221,2,2,False,0.037611797,0.00026625858,0.9621219
235896,2022-12-12 07:00:00,158,0,0,False,0.98664653,0.012205158,0.0011482871
166233,2022-11-15 22:00:00,7,1,1,False,0.04268844,0.95718426,0.00012723039
340625,2022-12-20 21:00:00,49,1,1,False,0.09048079,0.9090447,0.00047453
52897,2022-11-30 11:00:00,165,2,2,False,0.31990692,0.0031074968,0.67698556
236912,2022-12-25 12:00:00,159,1,1,False,0.23654138,0.7631867,0.00027189366
370727,2022-12-12 11:00:00,89,1,1,False,0.0010868234,0.9988368,7.637414e-05
117484,2022-11-10 13:00:00,25,0,0,False,0.7425342,0.2570974,0.00036840505
9948,2022-11-28 10:00:00,110,2,2,False,0.090090394,0.0004331609,0.90947646
346382,2022-12-20 08:00:00,56,0,0,False,0.9930896,0.0049245306,0.0019858307
103585,2022-11-27 06:00:00,230,2,2,False,0.43382356,0.0007194966,0.5654569
258525,2022-12-24 19:00:00,186,2,2,False,0.27995285,0.0006191948,0.71942794
165314,2022-11-07 08:00:00,69,0,0,False,0.99059147,0.007949028,0.0014594706
96693,2022-11-08 03:00:00,221,2,2,False,0.03242513,0.00024745162,0.9673274
102480,2022-11-11 00:00:00,229,0,0,False,0.9977756,0.00075550744,0.0014688704
180183,2022-11-01 03:00:00,89,1,1,False,0.0010342808,0.9988992,6.6508794e-05
189722,2022-12-11 01:00:00,10,1,1,False,0.038859125,0.96104,0.000100852216
257143,2022-12-27 07:00:00,184,0,0,False,0.9937948,0.005153149,0.0010520963
123346,2022-11-16 11:00:00,258,2,2,False,0.24044713,0.0005744861,0.7589783
347150,2022-12-22 09:00:00,57,0,0,False,0.95643944,0.04267052,0.00089008757
292923,2022-12-15 03:00:00,230,2,2,False,0.02423207,0.00022487047,0.9755431
84568,2022-11-09 11:00:00,205,0,0,False,0.9941011,0.0055959527,0.00030289424
134028,2022-11-14 16:00:00,28,0,0,False,0.9974445,0.0013668905,0.0011886436
347613,2022-12-10 17:00:00,58,0,0,False,0.9643791,0.034989055,0.0006318948
22565,2022-11-17 21:00:00,127,0,0,False,0.9946517,0.004659154,0.00068908284
316087,2022-12-19 19:00:00,261,0,0,False,0.96212035,0.03742811,0.00045156866
286817,2022-12-01 01:00:00,222,0,0,False,0.97551143,0.024352388,0.00013622898
194794,2022-12-12 02:00:00,106,0,0,False,0.9984927,0.00090949127,0.0005977384
32977,2022-11-04 18:00:00,140,1,0,True,0.7987311,0.2010436,0.00022527858
37942,2022-11-03 02:00:00,147,1,1,False,0.0039185826,0.9958585,0.00022298587
197368,2022-12-30 03:00:00,109,0,0,False,0.9919465,0.0078038704,0.00024957157
5802,2022-11-04 13:00:00,106,0,0,False,0.76333076,0.23620294,0.00046635064
100565,2022-11-20 14:00:00,226,2,2,False,0.3790753,0.0006373593,0.6202874
169688,2022-11-10 22:00:00,75,2,0,True,0.8609222,0.0007700806,0.1383077
257626,2022-12-16 11:00:00,185,1,0,True,0.9935546,0.006147727,0.00029772328
360041,2022-12-18 05:00:00,75,2,2,False,0.087450065,0.0004970785,0.91205287
151293,2022-11-19 01:00:00,5,0,0,False,0.9975656,0.0017244294,0.00070999475
305771,2022-12-09 17:00:00,248,0,0,False,0.98669297,0.013148047,0.00015901128
100132,2022-11-02 08:00:00,226,1,0,True,0.9572345,0.04235268,0.0004127851
365544,2022-12-06 19:00:00,82,0,0,False,0.99043953,0.00095005863,0.008610448
269772,2022-12-11 20:00:00,20,1,1,False,0.0010354853,0.9988978,6.6670254e-05
268939,2022-12-07 04:00:00,2,1,1,False,0.0035159918,0.9963231,0.00016089878
145655,2022-11-22 11:00:00,42,1,1,False,0.34041706,0.65882194,0.0007609562
259244,2022-12-24 17:00:00,187,2,0,True,0.63011754,0.00063374336,0.36924872
171680,2022-11-04 11:00:00,78,1,1,False,0.27017432,0.72954214,0.00028353088
173247,2022-11-10 06:00:00,8,1,1,False,0.2252198,0.7744864,0.0002937623
91363,2022-11-24 11:00:00,213,1,1,False,0.13187107,0.8678705,0.00025845534
220530,2022-12-02 22:00:00,139,1,1,False,0.35080236,0.6488825,0.00031507085
96035,2022-11-10 14:00:00,220,2,2,False,0.45803514,0.0021095388,0.5398553
35474,2022-11-19 12:00:00,143,1,1,False,0.0010236545,0.9989103,6.600442e-05
80317,2022-11-11 02:00:00,20,1,1,False,0.0010557211,0.9988807,6.3534324e-05
106819,2022-11-13 01:00:00,235,2,0,True,0.8552908,0.000939422,0.14376985
202754,2022-12-13 07:00:00,116,2,2,False,0.26442596,0.0005704738,0.73500353
272781,2022-12-17 10:00:00,203,1,1,False,0.12561777,0.874209,0.00017326546
145286,2022-11-07 00:00:00,42,2,2,False,0.06649741,0.0004812738,0.9330213
144909,2022-11-21 04:00:00,41,2,2,False,0.119904466,0.00055349234,0.8795421
244726,2022-12-20 15:00:00,169,0,0,False,0.9527188,0.047002062,0.00027919884
65189,2022-11-06 07:00:00,181,2,2,False,0.09773996,0.0004236685,0.9018364
324419,2022-12-05 15:00:00,29,1,1,False,0.0011001821,0.99882585,7.3945084e-05
45689,2022-11-28 01:00:00,156,1,1,False,0.0010496775,0.9988807,6.961695e-05
146288,2022-11-19 01:00:00,43,0,0,False,0.6642896,0.0009999628,0.33471048
67404,2022-11-09 07:00:00,184,2,2,False,0.16649169,0.0005934836,0.83291477
618,2022-11-26 23:00:00,1,1,1,False,0.036588386,0.9632689,0.0001427608
91418,2022-11-26 18:00:00,213,1,0,True,0.76620495,0.23348916,0.00030592593
329815,2022-12-21 02:00:00,35,1,1,False,0.044713896,0.95515406,0.00013201944
64030,2022-11-17 16:00:00,18,1,0,True,0.88592345,0.11363769,0.0004388586
316931,2022-12-25 00:00:00,262,2,2,False,0.16055088,0.0005636545,0.8388855
151939,2022-11-16 04:00:00,50,2,0,True,0.8491687,0.0007496814,0.1500816
112560,2022-11-13 22:00:00,243,2,2,False,0.22160919,0.0006347236,0.7777561
357813,2022-12-15 03:00:00,72,1,1,False,0.0011558323,0.99875915,8.499509e-05
7698,2022-11-24 01:00:00,108,1,1,False,0.12069878,0.8790757,0.00022549256
63437,2022-11-22 18:00:00,179,0,0,False,0.9073595,0.09226753,0.0003730476
310684,2022-12-04 03:00:00,254,1,1,False,0.05534658,0.9445417,0.00011175153
280181,2022-12-25 21:00:00,212,1,0,True,0.8679168,0.13178104,0.00030214462
171319,2022-11-19 07:00:00,77,2,2,False,0.4785854,0.0008789678,0.52053565
163699,2022-11-29 12:00:00,65,0,0,False,0.9743781,0.025206737,0.00041519752
19567,2022-11-12 03:00:00,123,1,1,False,0.18683496,0.81295997,0.00020505261
362054,2022-12-11 14:00:00,78,2,2,False,0.31369296,0.0005582607,0.68574876
86909,2022-11-17 15:00:00,208,0,0,False,0.98251903,0.0022103556,0.015270564
141558,2022-11-30 12:00:00,37,2,2,False,0.13011129,0.0005404331,0.8693482
104844,2022-11-20 03:00:00,232,2,2,False,0.09389885,0.0004631653,0.90563804
336567,2022-12-01 02:00:00,44,2,2,False,0.10140606,0.00045668468,0.8981372
339205,2022-12-21 19:00:00,47,1,1,False,0.093403116,0.9064448,0.00015211177
173000,2022-11-29 18:00:00,79,0,0,False,0.90859216,0.08635245,0.005055432
190080,2022-12-26 21:00:00,10,2,2,False,0.34973413,0.0006990211,0.6495669
98680,2022-11-01 10:00:00,224,2,2,False,0.4938238,0.00096502743,0.5052112
275923,2022-12-28 17:00:00,207,1,0,True,0.79876924,0.20096922,0.0002615344
335268,2022-12-07 01:00:00,42,0,0,False,0.99435836,0.0049818796,0.00065974606
132890,2022-11-26 20:00:00,27,1,1,False,0.4123697,0.58731747,0.0003128229
189288,2022-12-23 22:00:00,1,1,1,False,0.0033129537,0.99658316,0.00010387867
106915,2022-11-17 01:00:00,235,2,2,False,0.076482706,0.00038256406,0.9231347
117715,2022-11-20 04:00:00,25,1,0,True,0.6877465,0.31199554,0.00025798377
354773,2022-12-08 15:00:00,67,0,0,False,0.99542737,0.0006903575,0.0038821967
233649,2022-12-08 19:00:00,155,0,0,False,0.98824894,0.011099632,0.0006514088
31301,2022-11-24 09:00:00,138,0,0,False,0.99482095,0.0034845583,0.0016944864
351151,2022-12-07 22:00:00,62,2,2,False,0.12362368,0.0006532908,0.87572306
142647,2022-11-16 07:00:00,39,0,0,False,0.99195623,0.002981479,0.005062292
258977,2022-12-12 16:00:00,187,0,0,False,0.9972982,0.0024273538,0.00027451746
42594,2022-11-18 06:00:00,152,0,0,False,0.6723338,0.32741252,0.00025370158
134916,2022-11-21 21:00:00,29,0,0,False,0.9489847,0.050770268,0.00024499354
102077,2022-11-24 00:00:00,228,2,0,True,0.8979413,0.0006200511,0.10143868
40871,2022-11-05 23:00:00,150,1,1,False,0.04271517,0.95715064,0.00013416313
78362,2022-11-19 00:00:00,198,1,0,True,0.5935977,0.40614665,0.00025562514
315308,2022-12-16 13:00:00,260,0,0,False,0.9975344,0.0014774164,0.000988145
307417,2022-12-19 01:00:00,25,1,1,False,0.030532062,0.96933395,0.00013402179
224747,2022-12-29 08:00:00,143,1,1,False,0.0010749125,0.998841,8.4085164e-05
249072,2022-12-21 11:00:00,174,1,1,False,0.003090658,0.9967152,0.00019415753
231417,2022-12-05 22:00:00,152,0,0,False,0.9956032,0.004197286,0.00019947879
176033,2022-11-07 02:00:00,83,2,2,False,0.04591549,0.0003385156,0.95374596
14060,2022-11-21 00:00:00,116,2,2,False,0.09931959,0.00047070076,0.9002097
145751,2022-11-26 11:00:00,42,0,0,False,0.9943064,0.002461218,0.0032323743
141358,2022-11-22 04:00:00,37,0,0,False,0.99161506,0.008154538,0.00023043295
148373,2022-11-16 13:00:00,46,1,0,True,0.67461497,0.32492054,0.00046443095
18574,2022-11-30 08:00:00,121,0,0,False,0.68815243,0.31147864,0.00036885397
53109,2022-11-09 12:00:00,166,0,0,False,0.9659702,0.033726018,0.0003038141
150461,2022-11-14 04:00:00,49,2,2,False,0.10337808,0.00051847176,0.89610344
43249,2022-11-15 18:00:00,153,0,0,False,0.9962149,0.0019036272,0.0018814359
114496,2022-11-05 03:00:00,246,0,0,False,0.99173534,0.007948938,0.00031572153
68079,2022-11-07 13:00:00,185,0,0,False,0.95597774,0.0005149652,0.043507364
41387,2022-11-27 13:00:00,150,1,0,True,0.66577446,0.33394447,0.00028104562
255497,2022-12-18 06:00:00,182,2,2,False,0.08082042,0.00046173544,0.91871786
97901,2022-11-28 18:00:00,222,1,1,False,0.0954821,0.90430623,0.00021160464
68465,2022-11-23 17:00:00,185,1,1,False,0.3411749,0.65857035,0.00025469463
151345,2022-11-21 05:00:00,5,1,1,False,0.019604374,0.98029673,9.8858276e-05
185439,2022-11-11 19:00:00,95,1,0,True,0.93135464,0.06695679,0.0016885098
96271,2022-11-20 10:00:00,220,1,0,True,0.9260083,0.07344992,0.0005418102
142792,2022-11-22 08:00:00,39,1,0,True,0.9718847,0.027137244,0.0009780505
158703,2022-11-29 21:00:00,59,2,2,False,0.4792752,0.0009520705,0.51977277
137517,2022-11-11 02:00:00,32,1,0,True,0.7005667,0.2991423,0.0002910226
223780,2022-12-19 00:00:00,142,1,1,False,0.003683369,0.9961034,0.00021320357
243610,2022-12-03 06:00:00,168,0,0,False,0.99401844,0.0012668404,0.0047146734
49764,2022-11-19 02:00:00,161,1,0,True,0.9647724,0.034820355,0.00040732126
273268,2022-12-07 07:00:00,204,0,0,False,0.9945733,0.0038218955,0.001604787
185431,2022-11-11 11:00:00,95,2,2,False,0.2435831,0.0007485034,0.75566834
17127,2022-11-29 15:00:00,12,0,0,False,0.5333515,0.46637118,0.00027735464
102648,2022-11-18 00:00:00,229,1,1,False,0.057270113,0.94258535,0.00014448735
19624,2022-11-14 12:00:00,123,1,1,False,0.261208,0.7384631,0.0003288589
168513,2022-11-21 13:00:00,73,2,2,False,0.20950687,0.0007301032,0.78976303
144503,2022-11-04 04:00:00,41,2,2,False,0.044441868,0.00040114784,0.955157
278398,2022-12-10 18:00:00,210,0,0,False,0.92315036,0.076503314,0.00034631506
257809,2022-12-25 00:00:00,185,2,0,True,0.6055005,0.0009588736,0.39354056
173779,2022-11-02 10:00:00,80,1,0,True,0.5145093,0.4851426,0.0003480864
300331,2022-12-24 07:00:00,240,1,1,False,0.22197987,0.77781105,0.00020904343
319290,2022-12-02 05:00:00,266,1,1,False,0.06912822,0.93074816,0.00012357754
259309,2022-12-27 10:00:00,187,0,0,False,0.99617755,0.0021880988,0.0016343994
237642,2022-12-25 21:00:00,16,1,1,False,0.0010887422,0.99884367,6.760222e-05
223550,2022-12-08 14:00:00,142,1,1,False,0.0011291672,0.9987966,7.419354e-05
69610,2022-11-11 20:00:00,187,2,2,False,0.08658984,0.0004588497,0.9129513
23207,2022-11-14 20:00:00,128,0,0,False,0.9921749,0.002767748,0.005057313
158203,2022-11-09 01:00:00,59,0,0,False,0.9946607,0.0013391458,0.0040001683
206912,2022-12-06 07:00:00,121,0,0,False,0.9943005,0.0053418386,0.0003577125
27241,2022-11-04 02:00:00,133,2,0,True,0.5124295,0.0009921311,0.4865784
152637,2022-11-15 11:00:00,51,0,0,False,0.827873,0.17178506,0.00034192955
76835,2022-11-14 23:00:00,196,0,0,False,0.9434267,0.056457907,0.000115314026
1890,2022-11-20 09:00:00,100,0,0,False,0.8138266,0.18590306,0.00027038623
215986,2022-12-24 19:00:00,132,2,2,False,0.2109978,0.00053097546,0.7884713
90845,2022-11-02 19:00:00,213,1,1,False,0.14273869,0.8569059,0.00035545643
254732,2022-12-16 01:00:00,181,2,2,False,0.092871085,0.0005102184,0.90661865
7695,2022-11-23 22:00:00,108,1,1,False,0.20277704,0.7969309,0.00029203037
85362,2022-11-12 18:00:00,206,0,0,False,0.9561455,0.043334264,0.00052024424
119249,2022-11-24 12:00:00,251,0,0,False,0.99232167,0.0073539834,0.00032431268
106126,2022-11-13 23:00:00,234,2,2,False,0.18117455,0.00048230143,0.81834316
223555,2022-12-08 19:00:00,142,1,1,False,0.001053453,0.9988733,7.320566e-05
170285,2022-11-05 22:00:00,76,0,0,False,0.9897349,0.00999929,0.0002658253
28863,2022-11-12 04:00:00,135,2,2,False,0.14564869,0.0005982117,0.8537531
73337,2022-11-18 04:00:00,191,1,1,False,0.0010670065,0.9988669,6.611116e-05
105231,2022-11-06 09:00:00,233,2,2,False,0.186398,0.0004937682,0.8131082
323538,2022-12-29 22:00:00,270,0,0,False,0.9752167,0.024558902,0.00022445034
324860,2022-12-24 22:00:00,29,1,1,False,0.0010457343,0.9988888,6.5521715e-05
23634,2022-11-02 18:00:00,129,2,0,True,0.8347671,0.00091922114,0.16431367
265099,2022-12-28 08:00:00,194,0,1,True,0.15942559,0.8403293,0.00024514995
35748,2022-11-30 22:00:00,143,1,1,False,0.0009890844,0.9989504,6.053372e-05
36305,2022-11-24 08:00:00,144,0,0,False,0.9751878,0.024550997,0.00026119934
255699,2022-12-27 05:00:00,182,0,0,False,0.99867,0.0011055117,0.00022451565
148875,2022-11-07 14:00:00,47,1,1,False,0.12446797,0.87529284,0.00023914856
252136,2022-12-28 23:00:00,178,0,0,False,0.9899317,0.009500059,0.0005681856
60061,2022-11-01 01:00:00,175,2,2,False,0.46843845,0.0013689015,0.5301927
254473,2022-12-05 06:00:00,181,2,2,False,0.06960612,0.00035579383,0.9300381
134364,2022-11-28 16:00:00,28,1,1,False,0.0010391345,0.9988938,6.7053275e-05
151066,2022-11-09 14:00:00,5,0,0,False,0.83447987,0.16524367,0.00027642306
68260,2022-11-15 04:00:00,185,0,0,False,0.99704295,0.0009337285,0.0020233516
324284,2022-12-30 23:00:00,28,1,1,False,0.0010040998,0.99893516,6.0710052e-05
139907,2022-11-21 07:00:00,35,0,0,False,0.99525285,0.0024035303,0.002343612
63456,2022-11-23 13:00:00,179,1,1,False,0.30595878,0.6937824,0.00025886123
336278,2022-12-19 22:00:00,43,2,0,True,0.7722561,0.0010917312,0.22665218
253819,2022-12-08 01:00:00,180,0,0,False,0.9965797,0.0031833528,0.00023690319
100015,2022-11-27 11:00:00,225,0,0,False,0.98696786,0.012854294,0.00017779469
73168,2022-11-11 03:00:00,191,1,1,False,0.0010557201,0.99887985,6.437295e-05
172589,2022-11-12 15:00:00,79,2,2,False,0.2359447,0.0006024041,0.7634529
98792,2022-11-06 05:00:00,224,2,2,False,0.09621515,0.00051859475,0.9032662
336568,2022-12-01 03:00:00,44,2,2,False,0.070086025,0.0004093246,0.9295046
269858,2022-12-15 10:00:00,20,1,1,False,0.0010665155,0.9988557,7.7832505e-05
34581,2022-11-12 02:00:00,142,1,1,False,0.0010703721,0.99886143,6.817842e-05
241861,2022-12-21 10:00:00,165,2,2,False,0.22778513,0.0028756738,0.76933914
24261,2022-11-28 23:00:00,129,2,0,True,0.74046445,0.001194264,0.25834128
366084,2022-12-30 05:00:00,82,0,0,False,0.9854881,0.00045509828,0.014056757
148114,2022-11-05 16:00:00,46,1,0,True,0.70102334,0.29867017,0.00030649587
105271,2022-11-08 01:00:00,233,2,2,False,0.032404527,0.0002676232,0.96732783
69595,2022-11-11 05:00:00,187,2,2,False,0.05186347,0.00033729186,0.9477992
28778,2022-11-08 15:00:00,135,0,0,False,0.9935447,0.0056831003,0.00077221455
12339,2022-11-08 21:00:00,114,1,1,False,0.14336732,0.8564035,0.00022914348
130533,2022-11-18 00:00:00,267,0,0,False,0.99708587,0.0026848896,0.00022927494
15897,2022-11-08 02:00:00,119,0,0,False,0.9983713,0.0010905878,0.00053811725
183527,2022-11-21 12:00:00,92,2,2,False,0.4971633,0.00089168514,0.50194496
14597,2022-11-13 14:00:00,117,0,0,False,0.97589886,0.023889858,0.00021126788
245630,2022-12-28 06:00:00,17,2,0,True,0.8722742,0.00086104206,0.12686472
162300,2022-11-30 19:00:00,63,1,1,False,0.21650882,0.7830483,0.0004429345
346897,2022-12-10 22:00:00,57,0,0,False,0.9843918,0.0036250409,0.011983194
160459,2022-11-13 16:00:00,61,1,0,True,0.68717325,0.31252047,0.0003062961
141451,2022-11-26 01:00:00,37,1,1,False,0.1062977,0.8934257,0.000276566
309796,2022-12-28 03:00:00,252,1,1,False,0.029675202,0.97021693,0.00010785549
158801,2022-11-04 02:00:00,6,1,1,False,0.08202923,0.9178049,0.00016588705
153249,2022-11-11 04:00:00,52,0,0,False,0.99786156,0.0014329266,0.000705543
124644,2022-11-10 23:00:00,26,1,0,True,0.64108855,0.3586639,0.00024754627
23785,2022-11-09 03:00:00,129,2,2,False,0.1168006,0.00060834864,0.88259107
360042,2022-12-18 06:00:00,75,2,2,False,0.07484197,0.0004903077,0.9246678
35708,2022-11-29 06:00:00,143,1,1,False,0.0010608966,0.998872,6.70708e-05
157724,2022-11-18 21:00:00,58,2,0,True,0.5865046,0.0012858483,0.4122096
257976,2022-12-01 00:00:00,186,2,2,False,0.06689094,0.0004122734,0.9326968
69101,2022-11-20 10:00:00,186,2,0,True,0.8360198,0.0009390305,0.16304113
62587,2022-11-17 03:00:00,178,2,2,False,0.1088386,0.0004952023,0.89066625
92600,2022-11-16 10:00:00,215,1,1,False,0.19496754,0.8043911,0.00064133207
82803,2022-11-25 07:00:00,202,1,0,True,0.75834054,0.241138,0.00052147196
354124,2022-12-11 15:00:00,66,1,1,False,0.29595825,0.7037781,0.00026371283
108964,2022-11-13 01:00:00,238,2,0,True,0.5889481,0.00086943427,0.41018248
352427,2022-12-01 00:00:00,64,1,1,False,0.15600161,0.8437393,0.0002590921
333388,2022-12-19 16:00:00,4,0,0,False,0.9877907,0.010787079,0.0014222035
320517,2022-12-24 05:00:00,267,0,0,False,0.993736,0.0059058466,0.00035806253
188417,2022-11-16 17:00:00,99,2,2,False,0.25055298,0.00084689807,0.7486001
94565,2022-11-08 22:00:00,218,1,0,True,0.5498632,0.44985273,0.00028404148
309234,2022-12-03 19:00:00,252,0,0,False,0.99725276,0.0024194007,0.00032784836
146284,2022-11-18 21:00:00,43,2,2,False,0.39875972,0.0013387622,0.59990156
98796,2022-11-06 09:00:00,224,0,0,False,0.99385095,0.0048374245,0.0013116461
315238,2022-12-13 15:00:00,260,0,0,False,0.9980564,0.00128124,0.00066232216
237608,2022-12-24 11:00:00,16,1,1,False,0.0011233145,0.9988004,7.62923e-05
341840,2022-12-10 12:00:00,50,2,2,False,0.24841215,0.0005995611,0.75098825
114112,2022-11-19 00:00:00,245,1,1,False,0.0010463676,0.9988839,6.970912e-05
247138,2022-12-31 00:00:00,171,0,0,False,0.9977642,0.00197688,0.0002589087
142039,2022-11-20 18:00:00,38,2,2,False,0.36367616,0.0008726249,0.63545114
82690,2022-11-20 14:00:00,202,1,1,False,0.4887504,0.5109788,0.00027081944
146731,2022-11-07 15:00:00,44,2,0,True,0.884641,0.0011010033,0.11425801
154129,2022-11-18 01:00:00,53,2,2,False,0.09839793,0.00055326644,0.9010488
33065,2022-11-08 10:00:00,140,0,0,False,0.95794123,0.04092413,0.0011346422
274470,2022-12-28 06:00:00,205,0,0,False,0.98889214,0.010983274,0.00012454584
340489,2022-12-14 07:00:00,49,1,1,False,0.35772747,0.64163613,0.00063645124
71454,2022-11-29 02:00:00,189,0,0,False,0.99868006,0.0007377251,0.0005821908
166092,2022-11-10 01:00:00,7,1,1,False,0.02391359,0.9759788,0.000107665146
285412,2022-12-02 14:00:00,220,2,0,True,0.5122791,0.0007154363,0.48700547
11592,2022-11-07 11:00:00,113,2,2,False,0.37594262,0.0009875043,0.6230699
61802,2022-11-14 05:00:00,177,2,0,True,0.59140056,0.0008276621,0.40777177
190164,2022-12-30 09:00:00,10,1,1,False,0.33173454,0.6679835,0.0002819796
370499,2022-12-02 23:00:00,89,1,1,False,0.0010351923,0.9989047,6.011525e-05
297719,2022-12-04 16:00:00,237,0,0,False,0.9970567,0.0010253232,0.0019179422
82281,2022-11-03 11:00:00,202,0,0,False,0.99467,0.0042479294,0.0010820949
292356,2022-12-22 11:00:00,229,0,0,False,0.99599105,0.0024246105,0.0015844068
98831,2022-11-07 20:00:00,224,2,0,True,0.9602577,0.0021121448,0.03763016
147267,2022-11-30 01:00:00,44,2,0,True,0.9550137,0.0006805873,0.044305757
157390,2022-11-04 21:00:00,58,2,0,True,0.94691455,0.004114608,0.0489708
83739,2022-11-04 15:00:00,204,0,0,False,0.9301796,0.06911959,0.0007008465
9973,2022-11-29 11:00:00,110,2,2,False,0.25879854,0.0006950518,0.74050635
20803,2022-11-03 23:00:00,125,2,0,True,0.6039191,0.0009437973,0.3951371
26757,2022-11-13 19:00:00,132,2,0,True,0.5564033,0.0007045321,0.4428922
178326,2022-11-13 08:00:00,86,0,0,False,0.99662566,0.0028012404,0.00057316734
336745,2022-12-08 12:00:00,44,2,2,False,0.2541331,0.0006684436,0.7451984
101100,2022-11-13 02:00:00,227,2,2,False,0.049703866,0.00031912097,0.94997704
290665,2022-12-11 04:00:00,227,2,2,False,0.027017267,0.00023396507,0.97274876
65418,2022-11-15 22:00:00,181,2,2,False,0.12235983,0.00058480416,0.87705535
131926,2022-11-16 11:00:00,269,2,0,True,0.81975454,0.0010384689,0.17920703
101360,2022-11-23 22:00:00,227,2,2,False,0.4574006,0.0008834233,0.541716
29727,2022-11-18 09:00:00,136,1,1,False,0.48062903,0.5187493,0.00062167534
251512,2022-12-02 01:00:00,178,2,2,False,0.074907005,0.0003951228,0.9246978
290856,2022-12-19 23:00:00,227,2,2,False,0.092765324,0.00047228916,0.9067624
26099,2022-11-16 04:00:00,131,1,1,False,0.12510534,0.87468857,0.0002060683
43152,2022-11-11 17:00:00,153,1,0,True,0.6223273,0.37734413,0.000328601
242046,2022-12-29 03:00:00,165,1,1,False,0.06857147,0.9308557,0.0005728803
183155,2022-11-05 22:00:00,92,1,1,False,0.0009231397,0.9990182,5.8682326e-05
357669,2022-12-09 03:00:00,72,1,1,False,0.0011463139,0.99877876,7.489265e-05
168344,2022-11-14 12:00:00,73,2,2,False,0.49140102,0.0009176776,0.50768125
98312,2022-11-16 02:00:00,223,2,2,False,0.03451048,0.000257768,0.9652317
115221,2022-11-05 13:00:00,247,1,1,False,0.3723119,0.6273537,0.0003344259
285517,2022-12-06 23:00:00,220,0,0,False,0.99616563,0.0018451654,0.0019892592
170771,2022-11-26 06:00:00,76,0,0,False,0.9981431,0.00090730964,0.0009496634
214654,2022-12-29 09:00:00,130,0,0,False,0.9740363,0.025669217,0.00029453653
150876,2022-11-01 11:00:00,5,0,0,False,0.6873329,0.31220055,0.00046651324
22107,2022-11-28 14:00:00,126,2,0,True,0.64761364,0.0008586316,0.35152778
286792,2022-12-30 23:00:00,221,2,0,True,0.8989586,0.00059268065,0.100448675
290698,2022-12-12 13:00:00,227,2,0,True,0.862269,0.00075150037,0.13697954
68932,2022-11-13 09:00:00,186,0,0,False,0.99701214,0.0010639146,0.0019239337
378548,2022-12-07 21:00:00,99,1,0,True,0.9726313,0.026856156,0.0005126198
224021,2022-12-29 03:00:00,142,1,1,False,0.0011132602,0.99880934,7.736424e-05
138649,2022-11-28 11:00:00,33,0,0,False,0.96535504,0.00065954245,0.03398542
220697,2022-12-09 21:00:00,139,0,0,False,0.9771525,0.022631245,0.00021626292
324094,2022-12-23 01:00:00,28,1,1,False,0.0010518573,0.9988833,6.4831234e-05
84839,2022-11-20 18:00:00,205,0,0,False,0.99226487,0.0063985838,0.0013365906
325569,2022-12-24 10:00:00,3,1,1,False,0.112045124,0.8877907,0.00016421857
116195,2022-11-16 10:00:00,248,2,2,False,0.33123744,0.0006446611,0.66811794
71793,2022-11-13 10:00:00,19,1,0,True,0.7355999,0.26410404,0.0002960506
324616,2022-12-13 20:00:00,29,1,1,False,0.0010217852,0.99891126,6.695993e-05
303502,2022-12-05 07:00:00,245,1,1,False,0.00107011,0.9988617,6.823204e-05
335271,2022-12-07 04:00:00,42,0,0,False,0.9981262,0.00096899224,0.0009048403
351837,2022-12-06 11:00:00,63,0,0,False,0.9907493,0.0071918624,0.002058804
43670,2022-11-03 10:00:00,154,2,2,False,0.10870764,0.0006080546,0.8906843
17144,2022-11-30 08:00:00,12,1,1,False,0.23628257,0.7634667,0.00025070066
175332,2022-11-07 16:00:00,82,0,0,False,0.72400796,0.0015306176,0.27446142
49667,2022-11-15 01:00:00,161,1,1,False,0.14108907,0.85871416,0.00019672194
140685,2022-11-23 22:00:00,36,2,2,False,0.11559376,0.00068487314,0.88372135
170541,2022-11-16 16:00:00,76,2,2,False,0.31555513,0.00064902665,0.6837958
298031,2022-12-18 01:00:00,237,0,0,False,0.9849406,0.014818253,0.00024116838
330794,2022-12-31 20:00:00,36,2,2,False,0.2692679,0.0007774533,0.7299547
241127,2022-12-20 21:00:00,164,0,0,False,0.9923644,0.007379522,0.0002560807
103121,2022-11-07 20:00:00,230,2,2,False,0.22356042,0.0007939436,0.7756456
368022,2022-12-20 20:00:00,85,0,0,False,0.97402805,0.0006987512,0.025273219
230999,2022-12-19 09:00:00,151,2,2,False,0.29201284,0.00068859884,0.7072986
207007,2022-12-10 06:00:00,121,0,0,False,0.9965634,0.0032012258,0.00023545734
82934,2022-11-30 18:00:00,202,1,0,True,0.81258947,0.1869195,0.0004910145
330305,2022-12-10 13:00:00,36,2,2,False,0.23101264,0.00071827875,0.76826906
52886,2022-11-30 00:00:00,165,1,1,False,0.03853007,0.96111697,0.00035296686
66117,2022-11-15 06:00:00,182,0,0,False,0.921996,0.00056805904,0.07743601
378168,2022-12-23 00:00:00,98,1,1,False,0.12492302,0.87484366,0.00023330317
155932,2022-11-03 17:00:00,56,0,0,False,0.9041383,0.001241091,0.09462055
154927,2022-11-21 12:00:00,54,1,1,False,0.28101417,0.7186595,0.00032631512
39614,2022-11-13 06:00:00,149,2,2,False,0.059918042,0.00036348007,0.93971854
60345,2022-11-13 02:00:00,175,2,2,False,0.28469184,0.0008281479,0.71448
289551,2022-12-25 18:00:00,225,0,0,False,0.9960375,0.0011186976,0.0028438263
213992,2022-12-31 20:00:00,13,1,1,False,0.1325439,0.8672628,0.00019326505
360074,2022-12-20 01:00:00,75,0,0,False,0.9967681,0.001320442,0.001911458
268172,2022-12-05 06:00:00,199,0,0,False,0.97960407,0.00051294104,0.019882968
324798,2022-12-22 08:00:00,29,1,1,False,0.0010685165,0.99884677,8.463531e-05
52512,2022-11-14 10:00:00,165,2,2,False,0.2685335,0.0023375587,0.72912896
293414,2022-12-05 13:00:00,231,0,0,False,0.9859929,0.013762026,0.00024505658
69330,2022-11-29 23:00:00,186,2,0,True,0.6062178,0.0017960465,0.3919862
293114,2022-12-24 00:00:00,230,0,0,False,0.99534047,0.003100136,0.0015593637
168877,2022-11-06 20:00:00,74,2,2,False,0.21559347,0.00074940163,0.7836571
365554,2022-12-07 05:00:00,82,0,0,False,0.99843425,0.00065438927,0.00091132027
14576,2022-11-12 17:00:00,117,1,0,True,0.6271345,0.37259406,0.00027145044
26250,2022-11-22 11:00:00,131,1,1,False,0.463564,0.5359519,0.0004840862
101829,2022-11-13 16:00:00,228,2,2,False,0.11472804,0.0004572987,0.88481474
37909,2022-11-01 14:00:00,147,1,1,False,0.0010741309,0.9988574,6.8443944e-05
147268,2022-11-30 02:00:00,44,2,2,False,0.106188275,0.0005444757,0.8932672
242796,2022-12-30 08:00:00,166,1,0,True,0.86674494,0.13303414,0.00022088591
7633,2022-11-21 08:00:00,108,2,0,True,0.8425145,0.010431384,0.14705409
240147,2022-12-09 04:00:00,163,0,0,False,0.9595338,0.040356822,0.00010938902
25628,2022-11-26 08:00:00,130,1,1,False,0.120368816,0.8794688,0.0001623999
11477,2022-11-02 13:00:00,113,2,2,False,0.193719,0.00055021234,0.8057308
80224,2022-11-07 03:00:00,20,1,1,False,0.0010661295,0.9988686,6.531227e-05
62490,2022-11-13 02:00:00,178,2,0,True,0.9708204,0.0005490738,0.028630517
64548,2022-11-09 11:00:00,180,2,0,True,0.5356018,0.0008034172,0.4635948
319947,2022-12-30 12:00:00,266,0,0,False,0.97766864,0.022124715,0.00020669863
152000,2022-11-18 17:00:00,50,2,2,False,0.49311998,0.0008419946,0.506038
366111,2022-12-31 08:00:00,82,2,2,False,0.39943248,0.0007915242,0.59977597
187032,2022-11-18 14:00:00,97,0,0,False,0.9926301,0.0055835578,0.0017863685
377042,2022-12-05 05:00:00,97,0,0,False,0.99828786,0.0011005893,0.00061156217
296366,2022-12-08 09:00:00,235,2,2,False,0.43722624,0.0006593312,0.5621144
75836,2022-11-03 01:00:00,195,0,0,False,0.99675757,0.0030170972,0.00022529942
378904,2022-12-23 15:00:00,99,1,0,True,0.7540143,0.24554242,0.00044329697
331681,2022-12-07 19:00:00,38,1,1,False,0.00095866545,0.99897575,6.560057e-05
154125,2022-11-17 21:00:00,53,2,2,False,0.15052634,0.0007124308,0.84876126
53964,2022-11-15 08:00:00,167,2,0,True,0.9733642,0.005573671,0.021062138
370508,2022-12-03 08:00:00,89,1,1,False,0.001077375,0.9988518,7.089663e-05
105289,2022-11-08 21:00:00,233,2,2,False,0.08740134,0.00051396684,0.9120847
283525,2022-12-14 02:00:00,217,0,0,False,0.9902012,0.009652824,0.00014602771
188992,2022-12-10 16:00:00,1,1,1,False,0.0010460105,0.9988864,6.7604524e-05
178649,2022-11-26 19:00:00,86,0,0,False,0.9942275,0.004981832,0.00079058734
242013,2022-12-27 18:00:00,165,1,1,False,0.17868501,0.8204365,0.0008784894
325328,2022-12-13 11:00:00,3,0,0,False,0.99745065,0.0022679407,0.0002814057
323133,2022-12-12 03:00:00,270,0,0,False,0.99794954,0.0008279507,0.0012224695
315665,2022-12-01 09:00:00,261,1,0,True,0.5943446,0.40530065,0.0003547214
105274,2022-11-08 04:00:00,233,2,2,False,0.02542073,0.0002500191,0.9743293
290129,2022-12-19 17:00:00,226,2,2,False,0.33733237,0.00076489017,0.6619027
303615,2022-12-10 00:00:00,245,1,1,False,0.0010614466,0.99887186,6.660892e-05
191275,2022-12-15 16:00:00,101,0,0,False,0.99643975,0.0032787113,0.0002814674
105703,2022-11-26 03:00:00,233,2,2,False,0.04445379,0.00032293616,0.9552232
61629,2022-11-06 22:00:00,177,2,2,False,0.3968792,0.0009546656,0.6021661
349336,2022-12-23 08:00:00,6,1,0,True,0.7246906,0.2750136,0.00029572236
223458,2022-12-04 18:00:00,142,1,1,False,0.0010923131,0.99883837,6.933467e-05
95605,2022-11-22 11:00:00,219,0,0,False,0.9958405,0.003668665,0.0004908387
161625,2022-11-02 11:00:00,63,1,1,False,0.1640701,0.83565104,0.00027886528
56799,2022-11-14 07:00:00,170,2,0,True,0.983609,0.0011118524,0.015279204
237067,2022-12-01 00:00:00,16,1,1,False,0.0011055465,0.99882907,6.540044e-05
368259,2022-12-30 17:00:00,85,2,2,False,0.09996562,0.00043062374,0.8996038
35416,2022-11-17 02:00:00,143,1,1,False,0.0010757187,0.9988482,7.6077835e-05
209014,2022-12-03 18:00:00,124,1,0,True,0.8289729,0.1707228,0.00030431026
285068,2022-12-19 03:00:00,219,1,0,True,0.9697198,0.030129727,0.00015042677
224281,2022-12-09 00:00:00,143,1,1,False,0.0010410264,0.99889475,6.423469e-05
75440,2022-11-16 10:00:00,194,1,0,True,0.83133245,0.16841945,0.0002481559
148271,2022-11-12 07:00:00,46,2,2,False,0.12293388,0.0005795454,0.87648654
301386,2022-12-07 06:00:00,242,0,0,False,0.9976756,0.002038719,0.00028564112
28464,2022-11-25 08:00:00,134,2,0,True,0.9244997,0.0012280653,0.074272245
693,2022-11-30 02:00:00,1,0,0,False,0.99825495,0.0011027572,0.0006422332
286411,2022-12-14 04:00:00,221,0,0,False,0.9941326,0.0004040669,0.0054634106
98994,2022-11-14 17:00:00,224,0,0,False,0.9895271,0.0029659155,0.007506991
59011,2022-11-17 02:00:00,173,0,0,False,0.9983999,0.0007127815,0.0008873192
377399,2022-12-21 00:00:00,97,0,0,False,0.9655379,0.00061112945,0.033850953
59480,2022-11-06 18:00:00,174,2,2,False,0.1749907,0.00067728234,0.82433206
62609,2022-11-18 01:00:00,178,2,2,False,0.09001305,0.0004804498,0.90950656
74970,2022-11-26 15:00:00,193,0,0,False,0.98288304,0.016751993,0.00036496285
374191,2022-12-06 14:00:00,93,0,0,False,0.99763,0.0011237839,0.0012462095
345590,2022-12-16 13:00:00,55,1,0,True,0.9357152,0.06414874,0.00013608485
334119,2022-12-20 02:00:00,40,1,1,False,0.092283346,0.90756893,0.0001476853
32759,2022-11-25 13:00:00,14,0,0,False,0.976473,0.022907605,0.00061938574
353650,2022-12-22 20:00:00,65,0,0,False,0.9896511,0.009091423,0.001257496
147522,2022-11-10 21:00:00,45,2,0,True,0.7715014,0.0017842179,0.22671436
209648,2022-12-31 02:00:00,124,1,0,True,0.9151524,0.08437249,0.00047509948
363768,2022-12-23 20:00:00,8,0,0,False,0.9931437,0.003194063,0.0036622174
286807,2022-12-31 14:00:00,221,2,2,False,0.19119056,0.0005938023,0.8082157
241625,2022-12-10 16:00:00,165,0,0,False,0.8880582,0.0034121827,0.10852968
359962,2022-12-14 13:00:00,75,0,0,False,0.9949714,0.0036287413,0.0013998912
56188,2022-11-18 15:00:00,17,0,0,False,0.6029776,0.39651787,0.00050451286
248923,2022-12-14 08:00:00,174,1,0,True,0.9056895,0.09406449,0.00024602006
156606,2022-11-01 21:00:00,57,0,0,False,0.89591444,0.103471875,0.0006136817
178974,2022-11-10 13:00:00,87,1,0,True,0.6795373,0.32015842,0.00030424626
272618,2022-12-10 06:00:00,203,0,0,False,0.99652463,0.0018676044,0.001607688
190725,2022-12-23 17:00:00,100,0,0,False,0.93737066,0.062333167,0.00029611134
122836,2022-11-25 00:00:00,257,0,0,False,0.9965385,0.0032760655,0.0001854844
366373,2022-12-11 07:00:00,83,2,2,False,0.25566715,0.00056284847,0.74376994
7513,2022-11-16 08:00:00,108,2,0,True,0.9114787,0.0069018295,0.08161951
223603,2022-12-10 19:00:00,142,1,1,False,0.0010966442,0.99882406,7.925037e-05
100336,2022-11-11 01:00:00,226,2,2,False,0.07745804,0.00045177012,0.92209023
250011,2022-12-30 13:00:00,175,0,0,False,0.987608,0.01038848,0.0020035438
324364,2022-12-03 08:00:00,29,1,1,False,0.001056085,0.99887437,6.9495654e-05
331984,2022-12-21 08:00:00,38,1,0,True,0.72536904,0.27412435,0.00050660386
366338,2022-12-09 20:00:00,83,0,0,False,0.9899004,0.009812054,0.0002875492
184672,2022-11-09 15:00:00,94,0,0,False,0.9967051,0.0023483408,0.000946611
209742,2022-12-04 01:00:00,125,2,2,False,0.09797528,0.00048734114,0.9015374
65472,2022-11-18 04:00:00,181,2,2,False,0.043902267,0.00039699313,0.95570076
148171,2022-11-08 01:00:00,46,2,2,False,0.055265415,0.00047613584,0.94425845
83561,2022-11-27 02:00:00,203,1,0,True,0.87991506,0.11985155,0.00023331342
254788,2022-12-19 05:00:00,181,2,0,True,0.81180835,0.00088687165,0.18730476
96716,2022-11-09 04:00:00,221,2,2,False,0.04801177,0.0003505844,0.9516377
112422,2022-11-08 02:00:00,243,2,2,False,0.49313366,0.00085008924,0.50601625
340802,2022-12-28 06:00:00,49,2,0,True,0.8956791,0.0010527693,0.10326809
230906,2022-12-14 16:00:00,151,2,2,False,0.21183608,0.00058470253,0.78757924
172860,2022-11-23 22:00:00,79,2,2,False,0.39791712,0.0008957844,0.60118705
69452,2022-11-05 04:00:00,187,2,2,False,0.101657234,0.0005049339,0.8978379
276068,2022-12-03 19:00:00,208,0,0,False,0.99640524,0.0020656826,0.0015291541
201116,2022-12-05 03:00:00,114,0,0,False,0.9926373,0.007209946,0.00015277682
145279,2022-11-06 17:00:00,42,2,2,False,0.26521173,0.0015003484,0.73328793
284468,2022-12-24 06:00:00,218,1,1,False,0.0040379646,0.9958391,0.00012293512
294804,2022-12-03 09:00:00,233,2,2,False,0.18876919,0.000461203,0.81076956
372432,2022-12-24 08:00:00,90,0,0,False,0.7349709,0.26469037,0.00033870764
331574,2022-12-03 08:00:00,38,1,1,False,0.0086336555,0.9911675,0.00019893599
244285,2022-12-01 08:00:00,169,1,0,True,0.8266265,0.17268223,0.0006912883
49627,2022-11-13 09:00:00,161,1,1,False,0.058337256,0.94151133,0.00015143842
371175,2022-12-01 02:00:00,9,1,1,False,0.033267714,0.9665985,0.00013373053
124613,2022-11-09 16:00:00,26,1,1,False,0.32723445,0.67244893,0.00031667613
24891,2022-11-25 10:00:00,13,1,1,False,0.4801749,0.51950693,0.00031814064
187003,2022-11-17 09:00:00,97,2,2,False,0.36681384,0.00070997054,0.63247615
34642,2022-11-14 15:00:00,142,1,1,False,0.0011169909,0.9988128,7.0234106e-05
136849,2022-11-13 01:00:00,31,0,0,False,0.98560196,0.013819837,0.00057826686
104419,2022-11-02 05:00:00,232,2,2,False,0.15618277,0.00059825997,0.843219
235343,2022-12-20 03:00:00,157,0,0,False,0.95111823,0.048637852,0.0002439304
329432,2022-12-04 05:00:00,35,1,1,False,0.10432878,0.8955016,0.00016960668
4515,2022-11-10 14:00:00,104,2,2,False,0.19596453,0.0005966552,0.80343884
106578,2022-11-02 22:00:00,235,2,0,True,0.6487978,0.0009016745,0.35030052
197811,2022-12-18 00:00:00,11,1,0,True,0.7592093,0.24048467,0.00030609308
61810,2022-11-14 13:00:00,177,0,0,False,0.99475396,0.0012122617,0.00403373
88084,2022-11-06 22:00:00,21,1,1,False,0.04752284,0.9523772,9.990816e-05
340550,2022-12-16 20:00:00,49,0,0,False,0.73695445,0.26233873,0.00070682773
45792,2022-11-02 08:00:00,157,0,0,False,0.9624953,0.028071115,0.009433583
152737,2022-11-19 15:00:00,51,2,0,True,0.60549706,0.00092639314,0.39357656
99107,2022-11-19 10:00:00,224,2,0,True,0.6312327,0.0009619234,0.36780542
370812,2022-12-16 00:00:00,89,1,1,False,0.0010579799,0.9988789,6.30675e-05
278782,2022-12-27 16:00:00,210,0,0,False,0.92299515,0.07652703,0.00047787503
150711,2022-11-24 14:00:00,49,0,0,False,0.7942834,0.20520777,0.0005088023
177403,2022-11-04 14:00:00,85,2,2,False,0.26191178,0.00065976725,0.7374285
112486,2022-11-10 20:00:00,243,2,0,True,0.5887783,0.0009862852,0.4102354
281997,2022-12-10 12:00:00,215,0,0,False,0.99727947,0.0020127057,0.0007078993
90856,2022-11-03 06:00:00,213,0,0,False,0.5378822,0.0010501816,0.46106756
106049,2022-11-10 18:00:00,234,0,0,False,0.99388206,0.0032409444,0.0028770503
47140,2022-11-28 22:00:00,158,1,1,False,0.25144032,0.748304,0.00025559615
108648,2022-11-29 16:00:00,237,1,0,True,0.81939995,0.18031266,0.00028733085
236631,2022-12-12 21:00:00,159,1,1,False,0.103107296,0.89674777,0.00014490265
29579,2022-11-12 05:00:00,136,2,2,False,0.14576635,0.00060541864,0.8536282
298761,2022-12-18 10:00:00,238,2,0,True,0.93802977,0.0006257248,0.06134449
70028,2022-11-29 06:00:00,187,2,2,False,0.2723371,0.0008439054,0.726819
224793,2022-12-31 06:00:00,143,1,1,False,0.0010534049,0.99888057,6.5978034e-05
351527,2022-12-24 12:00:00,62,0,0,False,0.9926859,0.00387293,0.003441103
274934,2022-12-16 15:00:00,206,1,0,True,0.76941144,0.23021035,0.00037823908
106645,2022-11-05 17:00:00,235,0,1,True,0.33272174,0.66693723,0.0003410048
171316,2022-11-19 04:00:00,77,2,0,True,0.7006816,0.0009323876,0.29838598
225524,2022-12-31 16:00:00,144,1,1,False,0.0037847285,0.9960996,0.00011562739
154624,2022-11-08 21:00:00,54,0,0,False,0.98160213,0.017888658,0.0005092535
346175,2022-12-10 21:00:00,56,2,2,False,0.14303523,0.0005453509,0.8564194
313762,2022-12-12 05:00:00,259,2,2,False,0.0301389,0.00024396682,0.9696172
45635,2022-11-25 19:00:00,156,1,1,False,0.0010484956,0.998889,6.2473526e-05
96034,2022-11-10 13:00:00,220,2,0,True,0.808473,0.0070267073,0.18450034
152911,2022-11-26 21:00:00,51,2,2,False,0.14307202,0.00063496287,0.856293
254804,2022-12-19 21:00:00,181,2,0,True,0.98879856,0.0015431269,0.009658326
133234,2022-11-11 09:00:00,270,1,0,True,0.76849616,0.23079577,0.0007081088
270526,2022-12-13 05:00:00,200,0,0,False,0.99838006,0.0013770235,0.00024285784
377886,2022-12-10 08:00:00,98,0,0,False,0.9750792,0.024615813,0.00030507875
105822,2022-11-01 02:00:00,234,0,0,False,0.99835664,0.0010655628,0.0005778196
35016,2022-11-30 05:00:00,142,1,1,False,0.0010848811,0.9988433,7.183634e-05
284913,2022-12-11 20:00:00,219,2,2,False,0.22833113,0.00062117644,0.7710477
144906,2022-11-21 01:00:00,41,2,2,False,0.41710284,0.0007739998,0.58212316
313218,2022-12-20 10:00:00,258,0,0,False,0.9857524,0.013965684,0.00028188448
26425,2022-11-29 18:00:00,131,2,0,True,0.94536847,0.0024169518,0.05221455
46378,2022-11-26 23:00:00,157,0,0,False,0.9362662,0.063050345,0.0006834636
60837,2022-11-03 17:00:00,176,0,0,False,0.9803972,0.018706096,0.00089664146
258311,2022-12-14 23:00:00,186,2,2,False,0.090356566,0.00051191926,0.90913147
95098,2022-11-01 03:00:00,219,1,0,True,0.5995566,0.40012118,0.0003222465
78907,2022-11-11 22:00:00,199,1,1,False,0.254504,0.7451991,0.00029684798
52894,2022-11-30 08:00:00,165,2,0,True,0.9234427,0.04363347,0.032923788
30943,2022-11-09 11:00:00,138,1,1,False,0.2341594,0.76552194,0.0003186774
134419,2022-11-30 23:00:00,28,1,1,False,0.00096168893,0.99897987,5.8385678e-05
294019,2022-12-31 16:00:00,231,0,0,False,0.99364966,0.006035072,0.00031524917
136611,2022-11-03 01:00:00,31,1,1,False,0.1787784,0.82081765,0.00040392615
101714,2022-11-08 21:00:00,228,2,0,True,0.7649313,0.0010987339,0.23396991
294283,2022-12-11 17:00:00,232,0,0,False,0.99603736,0.0019559325,0.00200669
323713,2022-12-06 06:00:00,28,1,1,False,0.0009951842,0.9989421,6.276781e-05
105110,2022-11-01 05:00:00,233,2,2,False,0.094732784,0.000477564,0.9047896
276213,2022-12-09 20:00:00,208,0,0,False,0.9609645,0.00074175786,0.03829374
285204,2022-12-24 21:00:00,219,0,0,False,0.99672264,0.0022583532,0.0010189952
303691,2022-12-13 04:00:00,245,1,1,False,0.001067971,0.9988649,6.710629e-05
69567,2022-11-10 01:00:00,187,2,2,False,0.16403694,0.0005565587,0.8354065
105727,2022-11-27 03:00:00,233,2,2,False,0.021840747,0.00021350254,0.9779457
111745,2022-11-09 18:00:00,242,0,0,False,0.9961921,0.0010686434,0.0027392916
98814,2022-11-07 03:00:00,224,2,2,False,0.047211226,0.00029574733,0.952493
185219,2022-11-02 10:00:00,95,2,2,False,0.18641822,0.0006305868,0.8129512
224616,2022-12-23 21:00:00,143,1,1,False,0.0010238027,0.9989164,5.9781043e-05
183796,2022-11-02 20:00:00,93,1,1,False,0.091677375,0.90806323,0.00025942724
241628,2022-12-10 19:00:00,165,2,0,True,0.93404585,0.0027965151,0.06315765
19714,2022-11-18 06:00:00,123,0,0,False,0.9943327,0.005388397,0.00027896694
266083,2022-12-08 08:00:00,196,0,0,False,0.9914629,0.008312186,0.00022491928
185672,2022-11-21 12:00:00,95,2,2,False,0.18679088,0.00073034817,0.8124788
25760,2022-11-01 20:00:00,131,1,1,False,0.2868011,0.7129478,0.00025112292
82331,2022-11-05 13:00:00,202,1,1,False,0.44355205,0.55606675,0.00038125148
186563,2022-11-28 20:00:00,96,1,0,True,0.840922,0.158645,0.00043298095
339913,2022-12-21 06:00:00,48,2,2,False,0.28299177,0.0008234678,0.71618474
50128,2022-11-04 09:00:00,162,2,0,True,0.5182993,0.0011487484,0.480552
44171,2022-11-24 09:00:00,154,2,0,True,0.6200345,0.0010185986,0.37894693
185783,2022-11-26 03:00:00,95,1,1,False,0.18929055,0.81050897,0.00020052941
148169,2022-11-07 23:00:00,46,2,2,False,0.41849136,0.000954865,0.58055377
182228,2022-11-26 23:00:00,90,0,0,False,0.9949911,0.0035149315,0.0014939114
146331,2022-11-20 20:00:00,43,2,0,True,0.79573256,0.0011980184,0.2030694
201197,2022-12-08 12:00:00,114,0,0,False,0.8329069,0.16688915,0.00020396132
104623,2022-11-10 22:00:00,232,2,2,False,0.11083399,0.00049028045,0.8886757
194379,2022-12-25 18:00:00,105,0,0,False,0.99662614,0.0031346625,0.00023919126
294435,2022-12-18 10:00:00,232,2,0,True,0.6665219,0.0010556327,0.33242244
80586,2022-11-22 07:00:00,20,1,1,False,0.0010520319,0.99887234,7.5597985e-05
330054,2022-12-31 01:00:00,35,1,1,False,0.0039981524,0.9958621,0.00013969143
36974,2022-11-22 10:00:00,145,2,2,False,0.49639273,0.00096788374,0.5026394
34906,2022-11-25 15:00:00,142,1,1,False,0.0011127081,0.9988211,6.613663e-05
325401,2022-12-16 12:00:00,3,0,0,False,0.99018717,0.009553112,0.0002597138
94897,2022-11-22 18:00:00,218,0,0,False,0.5709391,0.42883408,0.00022678755
159612,2022-11-08 02:00:00,60,0,0,False,0.99637514,0.0031433,0.00048153667
36972,2022-11-22 08:00:00,145,2,0,True,0.8206971,0.0046703327,0.17463253
47292,2022-11-05 09:00:00,159,1,1,False,0.16117725,0.83839107,0.0004317046
133796,2022-11-04 22:00:00,28,1,1,False,0.20747629,0.79234457,0.00017919131
51009,2022-11-11 09:00:00,163,1,1,False,0.43051,0.569088,0.00040200996
105729,2022-11-27 05:00:00,233,2,2,False,0.035430066,0.00027508187,0.96429485
7636,2022-11-21 11:00:00,108,2,2,False,0.25527337,0.0007203499,0.74400634
309366,2022-12-09 07:00:00,252,0,0,False,0.9949227,0.001620798,0.003456522
44552,2022-11-10 11:00:00,155,0,0,False,0.96224713,0.0372417,0.0005110936
33757,2022-11-07 11:00:00,141,0,0,False,0.99579996,0.003002363,0.0011976163
185505,2022-11-14 13:00:00,95,2,2,False,0.17740917,0.0005605067,0.8220303
111941,2022-11-17 22:00:00,242,0,0,False,0.9949516,0.0028062693,0.002242146
25778,2022-11-02 14:00:00,131,1,1,False,0.47544068,0.52420825,0.0003511055
161590,2022-11-01 00:00:00,63,2,0,True,0.79848653,0.0009895939,0.20052388
170399,2022-11-10 18:00:00,76,1,0,True,0.9375226,0.062096816,0.00038061893
174693,2022-11-10 22:00:00,81,2,2,False,0.19656274,0.0009223557,0.8025149
68225,2022-11-13 17:00:00,185,0,0,False,0.91571003,0.00080049987,0.08348945
274898,2022-12-15 03:00:00,206,1,1,False,0.13510877,0.8645903,0.00030087965
206313,2022-12-11 09:00:00,120,0,0,False,0.99651635,0.0031122193,0.00037147265
207106,2022-12-14 09:00:00,121,2,2,False,0.099223495,0.00051648525,0.9002601
148265,2022-11-12 01:00:00,46,2,2,False,0.20667487,0.0008574957,0.7924676
180818,2022-11-27 19:00:00,89,1,1,False,0.0010835236,0.9988426,7.380183e-05
211562,2022-12-20 17:00:00,127,0,0,False,0.99548846,0.0040699095,0.0004416225
61763,2022-11-12 14:00:00,177,2,2,False,0.38800752,0.00062308664,0.6113694
145968,2022-11-05 15:00:00,43,2,0,True,0.87874794,0.0041321362,0.117119916
5060,2022-11-03 10:00:00,105,1,0,True,0.7070033,0.29266053,0.00033618347
172223,2022-11-27 04:00:00,78,0,0,False,0.9947929,0.0049041593,0.00030296255
86591,2022-11-04 07:00:00,208,1,0,True,0.6608541,0.3386469,0.000499021
364812,2022-12-06 08:00:00,81,0,0,False,0.9929669,0.0015716456,0.005461492
180281,2022-11-05 08:00:00,89,1,1,False,0.001096424,0.9988325,7.103793e-05
36731,2022-11-12 07:00:00,145,1,1,False,0.25114793,0.74850285,0.00034922213
80611,2022-11-23 08:00:00,20,1,1,False,0.0010353031,0.9988716,9.3083756e-05
300371,2022-12-25 23:00:00,240,0,0,False,0.99649787,0.0016788453,0.0018232367
336569,2022-12-01 04:00:00,44,2,2,False,0.08137483,0.00041031887,0.91821486
197792,2022-12-16 20:00:00,11,0,0,False,0.98580265,0.013949111,0.00024821865
84643,2022-11-12 14:00:00,205,1,0,True,0.81392604,0.18572354,0.0003504119
94931,2022-11-24 04:00:00,218,1,1,False,0.030749677,0.9691677,8.2554274e-05
240555,2022-12-27 02:00:00,163,0,0,False,0.9953276,0.004500406,0.0001720034
26768,2022-11-14 06:00:00,132,2,0,True,0.83629894,0.0007071298,0.16299392
110801,2022-11-30 00:00:00,240,2,0,True,0.8161001,0.0008521988,0.18304771
97492,2022-11-11 17:00:00,222,1,1,False,0.10031866,0.89954615,0.00013514879
361121,2022-12-02 18:00:00,77,2,0,True,0.546219,0.0010777148,0.4527033
22882,2022-11-01 02:00:00,128,0,0,False,0.9960985,0.0022697088,0.00163176
108751,2022-11-04 02:00:00,238,0,0,False,0.99746037,0.0023744418,0.00016516414
372137,2022-12-11 03:00:00,90,0,0,False,0.99582785,0.00289408,0.0012780324
185818,2022-11-27 14:00:00,95,1,0,True,0.6394679,0.36028388,0.00024821723
224083,2022-12-31 17:00:00,142,1,1,False,0.0011154929,0.9988136,7.0881215e-05
56052,2022-11-12 23:00:00,17,0,0,False,0.9917549,0.004964563,0.0032806017
6327,2022-11-26 12:00:00,106,1,1,False,0.0011692533,0.9987663,6.443969e-05
27472,2022-11-13 19:00:00,133,2,0,True,0.85183764,0.00086577656,0.14729661
261173,2022-12-14 01:00:00,19,1,1,False,0.13409792,0.8656291,0.00027299247
34728,2022-11-18 05:00:00,142,1,1,False,0.0011032047,0.99883145,6.539017e-05
229173,2022-12-02 13:00:00,15,1,0,True,0.6699402,0.32971242,0.00034737826
363988,2022-12-02 01:00:00,80,2,2,False,0.08372004,0.00044236376,0.9158376
43965,2022-11-15 19:00:00,154,0,0,False,0.6907229,0.30863544,0.0006416604
212322,2022-12-22 08:00:00,128,0,0,False,0.98831,0.007253269,0.0044367956
314459,2022-12-11 05:00:00,26,0,0,False,0.98810506,0.011620121,0.00027474572
210662,2022-12-12 08:00:00,126,2,2,False,0.1004108,0.00045411114,0.89913505
8365,2022-11-22 01:00:00,109,0,0,False,0.98572147,0.0140402615,0.00023830253
354566,2022-12-30 23:00:00,66,1,0,True,0.96891886,0.030783428,0.00029771795
255496,2022-12-18 05:00:00,182,2,2,False,0.1275229,0.0005210579,0.87195605
10698,2022-11-29 21:00:00,111,1,1,False,0.06665099,0.9330318,0.00031717253
9888,2022-11-25 22:00:00,110,1,1,False,0.09304899,0.90671635,0.00023460858
265093,2022-12-28 02:00:00,194,1,1,False,0.038427807,0.9614629,0.00010934928
206053,2022-12-31 12:00:00,12,1,1,False,0.23911864,0.76066256,0.00021883618
34475,2022-11-07 14:00:00,142,1,1,False,0.0011534843,0.998776,7.043194e-05
309689,2022-12-23 16:00:00,252,1,0,True,0.56614095,0.43335882,0.0005002555
35671,2022-11-27 17:00:00,143,1,1,False,0.0010714876,0.9988558,7.2742354e-05
197813,2022-12-18 02:00:00,11,1,1,False,0.035981137,0.96386737,0.00015152787
1142,2022-11-19 00:00:00,10,1,0,True,0.8224617,0.17718929,0.00034898496
216906,2022-12-02 03:00:00,134,2,2,False,0.10883341,0.00061714323,0.8905494
183914,2022-11-07 18:00:00,93,1,0,True,0.63439786,0.3653177,0.00028441037
344991,2022-12-22 13:00:00,54,0,0,False,0.9889454,0.010607912,0.00044659743
200615,2022-12-14 07:00:00,113,0,0,False,0.9874298,0.011930679,0.0006395009
144021,2022-11-13 23:00:00,40,2,2,False,0.09913158,0.000456354,0.9004121
258053,2022-12-04 05:00:00,186,2,0,True,0.8065438,0.0009245248,0.19253168
126207,2022-11-16 12:00:00,261,0,0,False,0.9953561,0.0035380544,0.0011059158
312256,2022-12-09 13:00:00,257,0,0,False,0.99686605,0.0011488118,0.0019851704
359272,2022-12-15 20:00:00,74,1,0,True,0.9476225,0.05194739,0.00043011142
328968,2022-12-14 22:00:00,34,0,0,False,0.98288983,0.016681343,0.00042883167
183575,2022-11-23 12:00:00,92,2,2,False,0.24352254,0.00056807476,0.75590944
116719,2022-11-08 09:00:00,249,0,0,False,0.97858226,0.020926453,0.0004911996
28072,2022-11-09 00:00:00,134,2,2,False,0.10642408,0.0005341037,0.89304185
46562,2022-11-04 18:00:00,158,1,1,False,0.22431087,0.7754849,0.00020417241
315894,2022-12-10 22:00:00,261,0,0,False,0.9960652,0.0009980324,0.0029367744
165916,2022-11-02 12:00:00,7,0,0,False,0.9741553,0.025337828,0.0005068352
149451,2022-11-01 16:00:00,48,0,0,False,0.9844812,0.011041724,0.004477089
53904,2022-11-12 20:00:00,167,0,0,False,0.90984285,0.08985551,0.00030166554
302578,2022-12-27 19:00:00,243,2,0,True,0.9442503,0.00064083905,0.05510889
44584,2022-11-11 19:00:00,155,0,0,False,0.8550492,0.14459969,0.0003510917
106606,2022-11-04 02:00:00,235,2,2,False,0.03907512,0.00029219943,0.96063274
119770,2022-11-16 10:00:00,252,2,2,False,0.14623241,0.000625174,0.8531424
285644,2022-12-12 06:00:00,220,0,0,False,0.9966228,0.0031331696,0.00024405302
288771,2022-12-23 07:00:00,224,2,2,False,0.30251995,0.0007948961,0.6966852
7708,2022-11-24 11:00:00,108,2,0,True,0.78229415,0.001160139,0.21654576
338357,2022-12-15 14:00:00,46,0,0,False,0.9795577,0.019549849,0.00089239294
34234,2022-11-27 10:00:00,141,1,1,False,0.28649607,0.71317106,0.0003328643
77976,2022-11-02 20:00:00,198,1,1,False,0.002956853,0.99685884,0.00018434906
114015,2022-11-14 23:00:00,245,1,1,False,0.000999776,0.9989341,6.6171306e-05
195016,2022-12-22 06:00:00,106,0,0,False,0.9968291,0.0027589544,0.00041193046
157558,2022-11-11 23:00:00,58,2,0,True,0.6747709,0.0024492699,0.32277986
88143,2022-11-09 11:00:00,21,1,1,False,0.1409379,0.8587943,0.00026785734
249115,2022-12-23 06:00:00,174,1,1,False,0.0010252822,0.9989084,6.6360895e-05
210046,2022-12-16 17:00:00,125,0,0,False,0.9866873,0.0011035476,0.012209201
366831,2022-12-31 07:00:00,83,2,0,True,0.87824345,0.00069610693,0.12106049
111349,2022-11-23 01:00:00,241,0,0,False,0.8746313,0.00078513334,0.12458358
335248,2022-12-06 05:00:00,42,0,0,False,0.9907382,0.008671363,0.00059048465
305327,2022-12-22 04:00:00,247,0,0,False,0.9965352,0.0030780893,0.0003867385
41524,2022-11-03 09:00:00,151,2,2,False,0.21403563,0.0007949749,0.7851694
103196,2022-11-11 01:00:00,230,2,2,False,0.05685191,0.0003197502,0.94282836
373025,2022-12-18 22:00:00,91,1,1,False,0.27208057,0.7274593,0.00046015173
296584,2022-12-17 20:00:00,235,0,0,False,0.976768,0.022507524,0.00072442484
283929,2022-12-31 20:00:00,217,2,0,True,0.89785093,0.000679553,0.10146952
80159,2022-11-04 10:00:00,20,1,1,False,0.0010509723,0.9988832,6.589997e-05
340934,2022-12-02 19:00:00,5,0,0,False,0.6765205,0.3232025,0.00027699216
258672,2022-12-30 22:00:00,186,2,0,True,0.5767855,0.00084875774,0.42236575
352391,2022-12-30 11:00:00,63,0,0,False,0.77515405,0.22438383,0.00046210346
138697,2022-11-30 11:00:00,33,2,0,True,0.8694898,0.0010454195,0.12946476
176035,2022-11-07 04:00:00,83,2,2,False,0.04699458,0.0003340071,0.9526714
63890,2022-11-11 20:00:00,18,0,0,False,0.80244076,0.1969982,0.00056108704
277698,2022-12-11 15:00:00,21,1,1,False,0.20790091,0.7919048,0.00019430934
11990,2022-11-24 03:00:00,113,1,1,False,0.08631313,0.9135071,0.0001797054
373145,2022-12-24 00:00:00,91,1,1,False,0.041928515,0.95787853,0.00019297247
323796,2022-12-09 17:00:00,28,1,1,False,0.0010223842,0.9989127,6.4901935e-05
303364,2022-12-30 12:00:00,244,2,2,False,0.3942574,0.0011261909,0.6046164
211466,2022-12-15 19:00:00,127,0,0,False,0.94049925,0.05883894,0.00066178845
65419,2022-11-15 23:00:00,181,2,2,False,0.14839691,0.0005078074,0.8510953
352178,2022-12-21 14:00:00,63,1,1,False,0.4719691,0.5276623,0.00036864576
297942,2022-12-13 23:00:00,237,2,0,True,0.9580354,0.0005950557,0.041369468
300305,2022-12-23 05:00:00,240,1,1,False,0.14787537,0.85189235,0.00023224953
140486,2022-11-15 15:00:00,36,0,0,False,0.9919594,0.0066285194,0.0014120875
241715,2022-12-14 10:00:00,165,2,2,False,0.12868541,0.0014945948,0.86982006
310666,2022-12-03 09:00:00,254,1,1,False,0.28796855,0.71160257,0.00042888365
63167,2022-11-11 12:00:00,179,1,1,False,0.39260542,0.6070988,0.0002957196
188215,2022-11-08 05:00:00,99,1,1,False,0.0871736,0.9125706,0.00025584298
258681,2022-12-31 07:00:00,186,2,2,False,0.17742658,0.0005491247,0.82202435
371127,2022-12-30 01:00:00,89,1,1,False,0.0010908896,0.9988423,6.682951e-05
96685,2022-11-07 19:00:00,221,2,2,False,0.32728404,0.00077011745,0.6719458
122986,2022-11-01 06:00:00,258,0,0,False,0.99724686,0.0025616765,0.00019144097
79351,2022-11-30 10:00:00,199,1,1,False,0.2992427,0.7003931,0.0003642216
46910,2022-11-19 08:00:00,158,1,1,False,0.21034822,0.78938425,0.00026752622
115967,2022-11-06 20:00:00,248,1,1,False,0.07204051,0.9278191,0.00014041817
311233,2022-12-27 22:00:00,254,0,0,False,0.9787627,0.0210215,0.0002158571
234200,2022-12-01 17:00:00,156,1,1,False,0.001026634,0.9989104,6.299832e-05
104209,2022-11-23 11:00:00,231,1,1,False,0.37276438,0.62693363,0.00030198423
247286,2022-12-06 05:00:00,172,0,0,False,0.99808717,0.0014931317,0.00041975494
310617,2022-12-01 08:00:00,254,1,1,False,0.3684738,0.6309855,0.00054071355
107126,2022-11-25 20:00:00,235,2,0,True,0.95094573,0.0017980979,0.047256183
332318,2022-12-04 07:00:00,39,2,0,True,0.8131052,0.0006492208,0.18624556
270117,2022-12-27 03:00:00,20,1,1,False,0.0010730356,0.99886334,6.361355e-05
297419,2022-12-23 03:00:00,236,2,2,False,0.109314725,0.0005647497,0.8901205
196662,2022-12-30 18:00:00,108,2,2,False,0.3641758,0.00085141876,0.63497275
288857,2022-12-26 21:00:00,224,2,2,False,0.2688269,0.000865088,0.73030806
73880,2022-11-11 00:00:00,192,2,0,True,0.86236817,0.0010428557,0.136589
276130,2022-12-06 09:00:00,208,0,0,False,0.9977381,0.0012748558,0.0009869782
172524,2022-11-09 22:00:00,79,2,0,True,0.68391424,0.0009781121,0.31510764
269604,2022-12-04 20:00:00,20,1,1,False,0.0010325646,0.99890184,6.562125e-05
129403,2022-11-30 12:00:00,265,2,2,False,0.41318765,0.0008474926,0.58596486
245501,2022-12-22 21:00:00,17,2,0,True,0.69324183,0.001195432,0.30556273
223651,2022-12-12 19:00:00,142,1,1,False,0.0010937677,0.99883264,7.35885e-05
74469,2022-11-05 16:00:00,193,0,0,False,0.99411833,0.005136539,0.0007451728
46924,2022-11-19 22:00:00,158,1,0,True,0.5792943,0.42050236,0.00020323684
370730,2022-12-12 14:00:00,89,1,1,False,0.0011130057,0.9988129,7.409059e-05
182586,2022-11-12 02:00:00,91,1,1,False,0.06800415,0.9316521,0.00034370663
159183,2022-11-20 02:00:00,6,0,0,False,0.9937448,0.006097935,0.0001572813
258049,2022-12-04 01:00:00,186,2,2,False,0.15874115,0.00065436715,0.8406045
274917,2022-12-15 22:00:00,206,1,1,False,0.2797488,0.7198861,0.00036501104
329528,2022-12-08 05:00:00,35,1,1,False,0.001007265,0.998919,7.378094e-05
284008,2022-12-04 04:00:00,218,1,1,False,0.022907997,0.97695357,0.00013848096
65333,2022-11-12 09:00:00,181,0,0,False,0.7880161,0.00087654707,0.21110733
35944,2022-11-09 07:00:00,144,0,0,False,0.904193,0.09550966,0.00029731635
148828,2022-11-05 15:00:00,47,1,1,False,0.09028452,0.9095066,0.000208828
336008,2022-12-07 20:00:00,43,2,2,False,0.15823781,0.00072505005,0.84103715
69931,2022-11-25 05:00:00,187,2,2,False,0.10235553,0.00047187132,0.89717263
147230,2022-11-28 12:00:00,44,0,0,False,0.9111284,0.088315316,0.00055625394
128056,2022-11-04 02:00:00,264,1,1,False,0.060763553,0.9391147,0.000121814046
350033,2022-12-22 08:00:00,60,1,1,False,0.13813514,0.8616661,0.00019876208
348342,2022-12-11 01:00:00,59,1,1,False,0.062944636,0.9368935,0.00016187633
316892,2022-12-23 09:00:00,262,2,0,True,0.5925571,0.000886798,0.4065561
197171,2022-12-21 22:00:00,109,1,1,False,0.18028201,0.81940824,0.00030974965
288453,2022-12-09 03:00:00,224,0,0,False,0.99750346,0.0006723475,0.0018242613
888,2022-11-08 08:00:00,10,1,1,False,0.2926899,0.7071035,0.00020662333
204213,2022-12-14 00:00:00,118,0,0,False,0.99752384,0.0007561403,0.00171995
11924,2022-11-21 09:00:00,113,2,2,False,0.0851861,0.00042811502,0.9143858
9974,2022-11-29 12:00:00,110,2,2,False,0.15041223,0.0006748645,0.84891284
292264,2022-12-18 02:00:00,229,2,2,False,0.12028375,0.00056048605,0.87915576
266317,2022-12-18 22:00:00,196,0,0,False,0.99663997,0.0012711879,0.0020888755
95971,2022-11-07 20:00:00,220,2,0,True,0.83044225,0.001711916,0.1678458
254569,2022-12-09 06:00:00,181,0,0,False,0.99799746,0.0008220894,0.0011804682
107012,2022-11-21 02:00:00,235,2,2,False,0.09738239,0.00045009385,0.9021675
205772,2022-12-19 17:00:00,12,1,0,True,0.56886744,0.43083727,0.00029530836
224212,2022-12-06 03:00:00,143,1,1,False,0.0010447156,0.99888986,6.54735e-05
330949,2022-12-07 08:00:00,37,1,1,False,0.0010885111,0.9988311,8.035467e-05
340714,2022-12-24 14:00:00,49,0,0,False,0.98767227,0.007902165,0.0044255853
106537,2022-11-01 02:00:00,235,2,0,True,0.927338,0.0009762817,0.07168564
296910,2022-12-01 00:00:00,236,2,2,False,0.116883375,0.00038755528,0.88272905
189468,2022-12-31 10:00:00,1,1,1,False,0.0010675294,0.9988662,6.628883e-05
48378,2022-11-20 22:00:00,16,1,1,False,0.0011325657,0.9987936,7.378294e-05
305942,2022-12-16 20:00:00,248,1,0,True,0.9723107,0.02745687,0.00023240698
100687,2022-11-25 16:00:00,226,1,1,False,0.22918399,0.7705828,0.0002332673
27904,2022-11-01 19:00:00,134,0,0,False,0.90491587,0.094528854,0.00055529026
330401,2022-12-14 13:00:00,36,2,0,True,0.76650816,0.00088072254,0.23261109
293489,2022-12-08 16:00:00,231,2,2,False,0.3374115,0.00069039926,0.6618981
37964,2022-11-04 00:00:00,147,1,1,False,0.0010269261,0.9989108,6.233497e-05
182739,2022-11-18 11:00:00,91,0,0,False,0.98742616,0.0047884653,0.007785318
12871,2022-11-01 01:00:00,115,1,1,False,0.09783188,0.9019867,0.0001814243
207229,2022-12-20 08:00:00,121,0,1,True,0.43316022,0.56641614,0.00042365922
50366,2022-11-14 09:00:00,162,2,2,False,0.10405852,0.000526198,0.8954153
166192,2022-11-14 05:00:00,7,1,1,False,0.019824501,0.98007935,9.617353e-05
159831,2022-11-17 07:00:00,60,0,0,False,0.97634,0.023326548,0.00033338607
130764,2022-11-27 15:00:00,267,0,0,False,0.98901224,0.010645626,0.00034208957
357753,2022-12-12 15:00:00,72,1,1,False,0.0011482518,0.99876994,8.173674e-05
209747,2022-12-04 06:00:00,125,2,2,False,0.05725261,0.00030683246,0.94244057
96739,2022-11-10 03:00:00,221,2,2,False,0.03490283,0.00028042268,0.96481675
1801,2022-11-16 16:00:00,100,2,2,False,0.32049337,0.0005825391,0.6789241
310736,2022-12-06 07:00:00,254,0,0,False,0.9791595,0.020601148,0.00023938842
365832,2022-12-19 15:00:00,82,2,0,True,0.97945523,0.001434519,0.0191102
129117,2022-11-18 14:00:00,265,1,0,True,0.8637792,0.13554356,0.00067728845
46068,2022-11-14 01:00:00,157,1,1,False,0.07602408,0.92376447,0.0002114187
352331,2022-12-27 23:00:00,63,0,0,False,0.96577406,0.001126477,0.03309948
105440,2022-11-15 04:00:00,233,2,2,False,0.02728118,0.00023153964,0.9724873
65536,2022-11-20 20:00:00,181,2,0,True,0.91682726,0.00083070813,0.08234208
301403,2022-12-07 23:00:00,242,0,0,False,0.99770564,0.0013259145,0.00096846756
316935,2022-12-25 04:00:00,262,2,2,False,0.025225848,0.00023696806,0.97453725
127612,2022-11-15 11:00:00,263,0,0,False,0.98563,0.013968384,0.0004016186
6780,2022-11-15 14:00:00,107,0,0,False,0.98378396,0.015327285,0.00088870304
74333,2022-11-29 21:00:00,192,2,0,True,0.52978474,0.00092439237,0.46929088
223654,2022-12-12 22:00:00,142,1,1,False,0.0010767521,0.99884856,7.471375e-05
150577,2022-11-19 00:00:00,49,0,2,True,0.21387818,0.0007037592,0.78541803
51744,2022-11-12 05:00:00,164,1,1,False,0.0242754,0.9755991,0.0001254839
357733,2022-12-11 19:00:00,72,1,1,False,0.0011142915,0.9988065,7.9276404e-05
332229,2022-12-31 13:00:00,38,1,1,False,0.0009752643,0.99896026,6.4417494e-05
272459,2022-12-03 15:00:00,203,1,0,True,0.6427325,0.35698074,0.00028678525
265587,2022-12-18 02:00:00,195,2,2,False,0.078729354,0.0004541523,0.9208165
5744,2022-11-02 00:00:00,106,0,0,False,0.9964992,0.0006736024,0.0028271782
45731,2022-11-29 19:00:00,156,1,1,False,0.0010278064,0.99890363,6.85234e-05
172075,2022-11-21 00:00:00,78,0,0,False,0.88493216,0.11474677,0.00032111045
234655,2022-12-21 14:00:00,156,0,0,False,0.98899835,0.010677958,0.00032373096
88636,2022-11-30 00:00:00,21,1,1,False,0.04638744,0.95346177,0.00015080064
114172,2022-11-21 12:00:00,245,1,1,False,0.0010489363,0.99887997,7.114626e-05
214800,2022-12-04 12:00:00,131,0,0,False,0.99425733,0.0050748773,0.0006677117
95813,2022-11-01 03:00:00,220,2,2,False,0.13289699,0.000529279,0.86657375
302246,2022-12-13 01:00:00,243,0,0,False,0.99743325,0.0023585905,0.00020812987
18696,2022-11-05 13:00:00,122,2,0,True,0.588826,0.0009261285,0.41024786
109692,2022-11-13 14:00:00,239,2,0,True,0.9095266,0.00065958116,0.08981391
103440,2022-11-21 05:00:00,230,0,0,False,0.9969722,0.0026574237,0.00037030774
224776,2022-12-30 13:00:00,143,1,1,False,0.001035395,0.9989021,6.254451e-05
96742,2022-11-10 06:00:00,221,2,2,False,0.2583233,0.0005625962,0.7411141
104195,2022-11-22 21:00:00,231,2,2,False,0.16112958,0.0007171668,0.83815324
31353,2022-11-26 13:00:00,138,0,0,False,0.9963069,0.0031261782,0.00056695705
270185,2022-12-29 23:00:00,20,1,1,False,0.0010012375,0.9989367,6.201775e-05
161021,2022-11-07 05:00:00,62,1,1,False,0.041571893,0.958326,0.000102105434
235211,2022-12-13 19:00:00,157,1,0,True,0.892912,0.106589265,0.00049873395
361457,2022-12-16 18:00:00,77,2,0,True,0.62082154,0.001042581,0.3781359
103070,2022-11-05 17:00:00,230,2,2,False,0.17310828,0.0005351362,0.8263566
96118,2022-11-14 01:00:00,220,2,2,False,0.04871218,0.00035375042,0.9509341
361093,2022-12-01 14:00:00,77,0,0,False,0.97631717,0.023172906,0.0005099165
143005,2022-11-01 05:00:00,4,0,0,False,0.98055226,0.01913198,0.00031574524
61009,2022-11-10 23:00:00,176,2,2,False,0.42280695,0.0008721917,0.5763208
312685,2022-12-28 08:00:00,257,0,0,False,0.9957528,0.0034905674,0.0007566078
143855,2022-11-06 23:00:00,40,1,1,False,0.2498233,0.7499356,0.00024111537
268131,2022-12-03 13:00:00,199,1,1,False,0.3023939,0.6972193,0.00038677335
295039,2022-12-13 04:00:00,233,0,0,False,0.99760395,0.00045084363,0.0019452674
315587,2022-12-29 02:00:00,260,1,1,False,0.07446425,0.92536914,0.0001666438
180320,2022-11-06 23:00:00,89,1,1,False,0.0010797703,0.9988514,6.88422e-05
316932,2022-12-25 01:00:00,262,2,2,False,0.07407481,0.0004443892,0.9254808
276862,2022-12-06 20:00:00,209,0,0,False,0.9948148,0.004993182,0.00019203481
1840,2022-11-18 07:00:00,100,0,0,False,0.90109164,0.09868611,0.00022225411
373446,2022-12-05 14:00:00,92,0,0,False,0.99794585,0.0011512956,0.00090286764
274618,2022-12-03 11:00:00,206,1,1,False,0.22796847,0.7717712,0.00026038795
2520,2022-11-16 20:00:00,101,0,0,False,0.9982292,0.0013149051,0.0004559262
283682,2022-12-21 13:00:00,217,0,0,False,0.9230138,0.07658511,0.00040102474
204425,2022-12-23 18:00:00,118,0,0,False,0.9951674,0.0023237278,0.002508882
356146,2022-12-05 18:00:00,7,0,0,False,0.8487239,0.15104324,0.00023280783
141722,2022-11-07 11:00:00,38,0,0,False,0.99200785,0.0049752393,0.0030169028
167636,2022-11-14 19:00:00,72,0,0,False,0.980977,0.0033645292,0.015658448
168390,2022-11-16 10:00:00,73,0,0,False,0.5430208,0.0007642331,0.456215
159105,2022-11-16 20:00:00,6,1,1,False,0.22220542,0.7776096,0.00018500016
155136,2022-11-30 05:00:00,54,0,0,False,0.9973412,0.0020832783,0.000575507
310624,2022-12-01 15:00:00,254,1,0,True,0.855085,0.14401077,0.0009042602
115191,2022-11-04 07:00:00,247,0,0,False,0.9944106,0.0037130315,0.0018764472
232185,2022-12-07 21:00:00,153,0,0,False,0.9848546,0.014681533,0.00046395822
128104,2022-11-06 02:00:00,264,0,0,False,0.9191916,0.08054963,0.00025872412
80688,2022-11-26 13:00:00,20,1,1,False,0.0011238948,0.998808,6.808719e-05
256857,2022-12-14 11:00:00,184,1,0,True,0.7298619,0.26973575,0.0004023084
45723,2022-11-29 11:00:00,156,1,1,False,0.0010557284,0.998879,6.521126e-05
82258,2022-11-02 09:00:00,202,2,0,True,0.84634167,0.0010562853,0.15260199
342113,2022-12-22 19:00:00,50,1,1,False,0.4981341,0.50156796,0.00029791135
252043,2022-12-25 02:00:00,178,0,0,False,0.9977081,0.001901788,0.00039006807
264532,2022-12-03 19:00:00,194,0,0,False,0.994522,0.00498155,0.0004964235
378314,2022-12-29 02:00:00,98,1,1,False,0.13274077,0.8669329,0.0003262414
148263,2022-11-11 23:00:00,46,2,0,True,0.8234062,0.0013332808,0.17526047
57205,2022-11-01 05:00:00,171,0,0,False,0.99652797,0.0019805534,0.0014915231
303616,2022-12-10 01:00:00,245,1,1,False,0.001038121,0.9988932,6.8712325e-05
69598,2022-11-11 08:00:00,187,2,2,False,0.31104952,0.0009275682,0.6880229
331554,2022-12-02 12:00:00,38,1,1,False,0.0047319364,0.9950176,0.00025048634
77570,2022-11-15 19:00:00,197,0,0,False,0.9921558,0.007546584,0.00029758783
258041,2022-12-03 17:00:00,186,0,0,False,0.9967193,0.0016288522,0.0016518101
74178,2022-11-23 10:00:00,192,1,0,True,0.63073766,0.3689862,0.0002761068
189711,2022-12-10 14:00:00,10,0,0,False,0.8066266,0.19300753,0.00036583253
41192,2022-11-19 10:00:00,150,1,1,False,0.28817785,0.7115825,0.0002396371
223875,2022-12-23 01:00:00,142,1,1,False,0.0011185633,0.99881387,6.7603876e-05
348956,2022-12-06 14:00:00,6,0,0,False,0.9871951,0.012523378,0.00028162557
227352,2022-12-16 19:00:00,147,0,0,False,0.99132884,0.0078710485,0.0008000991
120806,2022-11-29 19:00:00,253,2,0,True,0.6400545,0.0012496148,0.35869586
206337,2022-12-12 09:00:00,120,0,0,False,0.99717486,0.0011124093,0.0017127122
25322,2022-11-13 14:00:00,130,1,1,False,0.31930426,0.6804209,0.00027491237
234518,2022-12-14 23:00:00,156,1,1,False,0.0009969083,0.99894017,6.297821e-05
122049,2022-11-22 00:00:00,256,0,0,False,0.9977729,0.0012493023,0.0009777619
34718,2022-11-17 19:00:00,142,1,1,False,0.0010702112,0.9988532,7.656457e-05
330937,2022-12-06 20:00:00,37,1,1,False,0.0010236695,0.9989064,6.990542e-05
173984,2022-11-11 04:00:00,80,2,2,False,0.08105602,0.0005023536,0.91844165
311805,2022-12-21 17:00:00,256,1,0,True,0.97684276,0.022870988,0.00028619394
303836,2022-12-20 01:00:00,245,1,1,False,0.0010333508,0.99890435,6.2233354e-05
198725,2022-12-26 14:00:00,110,0,0,False,0.9932417,0.005778232,0.0009800084
238951,2022-12-20 06:00:00,161,0,0,False,0.9346729,0.06518081,0.00014633304
85190,2022-11-05 12:00:00,206,0,0,False,0.9428861,0.056551345,0.0005625474
362490,2022-12-30 16:00:00,78,1,0,True,0.8178782,0.18175669,0.00036507114
173049,2022-11-01 19:00:00,8,1,1,False,0.16901202,0.8307597,0.00022827674
327167,2022-12-30 22:00:00,31,0,0,False,0.9910699,0.00848511,0.0004450189
127556,2022-11-13 03:00:00,263,0,0,False,0.9967608,0.0030769736,0.00016223875
258368,2022-12-17 17:00:00,186,0,0,False,0.99608105,0.0022134078,0.0017055658
324648,2022-12-15 04:00:00,29,1,1,False,0.0010541871,0.9988681,7.777456e-05
98083,2022-11-06 11:00:00,223,0,0,False,0.99559915,0.0042195152,0.00018131873
208480,2022-12-11 13:00:00,123,1,1,False,0.23839937,0.7613834,0.00021721216
28951,2022-11-15 20:00:00,135,2,2,False,0.29084605,0.00064361666,0.70851034
170475,2022-11-13 22:00:00,76,2,2,False,0.14950632,0.0006363652,0.8498573
331223,2022-12-19 14:00:00,37,1,1,False,0.12389579,0.8758315,0.0002726954
278028,2022-12-26 07:00:00,21,1,1,False,0.24031688,0.7594708,0.00021229878
43650,2022-11-02 11:00:00,154,2,2,False,0.26567537,0.0008185831,0.733506
186980,2022-11-16 10:00:00,97,2,2,False,0.29155454,0.0007055879,0.7077399
183917,2022-11-07 21:00:00,93,1,1,False,0.07304593,0.9267693,0.00018477469
321074,2022-12-16 11:00:00,268,0,0,False,0.98666537,0.011061646,0.002272958
104531,2022-11-07 00:00:00,232,2,2,False,0.085039206,0.00046099589,0.9144998
237744,2022-12-30 03:00:00,16,1,1,False,0.0011273026,0.998801,7.164843e-05
330259,2022-12-08 15:00:00,36,2,0,True,0.9269719,0.000801205,0.07222692
95496,2022-11-17 22:00:00,219,2,2,False,0.11747879,0.0005434813,0.8819777
61633,2022-11-07 02:00:00,177,2,2,False,0.03886147,0.00029239734,0.9608462
218237,2022-12-28 11:00:00,135,0,0,False,0.9964484,0.0027007344,0.0008508525
271110,2022-12-07 12:00:00,201,1,1,False,0.36529046,0.6344502,0.0002593355
192888,2022-12-23 17:00:00,103,2,0,True,0.6539898,0.0012235475,0.34478667
48573,2022-11-29 01:00:00,16,1,1,False,0.001188267,0.99874073,7.0987655e-05
114272,2022-11-25 16:00:00,245,1,1,False,0.0010526403,0.9988869,6.0515613e-05
196437,2022-12-21 09:00:00,108,2,0,True,0.66657025,0.0017644204,0.3316653
68945,2022-11-13 22:00:00,186,2,0,True,0.87845457,0.00066639035,0.12087898
202260,2022-12-23 16:00:00,115,1,0,True,0.8087282,0.19098651,0.00028529184
174885,2022-11-18 22:00:00,81,2,0,True,0.51259327,0.0011924038,0.48621434
203422,2022-12-11 02:00:00,117,0,0,False,0.9973213,0.00249012,0.0001886352
290020,2022-12-14 08:00:00,226,0,0,False,0.9806911,0.018732656,0.0005762835
73882,2022-11-11 02:00:00,192,2,2,False,0.079973035,0.0005575539,0.9194694
370652,2022-12-09 08:00:00,89,1,1,False,0.0010830633,0.9988487,6.829872e-05
34840,2022-11-22 21:00:00,142,1,1,False,0.0010356699,0.99890065,6.362624e-05
167625,2022-11-14 08:00:00,72,2,0,True,0.9253937,0.001246757,0.07335957
330832,2022-12-02 11:00:00,37,1,1,False,0.0037943278,0.9960461,0.0001595592
292633,2022-12-03 01:00:00,230,0,0,False,0.96909094,0.02609691,0.004812125
228178,2022-12-22 02:00:00,148,0,0,False,0.99709356,0.002745571,0.00016088858
369782,2022-12-03 03:00:00,88,0,0,False,0.99752957,0.0022948603,0.00017561701
237150,2022-12-04 11:00:00,16,1,1,False,0.0011554073,0.99876803,7.6484335e-05
12309,2022-11-07 13:00:00,114,0,0,False,0.8695931,0.1299541,0.00045282385
196278,2022-12-13 20:00:00,108,1,1,False,0.3805026,0.61915183,0.0003455746
296204,2022-12-01 15:00:00,235,0,1,True,0.43433237,0.5653518,0.00031584778
55173,2022-11-06 01:00:00,169,1,1,False,0.46375567,0.53597933,0.00026497498
269219,2022-12-19 16:00:00,2,0,0,False,0.9682408,0.03150302,0.00025611612
156392,2022-11-22 23:00:00,56,2,0,True,0.9508498,0.0005536515,0.04859652
145283,2022-11-06 21:00:00,42,2,2,False,0.053983092,0.00034720878,0.94566965
41020,2022-11-12 06:00:00,150,0,0,False,0.9976331,0.0008595399,0.0015073193
6491,2022-11-03 11:00:00,107,0,0,False,0.7366601,0.26306728,0.00027259672
210863,2022-12-21 15:00:00,126,0,0,False,0.9930479,0.0063955863,0.0005565685
311054,2022-12-20 09:00:00,254,1,0,True,0.94543314,0.05410176,0.0004651069
73145,2022-11-10 04:00:00,191,1,1,False,0.003793396,0.9960622,0.00014435098
334423,2022-12-01 21:00:00,41,2,0,True,0.9029677,0.0042779376,0.09275433
127382,2022-11-05 19:00:00,263,0,0,False,0.9858817,0.013906044,0.0002122151
313860,2022-12-16 07:00:00,259,2,0,True,0.8264486,0.0007596586,0.17279173
179783,2022-11-14 11:00:00,88,1,1,False,0.16234834,0.8374293,0.00022233737
232109,2022-12-04 17:00:00,153,1,0,True,0.68790203,0.31184897,0.00024900868
338467,2022-12-21 02:00:00,46,1,0,True,0.78880036,0.21088701,0.0003126142
152039,2022-11-20 08:00:00,50,2,0,True,0.68834156,0.0009674644,0.310691
299493,2022-12-19 08:00:00,239,1,1,False,0.33313164,0.6665509,0.00031748135
115958,2022-11-06 11:00:00,248,1,1,False,0.20687899,0.7928937,0.00022727522
166827,2022-11-10 21:00:00,71,0,0,False,0.99562824,0.0013792582,0.0029924684
242857,2022-12-01 22:00:00,167,0,0,False,0.8638159,0.13569666,0.0004873764
218896,2022-12-25 21:00:00,136,0,0,False,0.97308356,0.026662527,0.00025386733
223003,2022-12-15 20:00:00,141,0,0,False,0.83379596,0.16551836,0.00068561686
132599,2022-11-14 17:00:00,27,0,0,False,0.8975063,0.102038726,0.00045500213
87890,2022-11-28 17:00:00,209,0,0,False,0.923225,0.076269895,0.0005050696
148758,2022-11-02 14:00:00,47,1,1,False,0.102987766,0.8967958,0.00021648825
180492,2022-11-14 05:00:00,89,1,1,False,0.0011016958,0.9988304,6.790261e-05
280290,2022-12-30 10:00:00,212,1,1,False,0.35122097,0.6484706,0.0003084697
335899,2022-12-03 07:00:00,43,0,0,False,0.9934523,0.005963386,0.0005842881
31806,2022-11-15 15:00:00,139,0,0,False,0.9799269,0.019507743,0.00056536467
363981,2022-12-01 18:00:00,80,0,0,False,0.9774431,0.002189977,0.02036697
183101,2022-11-03 16:00:00,92,1,1,False,0.0033954806,0.9964134,0.00019117117
237205,2022-12-06 18:00:00,16,1,1,False,0.001082436,0.99884427,7.322294e-05
112493,2022-11-11 03:00:00,243,2,2,False,0.029639274,0.00026206754,0.9700987
274595,2022-12-02 12:00:00,206,0,0,False,0.98943466,0.0025008596,0.008064486
285340,2022-12-30 13:00:00,219,2,0,True,0.9064701,0.00060406816,0.09292574
306733,2022-12-20 16:00:00,249,1,1,False,0.2585118,0.74121857,0.00026958168
50478,2022-11-19 01:00:00,162,1,1,False,0.041117694,0.9587464,0.00013597688
215432,2022-12-31 18:00:00,131,2,0,True,0.6025959,0.00074911816,0.39665496
144338,2022-11-27 04:00:00,40,1,1,False,0.02920089,0.97070396,9.512962e-05
150166,2022-11-01 16:00:00,49,0,0,False,0.9857034,0.01223472,0.002061821
157269,2022-11-29 17:00:00,57,0,0,False,0.9406302,0.007907827,0.051462002
272030,2022-12-15 19:00:00,202,0,0,False,0.7638379,0.23581138,0.00035071155
97167,2022-11-27 23:00:00,221,2,0,True,0.8974191,0.0010556205,0.1015253
270017,2022-12-22 23:00:00,20,1,1,False,0.0010164087,0.99891984,6.382011e-05
298177,2022-12-24 16:00:00,237,2,0,True,0.54242283,0.00063208904,0.45694506
54831,2022-11-21 16:00:00,168,0,0,False,0.98833406,0.008021857,0.0036441116
150343,2022-11-09 06:00:00,49,2,2,False,0.20569508,0.00069802045,0.7936069
148774,2022-11-03 09:00:00,47,1,1,False,0.315528,0.68262684,0.0018451571
96094,2022-11-13 01:00:00,220,2,2,False,0.067414306,0.00035055514,0.9322351
178330,2022-11-13 12:00:00,86,2,2,False,0.45273623,0.00088081456,0.54638296
6644,2022-11-09 22:00:00,107,0,0,False,0.9965725,0.0024957974,0.0009317787
51598,2022-11-06 01:00:00,164,1,1,False,0.111927785,0.887931,0.00014123213
63405,2022-11-21 10:00:00,179,0,0,False,0.8878063,0.11181783,0.00037585016
175772,2022-11-26 02:00:00,82,2,0,True,0.9448698,0.000665935,0.05446428
103015,2022-11-03 10:00:00,230,0,0,False,0.99324846,0.0057354206,0.0010160794
326570,2022-12-05 03:00:00,31,0,0,False,0.99546,0.004357731,0.00018226383
146657,2022-11-04 13:00:00,44,0,0,False,0.99232036,0.006275489,0.0014041772
105690,2022-11-25 14:00:00,233,2,2,False,0.10756808,0.0004243121,0.8920076
36174,2022-11-18 21:00:00,144,0,0,False,0.8927645,0.10706856,0.00016699581
287472,2022-12-29 06:00:00,222,0,0,False,0.956213,0.043637156,0.0001498612
154929,2022-11-21 14:00:00,54,1,1,False,0.13599324,0.8637915,0.00021523084
96955,2022-11-19 03:00:00,221,2,2,False,0.052067727,0.00028845205,0.9476439
112547,2022-11-13 09:00:00,243,2,2,False,0.045124084,0.00029060512,0.95458525
60451,2022-11-17 12:00:00,175,0,0,False,0.5758632,0.42378604,0.00035077677
351598,2022-12-27 11:00:00,62,2,0,True,0.7744871,0.0008099299,0.22470298
48116,2022-11-10 00:00:00,16,1,1,False,0.0011375145,0.9987972,6.526146e-05
103979,2022-11-13 21:00:00,231,2,2,False,0.23168857,0.0005622945,0.76774913
106681,2022-11-07 05:00:00,235,2,2,False,0.055928495,0.00038964537,0.9436819
97091,2022-11-24 19:00:00,221,2,2,False,0.2732225,0.0006554565,0.726122
11161,2022-11-19 09:00:00,112,1,1,False,0.2977922,0.7017766,0.00043118483
15824,2022-11-05 01:00:00,119,1,1,False,0.05031263,0.949571,0.000116315125
113838,2022-11-07 12:00:00,245,1,1,False,0.0010581036,0.99887556,6.633088e-05
293171,2022-12-26 09:00:00,230,0,0,False,0.99581844,0.002088116,0.0020935088
78954,2022-11-13 21:00:00,199,0,0,False,0.9448575,0.05463243,0.00051006925
213403,2022-12-06 09:00:00,13,1,0,True,0.7647277,0.2349833,0.00028896198
47914,2022-11-01 09:00:00,16,1,1,False,0.0011655239,0.9987626,7.19003e-05
173913,2022-11-08 03:00:00,80,2,2,False,0.05032442,0.00037576855,0.94929975
70048,2022-11-30 02:00:00,187,2,2,False,0.072974086,0.00041900342,0.92660683
188832,2022-12-04 00:00:00,1,1,1,False,0.0638016,0.9360445,0.00015391564
48846,2022-11-10 15:00:00,160,1,1,False,0.25448677,0.74529064,0.00022261555
53360,2022-11-19 23:00:00,166,1,1,False,0.2266615,0.77313143,0.00020710085
96504,2022-11-30 03:00:00,220,0,0,False,0.9963541,0.0015781759,0.002067718
320173,2022-12-08 23:00:00,267,0,0,False,0.97449774,0.025265057,0.0002371651
191602,2022-12-30 05:00:00,101,1,1,False,0.099646494,0.90019226,0.00016126208
83393,2022-11-20 02:00:00,203,1,1,False,0.0010723209,0.9988599,6.776746e-05
303439,2022-12-02 16:00:00,245,1,1,False,0.0010422021,0.9988966,6.118945e-05
347296,2022-12-28 11:00:00,57,1,0,True,0.8178423,0.18188006,0.00027757458
37068,2022-11-26 08:00:00,145,1,1,False,0.22677217,0.77234554,0.0008822683
307941,2022-12-10 00:00:00,250,0,0,False,0.99828017,0.0014708737,0.00024897535
118498,2022-11-23 00:00:00,250,1,1,False,0.001003665,0.9989316,6.471347e-05
186160,2022-11-12 01:00:00,96,1,1,False,0.114547156,0.8852861,0.00016678612
92283,2022-11-03 03:00:00,215,2,2,False,0.099054724,0.00068115175,0.90026414
69618,2022-11-12 04:00:00,187,0,0,False,0.99578553,0.0013275315,0.0028869445
310381,2022-12-22 11:00:00,253,1,1,False,0.22715396,0.7725756,0.0002704024
201009,2022-12-31 15:00:00,113,1,1,False,0.0039522974,0.9958819,0.00016579054
275010,2022-12-20 17:00:00,206,2,2,False,0.11510002,0.00055479223,0.88434523
102344,2022-11-05 06:00:00,229,2,2,False,0.04689639,0.00028520005,0.95281845
83875,2022-11-10 09:00:00,204,0,0,False,0.8098608,0.18801637,0.0021228218
180596,2022-11-18 13:00:00,89,1,1,False,0.0010790504,0.99885595,6.4944994e-05
362561,2022-12-02 16:00:00,79,0,0,False,0.91784686,0.0036652577,0.07848789
136340,2022-11-21 15:00:00,30,2,0,True,0.7678548,0.0010309342,0.23111427
363989,2022-12-02 02:00:00,80,2,2,False,0.074571595,0.00041327885,0.92501515
44460,2022-11-06 13:00:00,155,1,1,False,0.42780146,0.5718198,0.00037876668
294978,2022-12-10 15:00:00,233,0,0,False,0.9963651,0.0034257025,0.00020917326
156190,2022-11-14 13:00:00,56,0,0,False,0.95281,0.04623857,0.00095141155
141392,2022-11-23 14:00:00,37,0,0,False,0.90113753,0.09853413,0.00032835404
29942,2022-11-27 08:00:00,136,2,0,True,0.6462214,0.0009450678,0.35283354
334043,2022-12-16 02:00:00,40,1,1,False,0.1613047,0.838453,0.00024230477
88962,2022-11-13 19:00:00,210,2,2,False,0.29251295,0.00063383963,0.7068532
37399,2022-11-10 08:00:00,146,2,0,True,0.9711429,0.0024801495,0.026376927
127690,2022-11-18 17:00:00,263,0,0,False,0.7341351,0.26563266,0.0002322115
108840,2022-11-07 19:00:00,238,2,2,False,0.27982748,0.00088989583,0.7192826
214287,2022-12-13 04:00:00,130,0,0,False,0.9982822,0.0006400693,0.0010777931
354194,2022-12-14 13:00:00,66,2,2,False,0.47495738,0.0009382887,0.52410436
106084,2022-11-12 05:00:00,234,2,2,False,0.11910892,0.0004760014,0.8804151
139181,2022-11-20 20:00:00,34,0,0,False,0.9890772,0.009803221,0.00111962
11589,2022-11-07 08:00:00,113,0,0,False,0.9797805,0.017009234,0.0032103357
321268,2022-12-25 11:00:00,268,1,1,False,0.18600854,0.81375897,0.00023247942
178806,2022-11-03 11:00:00,87,1,1,False,0.010811922,0.9890921,9.594786e-05
11634,2022-11-09 07:00:00,113,1,1,False,0.1666177,0.83305514,0.0003271146
118107,2022-11-06 15:00:00,250,0,0,False,0.99331725,0.0064962828,0.00018644227
285445,2022-12-03 23:00:00,220,0,0,False,0.9862114,0.012742359,0.001046168
140754,2022-11-26 19:00:00,36,2,2,False,0.288025,0.00084456516,0.71113044
303541,2022-12-06 22:00:00,245,1,1,False,0.0010080378,0.9989278,6.42231e-05
26589,2022-11-06 17:00:00,132,2,0,True,0.93122077,0.0013330135,0.06744621
18515,2022-11-27 21:00:00,121,2,2,False,0.34772182,0.00067543803,0.6516028
57995,2022-11-04 11:00:00,172,2,0,True,0.591988,0.0008399291,0.40717205
175366,2022-11-09 04:00:00,82,2,0,True,0.9767389,0.0005973165,0.022663768
180975,2022-11-04 11:00:00,9,2,2,False,0.33637276,0.00073828234,0.66288894
281303,2022-12-11 15:00:00,214,0,0,False,0.9907506,0.008781456,0.0004679394
187184,2022-11-24 22:00:00,97,0,0,False,0.9962186,0.0031078968,0.00067351
165460,2022-11-13 12:00:00,69,2,2,False,0.21696964,0.00086385646,0.78216654
56746,2022-11-12 02:00:00,170,0,1,True,0.12730676,0.8725018,0.00019147985
257348,2022-12-04 21:00:00,185,0,0,False,0.9966181,0.0029951835,0.0003867996
257538,2022-12-12 19:00:00,185,2,0,True,0.9034764,0.00065941643,0.09586413
105649,2022-11-23 21:00:00,233,2,0,True,0.8127701,0.0013206477,0.18590924
158167,2022-11-07 11:00:00,59,1,1,False,0.4849604,0.5147242,0.00031536826
52110,2022-11-27 11:00:00,164,1,1,False,0.14945303,0.8503916,0.00015532225
296913,2022-12-01 03:00:00,236,2,2,False,0.065693125,0.0003863874,0.93392044
31185,2022-11-19 13:00:00,138,0,1,True,0.35735226,0.64222956,0.00041819055
228321,2022-12-28 01:00:00,148,1,1,False,0.112602964,0.8871938,0.00020325232
332057,2022-12-24 09:00:00,38,1,1,False,0.000996307,0.9989354,6.826721e-05
193075,2022-12-31 12:00:00,103,0,0,False,0.9885222,0.010534265,0.0009435153
175409,2022-11-10 23:00:00,82,2,2,False,0.08981609,0.00045961858,0.9097243
145485,2022-11-15 09:00:00,42,1,1,False,0.38991642,0.60908437,0.0009991883
144953,2022-11-23 00:00:00,41,2,0,True,0.92596495,0.000937733,0.07309729
284720,2022-12-03 19:00:00,219,2,0,True,0.7856314,0.000875844,0.2134927
173379,2022-11-15 18:00:00,8,1,0,True,0.6630822,0.33594397,0.00097387825
141485,2022-11-27 11:00:00,37,1,1,False,0.0010965981,0.99883026,7.31397e-05
159601,2022-11-07 15:00:00,60,1,1,False,0.26928538,0.73046345,0.00025113454
300569,2022-12-03 06:00:00,241,0,0,False,0.99766374,0.0016514387,0.00068481336
103193,2022-11-10 22:00:00,230,2,2,False,0.39401808,0.0007916862,0.6051902
154135,2022-11-18 07:00:00,53,2,2,False,0.21235557,0.00071302685,0.78693134
88113,2022-11-08 03:00:00,21,1,1,False,0.021506922,0.9784273,6.578717e-05
40501,2022-11-20 10:00:00,15,0,0,False,0.93046516,0.06939125,0.00014358755
329500,2022-12-07 01:00:00,35,1,1,False,0.00341441,0.9964585,0.00012706837
101122,2022-11-14 00:00:00,227,2,2,False,0.040260207,0.00031582866,0.95942396
299922,2022-12-06 08:00:00,240,0,0,False,0.9926139,0.00641742,0.0009687109
27483,2022-11-14 06:00:00,133,2,0,True,0.76056194,0.0007586643,0.23867944
58139,2022-11-10 13:00:00,172,0,0,False,0.9925013,0.007072967,0.00042579646
294051,2022-12-02 01:00:00,232,2,2,False,0.07791554,0.00061855407,0.9214659
106297,2022-11-21 02:00:00,234,2,2,False,0.105252706,0.0005112726,0.894236
161409,2022-11-23 11:00:00,62,0,0,False,0.8461876,0.15336011,0.00045231145
78767,2022-11-06 00:00:00,199,1,0,True,0.8710432,0.12850636,0.0004503611
357576,2022-12-05 06:00:00,72,1,1,False,0.0037226982,0.9961033,0.0001740236
69969,2022-11-26 19:00:00,187,2,2,False,0.29265228,0.0007374948,0.7066102
279763,2022-12-07 13:00:00,212,0,0,False,0.93145114,0.06819399,0.00035492028
69757,2022-11-17 23:00:00,187,2,2,False,0.37648982,0.0008479321,0.62266225
271614,2022-12-29 10:00:00,201,0,0,False,0.9956898,0.0040817107,0.00022850194
83434,2022-11-21 19:00:00,203,1,1,False,0.0009925136,0.99894005,6.745488e-05
103085,2022-11-06 08:00:00,230,2,2,False,0.11488071,0.00044435635,0.8846749
128158,2022-11-08 08:00:00,264,1,0,True,0.9812397,0.015183235,0.003577147
11205,2022-11-21 05:00:00,112,1,1,False,0.05298078,0.9468456,0.00017362386
249026,2022-12-19 11:00:00,174,1,1,False,0.0031705897,0.9966434,0.00018605689
60849,2022-11-04 05:00:00,176,2,2,False,0.072816275,0.0004136552,0.92677003
70257,2022-11-09 00:00:00,188,2,2,False,0.123229094,0.00051027886,0.87626064
269686,2022-12-08 06:00:00,20,1,1,False,0.0010306751,0.99889463,7.471349e-05
161272,2022-11-17 18:00:00,62,0,0,False,0.63434666,0.00095072895,0.36470258
273898,2022-12-03 12:00:00,205,1,1,False,0.12745912,0.8723917,0.00014917938
73268,2022-11-15 07:00:00,191,1,1,False,0.00105203,0.99887055,7.737894e-05
180396,2022-11-10 05:00:00,89,1,1,False,0.0010749254,0.9988501,7.4984695e-05
17905,2022-11-02 06:00:00,121,0,0,False,0.96331733,0.0004552609,0.036227364
238018,2022-12-10 14:00:00,160,0,0,False,0.99726474,0.0017732607,0.000961978
54744,2022-11-18 01:00:00,168,2,0,True,0.96624017,0.00072064897,0.033039264
152414,2022-11-06 02:00:00,51,0,0,False,0.99583685,0.0038446495,0.00031854986
26643,2022-11-09 01:00:00,132,2,2,False,0.14058815,0.00060171034,0.8588101
356845,2022-12-04 20:00:00,71,2,0,True,0.6623564,0.0008288172,0.33681476
113503,2022-11-23 10:00:00,244,0,0,False,0.9805089,0.018237699,0.0012533702
109427,2022-11-02 08:00:00,239,0,0,False,0.88798326,0.11164561,0.00037114276
48023,2022-11-06 01:00:00,16,1,1,False,0.0011226645,0.9988067,7.062271e-05
145122,2022-11-30 01:00:00,41,2,2,False,0.07473887,0.00075794104,0.92450315
330646,2022-12-25 16:00:00,36,2,0,True,0.70996815,0.0007918072,0.2892401
339082,2022-12-15 18:00:00,47,1,1,False,0.13375697,0.86602694,0.00021613775
96077,2022-11-12 08:00:00,220,2,2,False,0.27079836,0.0016807547,0.7275209
140684,2022-11-23 21:00:00,36,2,2,False,0.2293305,0.0008702211,0.76979923
7901,2022-11-02 12:00:00,109,2,2,False,0.19740696,0.00064519147,0.80194783
35238,2022-11-09 16:00:00,143,1,1,False,0.0010058859,0.9989279,6.615733e-05
55335,2022-11-12 21:00:00,169,0,0,False,0.99341077,0.0045296997,0.002059505
278818,2022-12-29 04:00:00,210,0,0,False,0.99740344,0.0006215494,0.0019750413
229022,2022-12-27 05:00:00,149,1,0,True,0.9876067,0.012259379,0.00013395847
241720,2022-12-14 15:00:00,165,2,2,False,0.3070227,0.002547697,0.6904296
167295,2022-11-30 09:00:00,71,0,0,False,0.9949122,0.0034412798,0.001646515
117906,2022-11-28 03:00:00,25,1,1,False,0.111991554,0.8878101,0.00019827003
48212,2022-11-14 00:00:00,16,1,1,False,0.0011243409,0.9988073,6.834085e-05
232849,2022-12-05 12:00:00,154,0,0,False,0.9976857,0.001212595,0.0011017317
21135,2022-11-17 21:00:00,125,0,0,False,0.9891332,0.0030094802,0.00785729
373836,2022-12-22 18:00:00,92,0,0,False,0.97948384,0.0011205433,0.019395676
105171,2022-11-03 21:00:00,233,0,0,False,0.99704844,0.00050157047,0.0024500268
284170,2022-12-10 22:00:00,218,1,1,False,0.0011012398,0.9988255,7.3280666e-05
308138,2022-12-19 01:00:00,250,0,0,False,0.9459247,0.053889416,0.00018589244
214751,2022-12-02 11:00:00,131,1,0,True,0.7012998,0.2983249,0.00037532178
105391,2022-11-13 03:00:00,233,2,0,True,0.64997214,0.00092310837,0.34910473
336734,2022-12-08 01:00:00,44,2,2,False,0.20535427,0.0007496562,0.793896
365519,2022-12-05 18:00:00,82,0,0,False,0.9972191,0.0010012448,0.0017796732
175215,2022-11-02 19:00:00,82,0,2,True,0.16438806,0.00069123646,0.8349207
313919,2022-12-19 14:00:00,259,0,0,False,0.99500173,0.0038837984,0.0011144569
322264,2022-12-05 23:00:00,27,0,0,False,0.98895276,0.010757696,0.00028958003
286839,2022-12-01 23:00:00,222,1,1,False,0.17589182,0.8238915,0.00021666731
22408,2022-11-11 08:00:00,127,2,0,True,0.9912344,0.005019639,0.0037458576
210991,2022-12-26 23:00:00,126,0,0,False,0.9910847,0.0007490183,0.008166333
147528,2022-11-11 03:00:00,45,1,0,True,0.9961748,0.0029404832,0.0008846471
47340,2022-11-07 09:00:00,159,2,0,True,0.56546026,0.0010317643,0.433508
165411,2022-11-11 11:00:00,69,2,2,False,0.26870352,0.00076533307,0.73053116
106824,2022-11-13 06:00:00,235,2,2,False,0.24092965,0.0006093321,0.75846106
111850,2022-11-14 03:00:00,242,2,2,False,0.05992908,0.00036406342,0.93970686
302683,2022-12-01 05:00:00,244,2,2,False,0.10574273,0.00053856766,0.89371866
311348,2022-12-01 18:00:00,256,0,0,False,0.6057202,0.3932835,0.000996305
221545,2022-12-15 04:00:00,14,0,0,False,0.9979845,0.0015192874,0.0004961394
258960,2022-12-11 23:00:00,187,2,2,False,0.3814274,0.00063246017,0.6179401
178758,2022-11-01 08:00:00,87,1,1,False,0.0031285032,0.99681866,5.2851447e-05
12876,2022-11-01 06:00:00,115,1,1,False,0.08735915,0.91250557,0.00013532555
188069,2022-11-02 00:00:00,99,0,0,False,0.8233849,0.17628787,0.00032729676
103628,2022-11-29 01:00:00,230,0,0,False,0.99321574,0.00070093066,0.0060832757
181738,2022-11-06 11:00:00,90,0,0,False,0.94865155,0.05108742,0.0002610012
270109,2022-12-26 19:00:00,20,1,1,False,0.0010728928,0.99885714,7.0029826e-05
256608,2022-12-04 02:00:00,184,2,2,False,0.4121996,0.0009651371,0.58683527
112490,2022-11-11 00:00:00,243,2,2,False,0.10048241,0.00047780637,0.89903975
135187,2022-11-03 07:00:00,3,1,1,False,0.17989285,0.8196773,0.00042981224
65469,2022-11-18 01:00:00,181,2,0,True,0.7521135,0.0012195079,0.246667
280953,2022-12-28 00:00:00,213,0,0,False,0.99626017,0.0034006615,0.0003392209
9469,2022-11-08 09:00:00,110,2,0,True,0.52381295,0.0032103409,0.47297665
370831,2022-12-16 19:00:00,89,1,1,False,0.0010809664,0.9988524,6.660787e-05
76449,2022-11-28 16:00:00,195,0,0,False,0.99763656,0.0014335958,0.00092988746
12250,2022-11-05 02:00:00,114,1,0,True,0.6429559,0.35670552,0.0003386025
237141,2022-12-04 02:00:00,16,1,1,False,0.0011031573,0.9988238,7.3041505e-05
27989,2022-11-05 11:00:00,134,2,2,False,0.43735662,0.0009453863,0.561698
326588,2022-12-05 21:00:00,31,0,0,False,0.99565107,0.004131251,0.0002177501
188779,2022-12-01 19:00:00,1,0,0,False,0.99728036,0.000923169,0.0017964189
134164,2022-11-20 08:00:00,28,1,1,False,0.071554504,0.9282932,0.00015230155
228437,2022-12-01 22:00:00,149,0,0,False,0.9711237,0.02825373,0.0006225845
281910,2022-12-06 21:00:00,215,0,0,False,0.9967229,0.0013413063,0.0019358874
305920,2022-12-15 22:00:00,248,0,0,False,0.99710625,0.0025367194,0.00035701002
301982,2022-12-02 01:00:00,243,2,2,False,0.05215321,0.0003401173,0.94750667
78573,2022-11-27 19:00:00,198,0,0,False,0.99397343,0.003011433,0.0030150937
57470,2022-11-12 11:00:00,171,0,0,False,0.9835594,0.016100317,0.00034023737
55341,2022-11-13 03:00:00,169,1,1,False,0.38922918,0.6104715,0.00029934663
95953,2022-11-07 02:00:00,220,2,2,False,0.3617341,0.0009267014,0.6373392
257384,2022-12-06 09:00:00,185,0,0,False,0.997433,0.0013470027,0.0012199912
371254,2022-12-04 09:00:00,9,1,1,False,0.29336756,0.706251,0.00038139624
264505,2022-12-02 16:00:00,194,0,0,False,0.7650511,0.2347023,0.0002466261
106087,2022-11-12 08:00:00,234,2,2,False,0.29678375,0.00062916195,0.7025871
260985,2022-12-06 05:00:00,19,1,1,False,0.04234132,0.95753556,0.0001231065
107559,2022-11-14 02:00:00,236,2,2,False,0.0325293,0.00025546472,0.9672152
214698,2022-12-31 05:00:00,130,0,0,False,0.9976024,0.002198762,0.00019882117
104460,2022-11-04 01:00:00,232,2,2,False,0.073891185,0.00043497852,0.92567384
198355,2022-12-10 06:00:00,110,1,1,False,0.14196123,0.8578414,0.00019738075
209047,2022-12-05 03:00:00,124,0,0,False,0.99784434,0.0014123978,0.0007432897
224646,2022-12-25 03:00:00,143,1,1,False,0.0010422721,0.9988865,7.123669e-05
189196,2022-12-20 00:00:00,1,1,1,False,0.043114334,0.9567958,8.985333e-05
41458,2022-11-30 12:00:00,150,0,0,False,0.65196365,0.34771433,0.00032196115
303954,2022-12-25 01:00:00,245,1,1,False,0.0010094129,0.99892443,6.617906e-05
364447,2022-12-22 02:00:00,80,2,0,True,0.7445233,0.00094589364,0.25453082
345221,2022-12-01 04:00:00,55,0,0,False,0.98607314,0.013845042,8.179527e-05
104532,2022-11-07 01:00:00,232,2,2,False,0.046524733,0.00032538222,0.95314986
182906,2022-11-25 10:00:00,91,2,0,True,0.582558,0.0012364164,0.41620564
218692,2022-12-16 11:00:00,136,0,0,False,0.99489516,0.0008117259,0.0042931293
7634,2022-11-21 09:00:00,108,2,2,False,0.24940567,0.0010525034,0.7495419
100976,2022-11-07 20:00:00,227,2,0,True,0.5756945,0.0010926959,0.42321283
105666,2022-11-24 14:00:00,233,2,2,False,0.07709858,0.00034925062,0.92255217
314536,2022-12-14 10:00:00,26,0,0,False,0.8967926,0.10293619,0.0002711534
81293,2022-11-21 23:00:00,200,1,1,False,0.1801151,0.81969327,0.000191674
216868,2022-12-31 12:00:00,133,0,0,False,0.9776014,0.022161398,0.00023723055
11593,2022-11-07 12:00:00,113,2,2,False,0.26952913,0.000728616,0.7297423
38408,2022-11-22 14:00:00,147,0,0,False,0.99746776,0.0010262516,0.0015059926
329607,2022-12-11 12:00:00,35,1,1,False,0.0011320696,0.99879706,7.0830174e-05
98412,2022-11-20 06:00:00,223,0,0,False,0.998398,0.0010039319,0.000598011
52947,2022-11-02 13:00:00,166,0,0,False,0.95984834,0.0007143651,0.03943724
345822,2022-12-27 03:00:00,55,0,0,False,0.99352586,0.006190069,0.00028402687
126467,2022-11-27 08:00:00,261,0,0,False,0.9459753,0.053737026,0.0002877295
203294,2022-12-05 18:00:00,117,0,0,False,0.9888758,0.010723249,0.00040090855
247313,2022-12-07 08:00:00,172,0,0,False,0.9555329,0.04413635,0.0003307159
86014,2022-11-10 03:00:00,207,0,0,False,0.98675764,0.013131164,0.00011126019
19268,2022-11-29 11:00:00,122,0,0,False,0.9782562,0.021256616,0.00048718535
96929,2022-11-18 01:00:00,221,2,2,False,0.09189924,0.00039598995,0.9077048
244638,2022-12-16 01:00:00,169,0,0,False,0.99699223,0.0016696404,0.0013380927
179337,2022-11-25 16:00:00,87,0,0,False,0.94565225,0.001653274,0.052694496
188826,2022-12-03 18:00:00,1,1,1,False,0.047036696,0.95259243,0.0003708917
367797,2022-12-10 13:00:00,85,0,0,False,0.9792731,0.00075479987,0.019972062
41617,2022-11-07 06:00:00,151,1,1,False,0.05784724,0.94204605,0.00010675165
271235,2022-12-12 17:00:00,201,0,0,False,0.99732274,0.0015691516,0.0011081315
259398,2022-12-31 03:00:00,187,2,2,False,0.114276685,0.00047790923,0.88524544
133795,2022-11-04 21:00:00,28,1,1,False,0.25044551,0.7493554,0.00019908149
80276,2022-11-09 09:00:00,20,1,1,False,0.0030837231,0.9967167,0.00019960593
16271,2022-11-23 18:00:00,119,0,0,False,0.9978345,0.0010947147,0.001070732
34361,2022-11-02 20:00:00,142,1,1,False,0.003028426,0.99677604,0.0001955863
225129,2022-12-14 07:00:00,144,0,0,False,0.9864131,0.0131477155,0.0004391927
344303,2022-12-23 22:00:00,53,0,0,False,0.9915769,0.002457836,0.005965173
105395,2022-11-13 07:00:00,233,2,2,False,0.28152764,0.00073558366,0.71773684
169422,2022-11-29 15:00:00,74,1,1,False,0.2961591,0.7036069,0.00023398246
346922,2022-12-11 23:00:00,57,1,1,False,0.2993123,0.700307,0.00038070654
26759,2022-11-13 21:00:00,132,2,2,False,0.16910283,0.0004977609,0.83039945
108449,2022-11-21 09:00:00,237,1,0,True,0.62731117,0.3724304,0.00025846384
331580,2022-12-03 14:00:00,38,1,1,False,0.003716119,0.99615,0.00013392586
320178,2022-12-09 04:00:00,267,0,0,False,0.98478717,0.015003312,0.00020952025
223905,2022-12-24 07:00:00,142,1,1,False,0.001091768,0.9988399,6.8367466e-05
254472,2022-12-05 05:00:00,181,2,2,False,0.0668539,0.00036672686,0.9327794
333615,2022-12-29 05:00:00,4,0,0,False,0.994582,0.005067784,0.00035019903
177685,2022-11-16 10:00:00,85,2,2,False,0.23969235,0.00060207595,0.75970554
65492,2022-11-19 00:00:00,181,2,0,True,0.57924044,0.00076289545,0.41999665
284250,2022-12-14 06:00:00,218,0,0,False,0.99776745,0.0020400821,0.00019249368
80242,2022-11-07 21:00:00,20,1,1,False,0.000999778,0.9989361,6.412596e-05
217361,2022-12-22 00:00:00,134,1,1,False,0.107902065,0.8917622,0.00033578224
31915,2022-11-20 04:00:00,139,0,0,False,0.9824373,0.017360747,0.00020193649
14057,2022-11-20 21:00:00,116,0,0,False,0.8891609,0.0007043507,0.11013471
238504,2022-12-31 18:00:00,160,0,0,False,0.9353789,0.06449744,0.00012369994
145336,2022-11-09 04:00:00,42,2,2,False,0.037965924,0.00041893203,0.9616151
169207,2022-11-20 16:00:00,74,0,0,False,0.8595624,0.0012830877,0.13915452
65706,2022-11-27 22:00:00,181,2,2,False,0.45737034,0.0007107534,0.5419189
234433,2022-12-11 10:00:00,156,1,1,False,0.0010726083,0.99885464,7.2726514e-05
103177,2022-11-10 06:00:00,230,2,2,False,0.11692022,0.00041674904,0.8826631
269781,2022-12-12 05:00:00,20,1,1,False,0.0010752764,0.9988538,7.086784e-05
148269,2022-11-12 05:00:00,46,2,2,False,0.032668617,0.00032870544,0.9670027
339929,2022-12-21 22:00:00,48,2,2,False,0.09245274,0.0005197067,0.90702754
104822,2022-11-19 05:00:00,232,2,0,True,0.9217409,0.00072162005,0.07753746
52860,2022-11-28 22:00:00,165,1,0,True,0.61930263,0.37993345,0.0007639468
51501,2022-11-01 21:00:00,164,1,0,True,0.89436203,0.10534379,0.00029417378
116509,2022-11-29 12:00:00,248,0,0,False,0.995871,0.0035564282,0.0005726001
178879,2022-11-06 12:00:00,87,1,1,False,0.079333,0.9205271,0.00013988066
311177,2022-12-25 14:00:00,254,0,0,False,0.9741372,0.025334163,0.00052865595
60369,2022-11-14 02:00:00,175,0,0,False,0.9930627,0.0013533151,0.005583991
57381,2022-11-08 18:00:00,171,1,1,False,0.4716476,0.52804476,0.00030762693
210485,2022-12-04 23:00:00,126,2,2,False,0.13337533,0.0004515554,0.86617315
125653,2022-11-23 05:00:00,260,0,0,False,0.9980654,0.0016507956,0.0002837957
60029,2022-11-29 17:00:00,174,0,0,False,0.7204801,0.27923954,0.00028038162
248810,2022-12-09 15:00:00,174,0,0,False,0.98202914,0.017770264,0.00020054897
343122,2022-12-03 20:00:00,52,2,2,False,0.36719647,0.00070402457,0.6320995
67695,2022-11-21 10:00:00,184,1,1,False,0.1250814,0.8747154,0.0002031878
173340,2022-11-14 03:00:00,8,1,1,False,0.11280206,0.8869631,0.00023486059
29583,2022-11-12 09:00:00,136,2,2,False,0.13732286,0.000502419,0.8621747
105342,2022-11-11 02:00:00,233,2,2,False,0.036386322,0.00029059197,0.9633231
95863,2022-11-03 08:00:00,220,0,0,False,0.8808285,0.11713163,0.0020398328
234496,2022-12-14 01:00:00,156,1,1,False,0.0010585651,0.9988587,8.2730614e-05
175440,2022-11-12 06:00:00,82,2,2,False,0.0678167,0.00037075457,0.9318125
262544,2022-12-11 02:00:00,191,0,0,False,0.9912815,0.008552041,0.00016646323
191258,2022-12-14 23:00:00,101,0,0,False,0.9822364,0.017543133,0.00022049453
366272,2022-12-07 02:00:00,83,2,2,False,0.07540144,0.00039358166,0.92420506
55238,2022-11-08 20:00:00,169,0,0,False,0.9698155,0.0030477159,0.02713682
50774,2022-11-01 09:00:00,163,1,1,False,0.35401317,0.64575094,0.00023590958
202752,2022-12-13 05:00:00,116,2,0,True,0.9565058,0.0004297649,0.043064434
248832,2022-12-10 13:00:00,174,1,1,False,0.2617833,0.73799807,0.00021861779
50874,2022-11-05 16:00:00,163,1,0,True,0.5765566,0.42315683,0.00028658574
224023,2022-12-29 05:00:00,142,1,1,False,0.0011034738,0.99881977,7.6684184e-05
323029,2022-12-07 19:00:00,270,1,1,False,0.078726016,0.9210241,0.00024986532
194721,2022-12-09 01:00:00,106,0,0,False,0.99857783,0.0011908995,0.00023125942
284106,2022-12-08 06:00:00,218,1,1,False,0.0010200081,0.9989053,7.471429e-05
298179,2022-12-24 18:00:00,237,2,2,False,0.07799857,0.00035996657,0.9216414
587,2022-11-25 16:00:00,1,1,1,False,0.0038203646,0.996053,0.00012662045
246609,2022-12-08 01:00:00,171,0,0,False,0.99326307,0.006533236,0.00020372833
363936,2022-12-30 20:00:00,8,1,0,True,0.9538976,0.045681402,0.0004209897
290817,2022-12-17 21:00:00,227,2,0,True,0.73857254,0.00086935225,0.2605581
5645,2022-11-27 21:00:00,105,2,2,False,0.1201198,0.0005465611,0.8793336
280211,2022-12-27 03:00:00,212,1,1,False,0.019576168,0.9801854,0.00023846698
367741,2022-12-08 05:00:00,85,0,0,False,0.9987501,0.0009175544,0.00033238716
98805,2022-11-06 18:00:00,224,2,0,True,0.9353494,0.0013868508,0.06326377
196438,2022-12-21 10:00:00,108,2,2,False,0.2124976,0.0007949442,0.78670746
185363,2022-11-08 15:00:00,95,2,0,True,0.8131632,0.0011598105,0.18567699
203184,2022-12-01 04:00:00,117,0,0,False,0.99816906,0.0015533267,0.00027759856
129910,2022-11-21 20:00:00,266,1,0,True,0.65160644,0.34816593,0.00022759808
160016,2022-11-25 00:00:00,60,0,0,False,0.965574,0.034182627,0.00024333374
83697,2022-11-02 21:00:00,204,0,0,False,0.9851376,0.00828596,0.006576499
178058,2022-11-01 23:00:00,86,1,1,False,0.15582286,0.8439385,0.00023859116
172261,2022-11-28 18:00:00,78,2,2,False,0.36776832,0.0008957173,0.631336
7878,2022-11-01 13:00:00,109,1,1,False,0.12481338,0.8749619,0.00022473524
5388,2022-11-17 04:00:00,105,0,0,False,0.996633,0.0030643244,0.00030268438
201764,2022-12-02 02:00:00,115,1,1,False,0.087542765,0.9122889,0.00016829063
281343,2022-12-13 07:00:00,214,1,1,False,0.047998324,0.9516019,0.00039975313
231366,2022-12-03 19:00:00,152,1,1,False,0.24067126,0.7591142,0.00021454607
212326,2022-12-22 12:00:00,128,0,0,False,0.9910449,0.007662716,0.0012924471
180544,2022-11-16 09:00:00,89,1,1,False,0.0010656214,0.99885726,7.715699e-05
254025,2022-12-16 15:00:00,180,2,2,False,0.13040584,0.0005489334,0.8690452
135860,2022-11-01 10:00:00,30,0,0,False,0.89318657,0.10609726,0.00071615475
362524,2022-12-01 03:00:00,79,2,2,False,0.07808522,0.00047048475,0.9214443
185745,2022-11-24 13:00:00,95,2,2,False,0.26601207,0.0008571408,0.7331308
175989,2022-11-05 06:00:00,83,2,2,False,0.3438856,0.0008408523,0.65527356
223595,2022-12-10 11:00:00,142,1,1,False,0.0010875902,0.9988417,7.067564e-05
198851,2022-12-31 20:00:00,110,1,1,False,0.0036531219,0.9962125,0.00013439488
35375,2022-11-15 09:00:00,143,1,1,False,0.0010537918,0.9988778,6.838493e-05
177155,2022-11-24 03:00:00,84,0,0,False,0.78725845,0.21247733,0.00026421747
107536,2022-11-13 03:00:00,236,2,2,False,0.04236538,0.00032645697,0.9573082
371147,2022-12-30 21:00:00,89,1,1,False,0.001044305,0.99889356,6.218042e-05
61073,2022-11-13 15:00:00,176,0,0,False,0.9741684,0.0011282938,0.024703342
303041,2022-12-16 03:00:00,244,2,2,False,0.03705467,0.0002897162,0.9626556
349324,2022-12-22 20:00:00,6,2,0,True,0.7525601,0.0011469212,0.24629305
37769,2022-11-25 18:00:00,146,0,0,False,0.98681706,0.012842265,0.0003407476
332060,2022-12-24 12:00:00,38,1,1,False,0.0010051449,0.9989273,6.75636e-05
114341,2022-11-28 13:00:00,245,1,1,False,0.0010768797,0.9988512,7.188172e-05
123982,2022-11-13 04:00:00,259,0,0,False,0.99790084,0.0010129926,0.0010861058
232503,2022-12-22 01:00:00,153,0,0,False,0.97049475,0.029272191,0.0002330379
143013,2022-11-01 13:00:00,4,0,0,False,0.92636514,0.07304979,0.00058509
198928,2022-12-04 02:00:00,111,0,0,False,0.99794275,0.0013819155,0.0006753265
370697,2022-12-11 05:00:00,89,1,1,False,0.0010676127,0.99885595,7.64988e-05
215996,2022-12-25 05:00:00,132,2,0,True,0.6716425,0.00083805516,0.32751942
144432,2022-11-01 02:00:00,41,2,2,False,0.12208758,0.00052799174,0.87738436
228638,2022-12-10 07:00:00,149,1,1,False,0.28454366,0.71516895,0.00028736444
198628,2022-12-22 13:00:00,110,0,0,False,0.91001385,0.0013149034,0.08867124
222864,2022-12-10 01:00:00,141,0,0,False,0.9979944,0.0014990794,0.0005065184
294247,2022-12-10 05:00:00,232,2,2,False,0.36635402,0.000750167,0.6328958
145379,2022-11-10 23:00:00,42,2,0,True,0.5620716,0.0010729755,0.43685538
237636,2022-12-25 15:00:00,16,1,1,False,0.0011368447,0.9987876,7.563382e-05
252991,2022-12-03 14:00:00,18,1,1,False,0.16157769,0.8382259,0.00019634736
83600,2022-11-28 17:00:00,203,1,0,True,0.6493567,0.35034937,0.0002938978
114127,2022-11-19 15:00:00,245,1,1,False,0.0010600823,0.9988662,7.3747986e-05
58194,2022-11-12 20:00:00,172,2,2,False,0.311695,0.0007260206,0.6875789
71787,2022-11-13 04:00:00,19,0,0,False,0.5366874,0.46301666,0.0002959717
174514,2022-11-03 09:00:00,81,0,0,False,0.9805242,0.013360389,0.0061154026
181694,2022-11-04 15:00:00,90,0,0,False,0.7128674,0.28663677,0.00049580296
142200,2022-11-27 11:00:00,38,1,1,False,0.0029558325,0.9969303,0.000113909904
62627,2022-11-18 19:00:00,178,0,0,False,0.994457,0.003486188,0.0020567921
286432,2022-12-15 01:00:00,221,2,2,False,0.058663342,0.0003022542,0.9410344
14690,2022-11-17 11:00:00,117,1,0,True,0.5687146,0.43101913,0.0002662134
264621,2022-12-07 12:00:00,194,1,1,False,0.29362977,0.70608944,0.00028079748
198406,2022-12-12 09:00:00,110,0,0,False,0.9945081,0.0045893467,0.00090255996
180453,2022-11-12 14:00:00,89,1,1,False,0.0011020623,0.9988292,6.877807e-05
100163,2022-11-03 18:00:00,226,2,2,False,0.2636526,0.00069061486,0.73565686
136365,2022-11-22 16:00:00,30,2,2,False,0.28313217,0.00057464454,0.7162932
104414,2022-11-02 00:00:00,232,2,2,False,0.096239194,0.000548123,0.9032127
331175,2022-12-16 18:00:00,37,1,1,False,0.003235156,0.9966474,0.00011735639
355313,2022-12-01 02:00:00,69,1,1,False,0.10581584,0.8939937,0.00019054991
170580,2022-11-18 07:00:00,76,0,0,False,0.94343275,0.05619607,0.00037110725
40964,2022-11-09 22:00:00,150,1,1,False,0.28955862,0.71022147,0.00021997909
199572,2022-12-31 20:00:00,111,1,1,False,0.0056804353,0.9941453,0.00017431326
235696,2022-12-03 23:00:00,158,0,0,False,0.9912013,0.008509469,0.0002892026
210078,2022-12-18 10:00:00,125,0,0,False,0.9975726,0.0016568009,0.0007705578
297147,2022-12-10 21:00:00,236,2,0,True,0.70212024,0.00080305705,0.29707667
332556,2022-12-14 05:00:00,39,2,0,True,0.8149641,0.00061426405,0.18442166
20468,2022-11-19 21:00:00,124,2,0,True,0.7674667,0.0010482031,0.23148504
335126,2022-12-01 03:00:00,42,2,2,False,0.064108744,0.0004171728,0.93547404
297684,2022-12-03 05:00:00,237,0,0,False,0.9963232,0.003514093,0.0001626846
202909,2022-12-20 16:00:00,116,0,0,False,0.98974085,0.0096523445,0.00060684304
119379,2022-11-29 22:00:00,251,0,0,False,0.93267256,0.06702256,0.00030490555
103978,2022-11-13 20:00:00,231,2,2,False,0.30581397,0.0007513567,0.69343466
283015,2022-12-23 19:00:00,216,0,0,False,0.9956748,0.0034834703,0.00084175146
79837,2022-11-20 21:00:00,2,0,0,False,0.8147175,0.18504597,0.00023657239
210403,2022-12-01 13:00:00,126,0,0,False,0.9577137,0.0016581828,0.04062809
147213,2022-11-27 19:00:00,44,2,2,False,0.36875907,0.00079763663,0.6304433
128790,2022-11-04 21:00:00,265,1,1,False,0.2290137,0.7707718,0.00021445924
370484,2022-12-02 08:00:00,89,1,1,False,0.0010749579,0.9988593,6.575866e-05
88059,2022-11-05 21:00:00,21,0,0,False,0.9942748,0.005284097,0.00044105318
152645,2022-11-15 19:00:00,51,0,0,False,0.9939633,0.0037175145,0.0023191797
78073,2022-11-06 21:00:00,198,0,0,False,0.9933909,0.0063404744,0.00026862457
224463,2022-12-16 14:00:00,143,1,1,False,0.0010937991,0.9988385,6.7680245e-05
310081,2022-12-09 01:00:00,253,0,0,False,0.9980241,0.0014455304,0.0005303977
146042,2022-11-08 19:00:00,43,2,0,True,0.84317285,0.0021656884,0.15466142
50866,2022-11-05 08:00:00,163,1,1,False,0.20796378,0.7917786,0.00025756363
16683,2022-11-11 03:00:00,12,1,1,False,0.031002868,0.96891797,7.9100835e-05
302211,2022-12-11 14:00:00,243,2,2,False,0.09020225,0.0004267828,0.90937096
13235,2022-11-16 10:00:00,115,2,0,True,0.766566,0.0018248841,0.23160918
150344,2022-11-09 07:00:00,49,2,2,False,0.1495201,0.0006459855,0.84983397
320449,2022-12-21 09:00:00,267,0,0,False,0.98234254,0.016893338,0.000764103
105245,2022-11-06 23:00:00,233,2,2,False,0.059127644,0.0003032241,0.94056916
304046,2022-12-28 21:00:00,245,1,1,False,0.0010012394,0.9989385,6.0278835e-05
90557,2022-11-20 16:00:00,212,1,1,False,0.0895878,0.9102756,0.00013662025
215915,2022-12-21 20:00:00,132,2,0,True,0.81776744,0.00096403656,0.18126853
32336,2022-11-07 20:00:00,14,0,0,False,0.99137646,0.0033190597,0.005304568
185430,2022-11-11 10:00:00,95,2,2,False,0.12670404,0.0005945624,0.87270135
373295,2022-12-30 06:00:00,91,0,0,False,0.99345195,0.0042100917,0.0023379407
47225,2022-11-02 11:00:00,159,2,2,False,0.30761498,0.0012167947,0.6911682
131304,2022-11-20 08:00:00,268,0,0,False,0.96650845,0.03336205,0.00012953122
8904,2022-11-14 17:00:00,11,1,0,True,0.8186771,0.1808134,0.0005094414
4031,2022-11-20 05:00:00,103,1,1,False,0.1726778,0.8271306,0.00019157006
141717,2022-11-07 06:00:00,38,0,0,False,0.9950245,0.0046976865,0.00027778195
330277,2022-12-09 09:00:00,36,0,0,False,0.9887102,0.0022296656,0.009060101
185360,2022-11-08 10:00:00,95,2,0,True,0.81746745,0.0018604867,0.18067205
313787,2022-12-13 06:00:00,259,0,0,False,0.9980326,0.00082927936,0.0011381005
72935,2022-11-01 05:00:00,191,0,0,False,0.99668473,0.0031268806,0.00018835161
169695,2022-11-11 05:00:00,75,2,2,False,0.03134891,0.00027404513,0.96837705
222250,2022-12-14 12:00:00,140,0,0,False,0.99744886,0.0020858431,0.00046532665
319274,2022-12-01 13:00:00,266,1,1,False,0.11664468,0.88320345,0.00015183214
73248,2022-11-14 11:00:00,191,1,1,False,0.0010649908,0.99886525,6.982426e-05
325008,2022-12-31 02:00:00,29,1,1,False,0.001030245,0.9989021,6.7613844e-05
176659,2022-11-03 09:00:00,84,2,2,False,0.15673365,0.00066430744,0.842602
105987,2022-11-08 02:00:00,234,2,2,False,0.07661426,0.0004101251,0.92297566
293784,2022-12-21 21:00:00,231,0,0,False,0.98947024,0.0015798913,0.008949875
188805,2022-12-02 21:00:00,1,1,1,False,0.0037803547,0.9960991,0.000120554425
237777,2022-12-31 12:00:00,16,1,1,False,0.0011372338,0.99879175,7.10578e-05
64135,2022-11-22 01:00:00,18,0,0,False,0.9966903,0.00080406776,0.002505618
65187,2022-11-06 05:00:00,181,2,2,False,0.075289086,0.00043041093,0.92428046
172306,2022-11-30 15:00:00,78,0,0,False,0.98445743,0.014316846,0.001225728
120813,2022-11-30 02:00:00,253,2,0,True,0.5580982,0.0009009894,0.44100076
10886,2022-11-07 20:00:00,112,1,1,False,0.2848954,0.71458364,0.0005210054
62471,2022-11-12 07:00:00,178,2,0,True,0.8489435,0.0008347489,0.15022178
105726,2022-11-27 02:00:00,233,2,2,False,0.028294766,0.00024232398,0.97146285
103170,2022-11-09 23:00:00,230,0,0,False,0.9853114,0.0010133062,0.013675363
243973,2022-12-19 05:00:00,168,0,0,False,0.97926986,0.00043000968,0.020300068
149834,2022-11-17 20:00:00,48,2,0,True,0.5300187,0.001517027,0.46846434
365650,2022-12-11 05:00:00,82,2,2,False,0.074507184,0.00036486879,0.925128
308276,2022-12-24 21:00:00,250,1,1,False,0.13756698,0.86227024,0.00016275918
114056,2022-11-16 16:00:00,245,1,1,False,0.001045575,0.99888426,7.018356e-05
181860,2022-11-11 15:00:00,90,0,0,False,0.98905516,0.010069752,0.0008751456
20988,2022-11-11 18:00:00,125,0,0,False,0.9909876,0.0040425924,0.004969833
119879,2022-11-20 23:00:00,252,1,1,False,0.041158997,0.9587142,0.0001268879
13972,2022-11-17 08:00:00,116,0,0,False,0.9936904,0.0014925703,0.0048170006
224609,2022-12-23 14:00:00,143,1,1,False,0.0010837307,0.9988495,6.668993e-05
53859,2022-11-10 23:00:00,167,1,1,False,0.26827386,0.73149973,0.00022642517
254733,2022-12-16 02:00:00,181,2,2,False,0.07703471,0.0004380011,0.9225273
174505,2022-11-03 00:00:00,81,2,2,False,0.2016091,0.00070681603,0.79768413
165438,2022-11-12 14:00:00,69,1,0,True,0.5789056,0.42085806,0.00023631951
294507,2022-12-21 23:00:00,232,2,0,True,0.778987,0.0019436915,0.21906935
148790,2022-11-04 01:00:00,47,0,0,False,0.9938426,0.0057699373,0.00038740403
272063,2022-12-17 13:00:00,202,1,0,True,0.78267,0.21696262,0.00036739404
101120,2022-11-13 22:00:00,227,2,2,False,0.05072968,0.000336222,0.94893414
223862,2022-12-22 12:00:00,142,1,1,False,0.0010921663,0.99883276,7.505407e-05
165989,2022-11-05 16:00:00,7,1,1,False,0.2700511,0.7296419,0.00030699917
127788,2022-11-22 19:00:00,263,0,0,False,0.9965018,0.0029287124,0.0005694856
111330,2022-11-22 06:00:00,241,0,0,False,0.997866,0.0013205683,0.0008135126
66008,2022-11-10 17:00:00,182,0,0,False,0.99340653,0.0060239304,0.0005695114
80364,2022-11-13 01:00:00,20,1,1,False,0.0010292865,0.9989046,6.61768e-05
181003,2022-11-05 15:00:00,9,0,0,False,0.9018908,0.0032543147,0.09485492
184757,2022-11-13 04:00:00,94,1,1,False,0.03516546,0.96474254,9.2065675e-05
198116,2022-12-31 06:00:00,11,1,1,False,0.048803132,0.9510969,0.00010000028
278527,2022-12-16 03:00:00,210,0,0,False,0.99242145,0.0004599166,0.007118659
147087,2022-11-22 13:00:00,44,0,0,False,0.9738671,0.025648024,0.00048485666
165656,2022-11-21 16:00:00,69,0,0,False,0.90316975,0.0010721596,0.09575807
291420,2022-12-12 14:00:00,228,2,2,False,0.042567767,0.0002787576,0.9571535
180865,2022-11-29 18:00:00,89,1,1,False,0.0010485268,0.9988815,6.990482e-05
280742,2022-12-19 03:00:00,213,2,2,False,0.099989556,0.0006039821,0.8994065
327219,2022-12-02 03:00:00,32,1,1,False,0.03538656,0.96452576,8.7696186e-05
377734,2022-12-04 00:00:00,98,1,0,True,0.63494414,0.3647441,0.0003117438
65303,2022-11-11 03:00:00,181,2,2,False,0.057177264,0.00038158087,0.9424411
51521,2022-11-02 20:00:00,164,1,1,False,0.29493576,0.70476615,0.00029809633
341738,2022-12-06 06:00:00,50,0,0,False,0.9979533,0.0014230458,0.00062366785
267718,2022-12-16 09:00:00,198,0,0,False,0.96531594,0.034322977,0.00036108235
77632,2022-11-18 09:00:00,197,0,0,False,0.9955841,0.0033886544,0.0010272847
374104,2022-12-02 23:00:00,93,0,1,True,0.12340071,0.87644815,0.00015109417
349499,2022-12-30 03:00:00,6,0,0,False,0.881449,0.11841117,0.00013988113
357714,2022-12-11 00:00:00,72,1,1,False,0.0011326673,0.99879265,7.466156e-05
35568,2022-11-23 10:00:00,143,1,1,False,0.001044513,0.9988732,8.230795e-05
226814,2022-12-25 08:00:00,146,1,1,False,0.211733,0.7878469,0.00042003073
290852,2022-12-19 19:00:00,227,2,2,False,0.3431506,0.00081590936,0.6560335
365711,2022-12-13 18:00:00,82,2,0,True,0.539281,0.000804171,0.4599148
148600,2022-11-26 00:00:00,46,2,2,False,0.14541477,0.0005766237,0.8540086
136538,2022-11-29 21:00:00,30,1,1,False,0.305631,0.6940229,0.00034609725
308680,2022-12-10 18:00:00,251,1,1,False,0.3383357,0.6614065,0.00025783453
287301,2022-12-22 03:00:00,222,0,0,False,0.9973858,0.0024277489,0.00018650934
28929,2022-11-14 22:00:00,135,2,2,False,0.28717375,0.00064793415,0.7121783
146354,2022-11-21 19:00:00,43,2,2,False,0.32968226,0.001421853,0.6688959
81878,2022-11-16 13:00:00,201,1,1,False,0.16341682,0.8364082,0.00017501455
286804,2022-12-31 11:00:00,221,2,2,False,0.35682675,0.00063491135,0.6425383
105268,2022-11-07 22:00:00,233,2,2,False,0.07200292,0.00037371475,0.9276234
336584,2022-12-01 19:00:00,44,2,0,True,0.99384767,0.0016948574,0.0044574705
130427,2022-11-13 14:00:00,267,1,1,False,0.076227315,0.9236388,0.0001338254
302815,2022-12-06 17:00:00,244,2,2,False,0.3639905,0.00070698437,0.6353025
96073,2022-11-12 04:00:00,220,2,2,False,0.07197227,0.000530316,0.9274974
158439,2022-11-18 21:00:00,59,2,0,True,0.8396026,0.0019261749,0.15847121
223380,2022-12-01 12:00:00,142,1,1,False,0.0010836668,0.998844,7.227446e-05
372067,2022-12-08 05:00:00,90,0,0,False,0.99673706,0.0007508054,0.0025121744
105676,2022-11-25 00:00:00,233,2,2,False,0.028553028,0.00021694426,0.97123003
23285,2022-11-18 02:00:00,128,2,0,True,0.50757086,0.001411028,0.49101812
165234,2022-11-04 00:00:00,69,1,0,True,0.5766611,0.42309436,0.00024455108
213756,2022-12-22 00:00:00,13,0,0,False,0.91478634,0.08458466,0.00062904216
283992,2022-12-03 12:00:00,218,1,1,False,0.0036825188,0.99619746,0.000120051394
81080,2022-11-13 02:00:00,200,0,0,False,0.99352044,0.0061628167,0.00031678609
14946,2022-11-28 03:00:00,117,1,1,False,0.094876446,0.9049674,0.00015619292
94279,2022-11-26 19:00:00,217,0,0,False,0.980792,0.018903133,0.00030488372
280860,2022-12-24 03:00:00,213,0,0,False,0.9959488,0.003422056,0.00062908273
369710,2022-12-31 02:00:00,87,0,0,False,0.99258935,0.0008026455,0.0066079916
168322,2022-11-13 14:00:00,73,2,2,False,0.27662566,0.00076004653,0.7226143
157550,2022-11-11 15:00:00,58,2,0,True,0.6743385,0.0019811424,0.32368037
3755,2022-11-08 17:00:00,103,2,2,False,0.3468083,0.0010585055,0.6521332
13522,2022-11-28 09:00:00,115,2,2,False,0.22550294,0.00079631293,0.7737007
41407,2022-11-28 09:00:00,150,1,1,False,0.20691389,0.79276854,0.0003175453
84092,2022-11-19 10:00:00,204,1,0,True,0.929679,0.07000714,0.00031383682
313199,2022-12-19 15:00:00,258,0,0,False,0.9956945,0.002409791,0.0018956517
148236,2022-11-10 20:00:00,46,2,0,True,0.608451,0.0024415278,0.38910747
95814,2022-11-01 04:00:00,220,2,2,False,0.09132002,0.0004982503,0.90818167
21987,2022-11-23 14:00:00,126,0,0,False,0.9968541,0.0014829155,0.0016629642
236567,2022-12-10 05:00:00,159,0,0,False,0.9712605,0.028634654,0.00010478949
145123,2022-11-30 02:00:00,41,2,2,False,0.045310557,0.0005145311,0.95417494
133830,2022-11-06 08:00:00,28,1,1,False,0.19969842,0.80007935,0.00022220291
259401,2022-12-31 06:00:00,187,2,2,False,0.061727248,0.00037983933,0.9378929
145005,2022-11-25 04:00:00,41,2,2,False,0.03625084,0.00029055137,0.96345866
35213,2022-11-08 15:00:00,143,1,1,False,0.0036590574,0.9961339,0.00020708394
164535,2022-11-04 16:00:00,67,0,0,False,0.97987556,0.019735541,0.00038888646
250375,2022-12-14 18:00:00,176,0,0,False,0.99604696,0.003476663,0.00047638593
34963,2022-11-28 00:00:00,142,1,1,False,0.0010733266,0.9988607,6.59917e-05
96075,2022-11-12 06:00:00,220,2,2,False,0.13853785,0.0012155358,0.8602466
173151,2022-11-06 04:00:00,8,1,1,False,0.046638906,0.9532128,0.00014830832
111229,2022-11-18 01:00:00,241,2,2,False,0.13425277,0.0005625661,0.86518466
145703,2022-11-24 11:00:00,42,1,0,True,0.7446272,0.25481468,0.0005581067
101568,2022-11-02 14:00:00,228,1,1,False,0.19472915,0.80508393,0.00018692893
308564,2022-12-05 22:00:00,251,0,0,False,0.9660878,0.033705167,0.00020700344
69584,2022-11-10 18:00:00,187,2,0,True,0.872425,0.0014515463,0.12612346
290853,2022-12-19 20:00:00,227,2,2,False,0.30423346,0.0007799132,0.69498664
221103,2022-12-27 17:00:00,139,1,0,True,0.88696855,0.112700894,0.00033057143
6718,2022-11-13 00:00:00,107,0,0,False,0.9952931,0.0045037814,0.0002031616
72645,2022-11-19 03:00:00,190,0,0,False,0.9613975,0.038426727,0.0001756904
14385,2022-11-04 16:00:00,117,0,0,False,0.54967827,0.45006126,0.0002604519
365391,2022-12-31 09:00:00,81,2,2,False,0.44102582,0.0006484472,0.5583257
11346,2022-11-27 02:00:00,112,1,1,False,0.080252185,0.91950417,0.0002436786
181183,2022-11-13 05:00:00,9,1,1,False,0.039112467,0.9607051,0.00018237428
201477,2022-12-21 02:00:00,114,1,1,False,0.14399287,0.85578716,0.00022000124
48254,2022-11-15 18:00:00,16,1,1,False,0.0011230283,0.9988022,7.483108e-05
330665,2022-12-26 11:00:00,36,2,2,False,0.29908141,0.00079477846,0.70012385
178849,2022-11-05 06:00:00,87,1,1,False,0.0029134783,0.9970402,4.630207e-05
224335,2022-12-11 06:00:00,143,1,1,False,0.0010322091,0.9988984,6.938435e-05
339933,2022-12-22 02:00:00,48,2,2,False,0.03457166,0.00029338442,0.9651349
303042,2022-12-16 04:00:00,244,2,2,False,0.0326716,0.00027695904,0.9670514
254466,2022-12-04 23:00:00,181,2,2,False,0.43276072,0.0009168431,0.56632245
224759,2022-12-29 20:00:00,143,1,1,False,0.0010227096,0.9989126,6.474804e-05
160470,2022-11-14 03:00:00,61,0,0,False,0.8749262,0.12485722,0.00021651531
193813,2022-12-01 06:00:00,105,0,0,False,0.9953152,0.00447886,0.0002059381
170703,2022-11-23 10:00:00,76,0,1,True,0.27160728,0.72810286,0.00028986658
247724,2022-12-25 09:00:00,172,0,0,False,0.99796164,0.0007746385,0.0012636879
221602,2022-12-17 22:00:00,14,2,2,False,0.24450469,0.00077163574,0.75472367
277911,2022-12-21 10:00:00,21,0,0,False,0.8956799,0.102011375,0.0023087696
142154,2022-11-25 13:00:00,38,1,1,False,0.0037453168,0.9960996,0.00015504146
66065,2022-11-13 02:00:00,182,0,0,False,0.9983045,0.0005994321,0.001096067
336705,2022-12-06 20:00:00,44,0,0,False,0.995745,0.0027598017,0.0014952051
104676,2022-11-13 03:00:00,232,2,0,True,0.87053704,0.0011853559,0.12827764
112533,2022-11-12 19:00:00,243,2,0,True,0.629949,0.0008798542,0.36917114
90854,2022-11-03 04:00:00,213,2,2,False,0.07383728,0.0005477947,0.9256149
88972,2022-11-14 05:00:00,210,2,2,False,0.034600206,0.00027273287,0.965127
365629,2022-12-10 08:00:00,82,2,2,False,0.2323875,0.00056938076,0.7670432
38440,2022-11-23 22:00:00,147,1,1,False,0.19615275,0.8036244,0.00022292731
354097,2022-12-10 12:00:00,66,0,0,False,0.9972047,0.0009977649,0.0017975011
272338,2022-12-29 13:00:00,202,1,0,True,0.87824315,0.12150901,0.00024785983
183979,2022-11-10 13:00:00,93,2,2,False,0.28616196,0.0006118988,0.71322614
197201,2022-12-23 04:00:00,109,0,0,False,0.99223536,0.007246158,0.0005185062
115239,2022-11-06 07:00:00,247,2,2,False,0.19332214,0.00064681534,0.80603105
248552,2022-12-29 20:00:00,173,0,0,False,0.95166165,0.047945578,0.00039283306
324593,2022-12-12 21:00:00,29,1,1,False,0.0010322673,0.9988944,7.338362e-05
331058,2022-12-11 21:00:00,37,1,1,False,0.0010280277,0.9989009,7.112157e-05
176322,2022-11-19 05:00:00,83,2,0,True,0.5033655,0.0008962089,0.4957383
370592,2022-12-06 20:00:00,89,1,1,False,0.0010268473,0.99890745,6.574859e-05
172480,2022-11-08 00:00:00,79,2,2,False,0.10327575,0.0005081774,0.8962161
243933,2022-12-16 17:00:00,168,0,0,False,0.993901,0.0028831467,0.0032158718
87383,2022-11-07 12:00:00,209,0,0,False,0.9732686,0.02626635,0.00046502415
297780,2022-12-07 05:00:00,237,0,0,False,0.99842286,0.0009822216,0.0005948951
104605,2022-11-10 04:00:00,232,2,2,False,0.03548128,0.00028296196,0.9642357
346678,2022-12-01 19:00:00,57,2,0,True,0.5449949,0.0023552368,0.45264983
185362,2022-11-08 14:00:00,95,0,2,True,0.4064347,0.00095358735,0.5926117
85734,2022-11-28 06:00:00,206,1,1,False,0.21602881,0.783747,0.00022417205
59493,2022-11-07 07:00:00,174,2,2,False,0.134745,0.00053838553,0.8647166
95879,2022-11-04 00:00:00,220,2,0,True,0.8904239,0.0006917491,0.10888435
182247,2022-11-27 18:00:00,90,0,0,False,0.9902582,0.009198046,0.00054371665
280206,2022-12-26 22:00:00,212,1,0,True,0.6809405,0.31875062,0.00030889543
18214,2022-11-15 08:00:00,121,0,0,False,0.9920556,0.0038658045,0.004078564
322866,2022-12-01 00:00:00,270,1,1,False,0.051783018,0.94804955,0.0001674549
268933,2022-12-06 22:00:00,2,1,1,False,0.00292938,0.9969457,0.00012492627
14337,2022-11-02 13:00:00,117,1,1,False,0.34500694,0.65473276,0.00026031313
181264,2022-11-16 14:00:00,9,2,0,True,0.540779,0.0018788495,0.45734212
66492,2022-11-30 21:00:00,182,2,2,False,0.36817253,0.00063101435,0.63119644
224113,2022-12-02 00:00:00,143,1,1,False,0.0010319763,0.99890983,5.8235444e-05
286508,2022-12-19 01:00:00,221,2,2,False,0.48546576,0.00085162505,0.5136826
22456,2022-11-13 08:00:00,127,2,2,False,0.12283772,0.00052973005,0.8766325
294229,2022-12-09 11:00:00,232,0,0,False,0.99163,0.00061354565,0.0077563985
329753,2022-12-17 23:00:00,35,1,1,False,0.0031781853,0.9966239,0.00019794803
223495,2022-12-06 07:00:00,142,1,1,False,0.0010700296,0.9988599,7.009128e-05
148672,2022-11-29 00:00:00,46,0,0,False,0.9827016,0.0024987021,0.014799769
100393,2022-11-13 10:00:00,226,2,0,True,0.5099022,0.0007959551,0.48930183
369649,2022-12-28 13:00:00,87,0,0,False,0.8374919,0.16217726,0.00033077688
156391,2022-11-22 22:00:00,56,0,0,False,0.96451867,0.00051897275,0.034962352
297944,2022-12-14 01:00:00,237,2,2,False,0.06588848,0.0003936062,0.93371797
52284,2022-11-04 20:00:00,165,1,0,True,0.58602834,0.41158906,0.0023825462
157994,2022-11-30 03:00:00,58,1,1,False,0.09606325,0.90370643,0.00023029043
113704,2022-11-01 19:00:00,245,1,1,False,0.0010451312,0.9988851,6.975423e-05
99125,2022-11-20 04:00:00,224,2,0,True,0.9835383,0.0010083847,0.015453305
63807,2022-11-08 07:00:00,18,1,0,True,0.8319166,0.16754322,0.0005402782
145285,2022-11-06 23:00:00,42,2,2,False,0.18963042,0.0005832568,0.8097863
358196,2022-12-01 01:00:00,73,0,0,False,0.94576263,0.054120038,0.00011730457
197443,2022-12-02 07:00:00,11,1,1,False,0.46455958,0.5351197,0.00032068498
216724,2022-12-25 12:00:00,133,0,0,False,0.99676704,0.0024649228,0.00076808117
330880,2022-12-04 11:00:00,37,1,1,False,0.0035039992,0.9963553,0.0001406974
52861,2022-11-28 23:00:00,165,1,1,False,0.0681653,0.93130636,0.00052837015
137996,2022-11-01 01:00:00,33,0,0,False,0.93095,0.06889538,0.00015462999
270154,2022-12-28 16:00:00,20,1,1,False,0.0010530874,0.99887866,6.8254936e-05
144589,2022-11-07 18:00:00,41,2,0,True,0.91565645,0.0033986988,0.0809448
191023,2022-12-05 04:00:00,101,0,0,False,0.9948992,0.0048681977,0.00023257142
331914,2022-12-17 21:00:00,38,1,1,False,0.0027691026,0.99705386,0.00017702053
337329,2022-12-02 19:00:00,45,0,0,False,0.71673554,0.0017485966,0.28151587
165535,2022-11-16 15:00:00,69,2,2,False,0.29653102,0.00060058513,0.7028684
330967,2022-12-08 02:00:00,37,1,1,False,0.0010272071,0.99889356,7.9214995e-05
229344,2022-12-09 16:00:00,15,0,0,False,0.9980726,0.0010866803,0.0008406477
63356,2022-11-19 09:00:00,179,0,0,False,0.9728986,0.00050625525,0.026595106
5818,2022-11-05 05:00:00,106,2,2,False,0.15880921,0.0006177825,0.84057295
105967,2022-11-07 06:00:00,234,2,2,False,0.08960236,0.00042448798,0.9099731
291103,2022-12-30 08:00:00,227,2,0,True,0.98299,0.0004980223,0.016511898
162693,2022-11-17 09:00:00,64,2,2,False,0.11019221,0.0005468068,0.889261
149598,2022-11-07 22:00:00,48,2,2,False,0.41860944,0.0012564658,0.58013403
241429,2022-12-02 12:00:00,165,2,0,True,0.8834358,0.0037758737,0.11278839
285095,2022-12-20 06:00:00,219,1,1,False,0.25952885,0.7402634,0.00020776766
34401,2022-11-04 12:00:00,142,1,1,False,0.0011110029,0.9988238,6.5204724e-05
272224,2022-12-24 19:00:00,202,0,0,False,0.9902654,0.009342228,0.0003923368
99339,2022-11-29 02:00:00,224,2,2,False,0.081062585,0.00045771163,0.9184797
5349,2022-11-15 13:00:00,105,0,0,False,0.99557143,0.004019151,0.00040939584
310931,2022-12-14 10:00:00,254,0,0,False,0.5402796,0.45922503,0.0004953241
250962,2022-12-09 04:00:00,177,0,0,False,0.9975879,0.0022215433,0.00019060125
168297,2022-11-12 13:00:00,73,0,0,False,0.9720548,0.02757398,0.00037130472
305331,2022-12-22 08:00:00,247,1,0,True,0.5531475,0.4464912,0.000361302
175297,2022-11-06 05:00:00,82,2,2,False,0.029330503,0.00025070796,0.9704188
292631,2022-12-02 23:00:00,230,2,0,True,0.86200327,0.0010472814,0.13694946
28870,2022-11-12 11:00:00,135,2,0,True,0.6376651,0.0022039467,0.36013094
352911,2022-12-22 02:00:00,64,1,1,False,0.033178467,0.9666627,0.00015882842
96689,2022-11-07 23:00:00,221,2,2,False,0.49253342,0.0007078404,0.50675875
319145,2022-12-27 03:00:00,265,0,0,False,0.9987355,0.0007339991,0.0005305566
49359,2022-11-02 00:00:00,161,0,0,False,0.95822483,0.04129709,0.00047809092
126227,2022-11-17 08:00:00,261,0,0,False,0.9834315,0.010739132,0.005829323
71315,2022-11-23 07:00:00,189,1,0,True,0.912344,0.08743813,0.00021782046
83477,2022-11-23 14:00:00,203,1,1,False,0.0010089638,0.9989201,7.094111e-05
119764,2022-11-16 04:00:00,252,0,0,False,0.9822505,0.017534439,0.00021506641
148060,2022-11-03 10:00:00,46,1,1,False,0.15462124,0.84505004,0.0003287397
72716,2022-11-22 02:00:00,190,0,0,False,0.9917916,0.008069886,0.00013852773
108215,2022-11-11 15:00:00,237,1,1,False,0.16839223,0.8314281,0.0001797315
363272,2022-12-02 06:00:00,8,1,1,False,0.03936004,0.96045554,0.00018445836
145858,2022-11-30 22:00:00,42,2,2,False,0.45347217,0.0012036177,0.5453242
214716,2022-12-01 00:00:00,131,0,0,False,0.71820927,0.2814828,0.00030799
9893,2022-11-26 03:00:00,110,1,1,False,0.038899954,0.9609477,0.00015243767
96931,2022-11-18 03:00:00,221,2,2,False,0.050790068,0.0003409905,0.948869
364704,2022-12-01 20:00:00,81,2,2,False,0.42504638,0.00090224395,0.5740514
303810,2022-12-18 23:00:00,245,1,1,False,0.004353647,0.9954124,0.00023399162
116204,2022-11-16 19:00:00,248,2,2,False,0.39252278,0.0007142072,0.606763
347185,2022-12-23 20:00:00,57,2,0,True,0.6280725,0.0015849543,0.37034252
91763,2022-11-11 08:00:00,214,1,1,False,0.22534145,0.77431786,0.00034073653
149120,2022-11-17 21:00:00,47,2,2,False,0.16989516,0.00068615336,0.8294187
267407,2022-12-03 10:00:00,198,0,0,False,0.99218,0.0076126307,0.00020739238
277846,2022-12-18 04:00:00,21,1,1,False,0.11154958,0.88819,0.00026043184
118406,2022-11-19 04:00:00,250,1,1,False,0.0009813671,0.9989536,6.501145e-05
139531,2022-11-05 13:00:00,35,1,0,True,0.71454066,0.2852083,0.0002510219
269505,2022-12-31 16:00:00,2,1,1,False,0.0010458361,0.9988913,6.287084e-05
129517,2022-11-05 09:00:00,266,0,0,False,0.9790829,0.020726018,0.00019113194
175412,2022-11-11 02:00:00,82,2,2,False,0.044832915,0.0003403888,0.9548267
103176,2022-11-10 05:00:00,230,2,2,False,0.034605123,0.00027246278,0.96512246
185768,2022-11-25 12:00:00,95,2,2,False,0.23028676,0.0007505417,0.7689627
173788,2022-11-02 22:00:00,80,2,2,False,0.37493464,0.0010762041,0.62398916
48452,2022-11-24 00:00:00,16,1,1,False,0.0011264811,0.9987978,7.573876e-05
109035,2022-11-16 00:00:00,238,0,0,False,0.99794096,0.0005700862,0.0014889744
323528,2022-12-29 12:00:00,270,0,0,False,0.97554225,0.0242149,0.00024279008
176962,2022-11-16 02:00:00,84,0,0,False,0.99737716,0.0009725916,0.0016502984
96696,2022-11-08 06:00:00,221,2,0,True,0.69971037,0.00068760314,0.29960206
274921,2022-12-16 02:00:00,206,1,1,False,0.0368448,0.9629962,0.00015894439
217063,2022-12-08 16:00:00,134,0,0,False,0.9941373,0.0023050103,0.0035577442
157624,2022-11-14 17:00:00,58,0,0,False,0.9794124,0.0072290786,0.013358565
153991,2022-11-12 07:00:00,53,0,0,False,0.99609405,0.0028585885,0.0010473742
366547,2022-12-19 09:00:00,83,0,0,False,0.9718623,0.026809165,0.0013285852
175648,2022-11-20 22:00:00,82,2,2,False,0.10690563,0.00043274468,0.89266163
95908,2022-11-05 05:00:00,220,2,2,False,0.091371946,0.00083807454,0.90779
75839,2022-11-03 04:00:00,195,0,0,False,0.99685466,0.0029201398,0.00022516413
173945,2022-11-09 13:00:00,80,0,0,False,0.9836717,0.000970563,0.015357738
145810,2022-11-28 22:00:00,42,2,2,False,0.37229598,0.0009422542,0.6267618
109759,2022-11-16 09:00:00,239,0,0,False,0.99244213,0.0034979414,0.004059971
8402,2022-11-23 14:00:00,109,2,0,True,0.97536975,0.0012241253,0.02340616
242468,2022-12-15 18:00:00,166,1,0,True,0.84465915,0.15514769,0.000193189
141776,2022-11-09 19:00:00,38,2,0,True,0.7598062,0.0011550661,0.23903868
61486,2022-11-30 20:00:00,176,0,0,False,0.96091706,0.0036944652,0.035388496
75695,2022-11-27 01:00:00,194,1,1,False,0.049178913,0.9506888,0.00013224229
350654,2022-12-17 15:00:00,61,1,0,True,0.8565183,0.143174,0.00030762344
74548,2022-11-09 01:00:00,193,0,0,False,0.96418744,0.03566684,0.0001457769
35371,2022-11-15 05:00:00,143,1,1,False,0.0010743563,0.9988574,6.826819e-05
104459,2022-11-04 00:00:00,232,2,2,False,0.11390291,0.0005631054,0.88553405
29423,2022-11-05 15:00:00,136,1,0,True,0.7876441,0.21196182,0.00039411956
366393,2022-12-12 03:00:00,83,2,2,False,0.066942915,0.00037832395,0.93267876
287821,2022-12-12 20:00:00,223,0,0,False,0.9965114,0.0007850954,0.0027035247
74801,2022-11-19 14:00:00,193,1,1,False,0.22931091,0.7704566,0.00023248648
304110,2022-12-31 13:00:00,245,1,1,False,0.0010767155,0.9988575,6.57877e-05
209902,2022-12-10 17:00:00,125,2,0,True,0.8504898,0.0009460458,0.14856413
291019,2022-12-26 20:00:00,227,2,2,False,0.37329304,0.0006085435,0.6260984
3740,2022-11-08 00:00:00,103,1,1,False,0.048332103,0.9514692,0.00019874089
174623,2022-11-07 22:00:00,81,2,0,True,0.7290058,0.0010187796,0.2699754
175086,2022-11-27 07:00:00,81,2,0,True,0.99548006,0.0010711721,0.0034487143
100335,2022-11-11 00:00:00,226,2,2,False,0.082429595,0.00044003973,0.91713035
346306,2022-12-16 08:00:00,56,0,0,False,0.9479959,0.051696524,0.00030758564
173347,2022-11-14 10:00:00,8,1,1,False,0.10462634,0.8950158,0.00035789635
121095,2022-11-12 01:00:00,254,2,0,True,0.85426,0.0012715963,0.14446837
233346,2022-12-27 03:00:00,154,0,0,False,0.99478674,0.0049308673,0.0002823511
365486,2022-12-04 09:00:00,82,2,2,False,0.057136565,0.00031214155,0.9425514
177642,2022-11-14 15:00:00,85,0,0,False,0.9903985,0.008402317,0.0011991853
335508,2022-12-17 10:00:00,42,2,2,False,0.2105138,0.00067028526,0.78881586
6537,2022-11-05 09:00:00,107,1,1,False,0.43163928,0.5680313,0.0003293673
217946,2022-12-15 10:00:00,135,1,0,True,0.9119807,0.08787216,0.00014710867
87467,2022-11-11 02:00:00,209,0,0,False,0.99743146,0.0018660995,0.00070239825
243921,2022-12-16 05:00:00,168,2,2,False,0.041924275,0.00037431798,0.9577014
377569,2022-12-28 02:00:00,97,1,1,False,0.081866615,0.91796285,0.00017056927
371108,2022-12-29 06:00:00,89,1,1,False,0.0010827604,0.9988399,7.7351775e-05
121036,2022-11-09 14:00:00,254,1,0,True,0.74339116,0.2559371,0.0006717359
369517,2022-12-23 01:00:00,87,0,0,False,0.9967121,0.00048371835,0.0028041364
273125,2022-12-01 08:00:00,204,1,1,False,0.41894892,0.58052236,0.00052868674
147269,2022-11-30 03:00:00,44,2,2,False,0.07366764,0.00043796527,0.92589444
192681,2022-12-14 04:00:00,103,0,0,False,0.99733305,0.0023708353,0.0002961387
60039,2022-11-30 03:00:00,174,0,0,False,0.99701095,0.0027724649,0.00021654015
322111,2022-12-30 13:00:00,269,0,0,False,0.9979698,0.00088246405,0.0011476586
356982,2022-12-10 13:00:00,71,0,0,False,0.98063296,0.00072219124,0.018644795
277648,2022-12-09 13:00:00,21,0,0,False,0.9949963,0.0047902847,0.00021343649
5337,2022-11-15 01:00:00,105,0,0,False,0.9979734,0.0015621561,0.00046450828
176058,2022-11-08 03:00:00,83,2,2,False,0.20138846,0.00074237736,0.79786915
154936,2022-11-21 21:00:00,54,0,0,False,0.9883625,0.011212807,0.0004247273
368324,2022-12-02 11:00:00,86,0,0,False,0.9666004,0.03313083,0.00026875935
319265,2022-12-01 04:00:00,266,1,1,False,0.06748803,0.9323741,0.00013791886
47296,2022-11-05 13:00:00,159,1,1,False,0.086106114,0.9136868,0.00020704315
19765,2022-11-20 09:00:00,123,0,0,False,0.99492997,0.0018699092,0.0032001177
301718,2022-12-22 00:00:00,242,0,0,False,0.9952852,0.00069379236,0.00402102
332226,2022-12-31 10:00:00,38,1,1,False,0.0010309091,0.9989023,6.670974e-05
120833,2022-11-30 22:00:00,253,2,2,False,0.42232442,0.0010579003,0.57661766
324732,2022-12-19 12:00:00,29,1,1,False,0.0032746964,0.99653924,0.00018607719
249053,2022-12-20 16:00:00,174,1,1,False,0.003605684,0.9961592,0.00023513054
326109,2022-12-15 23:00:00,30,1,0,True,0.5939597,0.40575525,0.00028506757
35383,2022-11-15 17:00:00,143,1,1,False,0.0010351212,0.998898,6.677157e-05
161877,2022-11-13 04:00:00,63,1,1,False,0.023571402,0.97630286,0.00012578753
331460,2022-12-29 13:00:00,37,0,0,False,0.99545336,0.0039725564,0.00057400315
106847,2022-11-14 05:00:00,235,2,2,False,0.028062893,0.00025396055,0.9716832
179013,2022-11-12 04:00:00,87,2,2,False,0.028327348,0.0002466462,0.97142595
308081,2022-12-15 20:00:00,250,0,0,False,0.9785154,0.021272013,0.00021257014
348629,2022-12-23 22:00:00,59,2,2,False,0.23370789,0.0006701034,0.765622
148908,2022-11-09 01:00:00,47,2,2,False,0.47430372,0.0010281486,0.52466816
302213,2022-12-11 16:00:00,243,2,2,False,0.066854805,0.00032300543,0.9328222
83448,2022-11-22 09:00:00,203,1,1,False,0.0010028742,0.9989316,6.549916e-05
31462,2022-11-01 02:00:00,139,2,2,False,0.1705078,0.00069919904,0.82879305
96930,2022-11-18 02:00:00,221,2,2,False,0.07820078,0.0003901352,0.92140913
116726,2022-11-08 18:00:00,249,1,1,False,0.20005193,0.799698,0.00025007213
106938,2022-11-18 00:00:00,235,2,2,False,0.43844146,0.00088826846,0.56067026
65134,2022-11-04 00:00:00,181,2,0,True,0.56803447,0.00090609776,0.43105942
98034,2022-11-04 10:00:00,223,2,2,False,0.118008114,0.0004962048,0.88149565
145281,2022-11-06 19:00:00,42,2,2,False,0.080912046,0.00045954835,0.91862845
1819,2022-11-17 10:00:00,100,2,2,False,0.06998309,0.0004298817,0.929587
295175,2022-12-19 16:00:00,233,0,0,False,0.98328847,0.016235394,0.00047613404
371814,2022-12-28 15:00:00,9,0,0,False,0.9859102,0.011481744,0.0026080965
324431,2022-12-06 03:00:00,29,1,1,False,0.0010355745,0.9988991,6.5318e-05
234974,2022-12-03 22:00:00,157,1,0,True,0.6491588,0.3499998,0.00084145734
151468,2022-11-26 08:00:00,5,1,0,True,0.85845304,0.1412852,0.0002618117
18757,2022-11-08 02:00:00,122,0,0,False,0.9980457,0.0014171128,0.00053720886
352872,2022-12-20 09:00:00,64,2,2,False,0.2891627,0.00094463694,0.7098927
105229,2022-11-06 07:00:00,233,2,2,False,0.1692483,0.000509894,0.8302418
269775,2022-12-11 23:00:00,20,1,1,False,0.0010477,0.99888235,6.999493e-05
82873,2022-11-28 05:00:00,202,0,0,False,0.976173,0.023632586,0.00019441567
374359,2022-12-13 14:00:00,93,0,0,False,0.9821047,0.017694008,0.00020129811
335148,2022-12-02 01:00:00,42,2,2,False,0.06094611,0.00043012784,0.9386237
83484,2022-11-23 21:00:00,203,1,1,False,0.0009634297,0.9989697,6.687578e-05
68147,2022-11-10 11:00:00,185,0,0,False,0.88058585,0.00071644597,0.11869769
257197,2022-12-29 13:00:00,184,0,0,False,0.9972818,0.0018739334,0.0008442324
342758,2022-12-19 13:00:00,51,0,0,False,0.9957769,0.002415977,0.0018071274
174594,2022-11-06 17:00:00,81,0,2,True,0.4524704,0.0007380739,0.54679155
89076,2022-11-18 13:00:00,210,0,0,False,0.9957515,0.0026953423,0.0015531628
22763,2022-11-26 03:00:00,127,0,0,False,0.9973736,0.00242713,0.00019924303
185429,2022-11-11 09:00:00,95,2,0,True,0.9104158,0.0014053384,0.088178866
331151,2022-12-15 18:00:00,37,1,1,False,0.19150417,0.8082774,0.00021841998
94880,2022-11-22 01:00:00,218,1,1,False,0.14161023,0.8582008,0.00018895105
150351,2022-11-09 14:00:00,49,2,0,True,0.95972174,0.003636372,0.036641847
364270,2022-12-13 19:00:00,80,2,2,False,0.468827,0.0008903887,0.5302826
351899,2022-12-09 01:00:00,63,0,0,False,0.8979802,0.10179717,0.00022261112
176847,2022-11-11 07:00:00,84,2,2,False,0.3984372,0.0007063481,0.6008564
145400,2022-11-11 20:00:00,42,2,0,True,0.79323727,0.002169534,0.20459315
372701,2022-12-04 14:00:00,91,0,0,False,0.99443454,0.004296756,0.0012686864
169455,2022-11-01 00:00:00,75,0,0,False,0.9960019,0.0035788661,0.00041918727
75037,2022-11-29 10:00:00,193,1,0,True,0.73192394,0.26765695,0.0004191261
175299,2022-11-06 07:00:00,82,2,2,False,0.083604574,0.00041363516,0.91598177
339151,2022-12-19 11:00:00,47,1,1,False,0.14348188,0.85629976,0.00021833017
174908,2022-11-19 21:00:00,81,1,1,False,0.4577394,0.5418954,0.00036518925
158476,2022-11-20 10:00:00,59,1,0,True,0.76002854,0.2396168,0.00035467732
63111,2022-11-09 04:00:00,179,2,2,False,0.0662332,0.00044678012,0.93332
162194,2022-11-26 09:00:00,63,0,0,False,0.81606483,0.18357049,0.00036469623
7899,2022-11-02 10:00:00,109,2,2,False,0.19112825,0.00093166507,0.80794007
295331,2022-12-26 06:00:00,233,0,0,False,0.9917806,0.00041207188,0.007807358
67471,2022-11-12 02:00:00,184,0,0,False,0.80069876,0.0011992677,0.19810191
183152,2022-11-05 19:00:00,92,1,1,False,0.0009376908,0.99899954,6.284221e-05
217526,2022-12-28 21:00:00,134,2,2,False,0.3210738,0.0006871638,0.678239
256609,2022-12-04 03:00:00,184,2,2,False,0.06436071,0.00041354186,0.9352257
9265,2022-11-29 18:00:00,11,0,0,False,0.7551292,0.24423447,0.0006363153
139214,2022-11-22 05:00:00,34,0,0,False,0.9698148,0.030077102,0.00010805784
376338,2022-12-05 22:00:00,96,0,0,False,0.99427587,0.005533448,0.00019069924
132047,2022-11-21 12:00:00,269,2,2,False,0.09588294,0.00048027406,0.9036368
288319,2022-12-03 13:00:00,224,2,0,True,0.8829938,0.0019787317,0.11502747
248242,2022-12-16 00:00:00,173,0,0,False,0.95757926,0.042261295,0.00015940708
106124,2022-11-13 21:00:00,234,2,2,False,0.100194365,0.00045330738,0.8993523
224028,2022-12-29 10:00:00,142,1,1,False,0.0011114312,0.99881065,7.798368e-05
196381,2022-12-18 23:00:00,108,1,1,False,0.12520067,0.87461215,0.00018716167
103363,2022-11-18 00:00:00,230,2,2,False,0.07543522,0.00042420393,0.9241406
128735,2022-11-02 11:00:00,265,2,2,False,0.1305638,0.00054602494,0.86889017
309182,2022-12-01 15:00:00,252,1,1,False,0.49270356,0.5065763,0.000720159
200790,2022-12-22 12:00:00,113,2,0,True,0.5030793,0.001356543,0.4955642
364730,2022-12-02 22:00:00,81,0,0,False,0.8145292,0.0011021844,0.18436861
173186,2022-11-07 15:00:00,8,2,2,False,0.30875486,0.0010010084,0.69024414
144522,2022-11-04 23:00:00,41,2,0,True,0.6589475,0.0011119585,0.33994055
43972,2022-11-16 02:00:00,154,0,0,False,0.9656823,0.034011424,0.00030627215
223860,2022-12-22 10:00:00,142,1,1,False,0.0011272115,0.9987941,7.8679805e-05
302579,2022-12-27 20:00:00,243,2,2,False,0.3606215,0.00081909954,0.6385594
376191,2022-12-30 18:00:00,95,0,0,False,0.9944193,0.0052010035,0.00037973034
106943,2022-11-18 05:00:00,235,2,2,False,0.046398673,0.0003365051,0.9532648
20805,2022-11-04 01:00:00,125,2,2,False,0.05118501,0.00033225582,0.94848275
133373,2022-11-17 04:00:00,270,1,1,False,0.07340886,0.92643565,0.00015546482
200846,2022-12-24 20:00:00,113,1,1,False,0.25468698,0.7450876,0.00022539386
81109,2022-11-14 07:00:00,200,1,0,True,0.82369936,0.17595066,0.00034996454
289753,2022-12-03 05:00:00,226,2,0,True,0.5911647,0.00062280375,0.40821248
141554,2022-11-30 08:00:00,37,2,2,False,0.4296052,0.00094372034,0.56945115
331513,2022-12-31 18:00:00,37,1,1,False,0.0010875926,0.9988391,7.333018e-05
205813,2022-12-21 12:00:00,12,1,1,False,0.10030849,0.8994741,0.00021742449
114796,2022-11-17 17:00:00,246,0,0,False,0.9128077,0.0018305256,0.085361764
291021,2022-12-26 22:00:00,227,2,2,False,0.2387106,0.0006490039,0.76064044
153600,2022-11-25 19:00:00,52,2,0,True,0.9888164,0.0026420793,0.008541528
29943,2022-11-27 09:00:00,136,2,2,False,0.41111043,0.0007404735,0.5881491
260287,2022-12-07 04:00:00,189,0,0,False,0.99729186,0.00056774385,0.0021403574
95165,2022-11-04 01:00:00,219,0,0,False,0.9963593,0.0030148048,0.0006258785
90328,2022-11-11 03:00:00,212,0,0,False,0.9977768,0.0012625444,0.00096065813
96809,2022-11-13 01:00:00,221,2,0,True,0.7585951,0.00062705966,0.24077779
294321,2022-12-13 07:00:00,232,0,0,False,0.990281,0.0009342227,0.008784751
48228,2022-11-14 16:00:00,16,1,1,False,0.0011286514,0.9987915,7.9879916e-05
165174,2022-11-01 09:00:00,69,0,0,False,0.98518825,0.0145018445,0.00030995428
145188,2022-11-02 22:00:00,42,2,2,False,0.37403402,0.0010290989,0.6249369
101717,2022-11-09 00:00:00,228,2,2,False,0.123730086,0.0005151788,0.87575465
71825,2022-11-14 18:00:00,19,1,0,True,0.68414646,0.3154826,0.00037092037
3830,2022-11-11 20:00:00,103,2,0,True,0.60407764,0.001169153,0.3947532
154511,2022-11-04 02:00:00,54,1,1,False,0.123242185,0.87648964,0.0002681705
187628,2022-11-13 15:00:00,98,1,1,False,0.14062482,0.85920227,0.00017291991
148526,2022-11-22 22:00:00,46,2,2,False,0.15833278,0.00057022704,0.841097
267476,2022-12-06 07:00:00,198,0,0,False,0.9866403,0.012523075,0.00083661394
106629,2022-11-05 01:00:00,235,2,0,True,0.99700385,0.0008201634,0.0021759542
78159,2022-11-10 13:00:00,198,2,2,False,0.18775854,0.0005309652,0.8117105
357527,2022-12-03 05:00:00,72,0,0,False,0.9980494,0.0008198526,0.0011308134
192855,2022-12-22 08:00:00,103,0,0,False,0.9134134,0.086155534,0.0004310355
37212,2022-11-02 08:00:00,146,2,0,True,0.97498894,0.004061935,0.020949077
347354,2022-12-30 21:00:00,57,2,2,False,0.19321999,0.0008272446,0.8059528
95300,2022-11-09 18:00:00,219,2,0,True,0.65070134,0.00104163,0.34825706
255068,2022-12-30 23:00:00,181,2,0,True,0.80508476,0.00094207225,0.1939732
96789,2022-11-12 05:00:00,221,2,2,False,0.028472522,0.00023854736,0.971289
45640,2022-11-26 00:00:00,156,1,1,False,0.0010950064,0.99884206,6.29474e-05
156403,2022-11-23 10:00:00,56,2,0,True,0.69064146,0.0010075541,0.308351
105769,2022-11-28 21:00:00,233,2,2,False,0.44223952,0.00090559537,0.55685484
140033,2022-11-26 13:00:00,35,1,1,False,0.004113206,0.995764,0.00012273139
219800,2022-12-02 13:00:00,138,0,0,False,0.9947738,0.0037797305,0.0014464826
260955,2022-12-04 23:00:00,19,0,0,False,0.8238827,0.17585577,0.0002614952
251187,2022-12-19 09:00:00,177,0,0,False,0.80104077,0.19836521,0.0005940152
33233,2022-11-15 12:00:00,140,0,0,False,0.9936428,0.003347815,0.003009349
111177,2022-11-15 21:00:00,241,0,0,False,0.99544144,0.0009525015,0.003606027
20810,2022-11-04 06:00:00,125,2,2,False,0.12106616,0.0004360622,0.87849784
359690,2022-12-03 05:00:00,75,0,0,False,0.9971589,0.0021975185,0.00064359343
174901,2022-11-19 14:00:00,81,1,0,True,0.6712756,0.32812694,0.0005974644
76287,2022-11-21 22:00:00,195,0,0,False,0.9975758,0.0013431256,0.001081037
268254,2022-12-08 16:00:00,199,0,0,False,0.95603687,0.0434057,0.0005573629
225553,2022-12-01 22:00:00,145,1,1,False,0.41984788,0.57970107,0.00045107887
118423,2022-11-19 21:00:00,250,1,1,False,0.0010190513,0.99891233,6.860324e-05
8285,2022-11-18 17:00:00,109,1,1,False,0.45481685,0.5448191,0.00036405018
191036,2022-12-05 17:00:00,101,0,0,False,0.99459594,0.00520851,0.00019561299
32507,2022-11-15 01:00:00,14,1,1,False,0.19703257,0.8027365,0.00023092025
31091,2022-11-15 15:00:00,138,0,0,False,0.9973443,0.0019608862,0.0006948472
73260,2022-11-14 23:00:00,191,1,1,False,0.000999776,0.9989341,6.6171306e-05
105691,2022-11-25 15:00:00,233,2,2,False,0.054236982,0.00032803504,0.9454349
140273,2022-11-06 16:00:00,36,2,2,False,0.27124807,0.00072755205,0.7280244
80657,2022-11-25 06:00:00,20,1,1,False,0.0010564806,0.99886835,7.522263e-05
152732,2022-11-19 10:00:00,51,2,2,False,0.21434915,0.0006222521,0.7850286
161822,2022-11-10 21:00:00,63,0,0,False,0.8325658,0.16689049,0.0005437552
50729,2022-11-29 12:00:00,162,0,0,False,0.6985442,0.0008581393,0.30059764
188414,2022-11-16 14:00:00,99,2,0,True,0.6303887,0.0014362596,0.36817506
47071,2022-11-26 01:00:00,158,1,0,True,0.93489194,0.06487857,0.00022941218
291687,2022-12-24 15:00:00,228,2,2,False,0.19119419,0.0004941334,0.8083117
53699,2022-11-04 05:00:00,167,1,1,False,0.025581202,0.9743003,0.00011841587
140772,2022-11-27 13:00:00,36,2,2,False,0.19194491,0.0006672047,0.8073878
181911,2022-11-13 18:00:00,90,0,0,False,0.9751902,0.002151956,0.022657746
8373,2022-11-22 09:00:00,109,2,2,False,0.096107095,0.00054643577,0.9033465
263492,2022-12-21 11:00:00,192,0,0,False,0.82761073,0.17206134,0.00032794566
98168,2022-11-10 02:00:00,223,0,0,False,0.99799395,0.0006254041,0.0013807105
108361,2022-11-17 17:00:00,237,0,0,False,0.9813368,0.01827011,0.00039317156
269581,2022-12-03 21:00:00,20,1,1,False,0.0010502165,0.99888533,6.443607e-05
304105,2022-12-31 08:00:00,245,1,1,False,0.0010854454,0.9988456,6.88975e-05
9007,2022-11-19 00:00:00,11,1,1,False,0.032293633,0.96758145,0.00012487601
28547,2022-11-28 19:00:00,134,2,0,True,0.80409014,0.0027744798,0.19313532
224142,2022-12-03 05:00:00,143,1,1,False,0.0010172242,0.9989178,6.4943066e-05
213141,2022-12-26 10:00:00,129,1,1,False,0.2933827,0.7061897,0.00042754842
108192,2022-11-10 16:00:00,237,0,0,False,0.88349,0.11631429,0.0001956806
299127,2022-12-03 06:00:00,239,0,1,True,0.06964374,0.93023497,0.000121305595
96787,2022-11-12 03:00:00,221,2,2,False,0.37039688,0.0006772502,0.62892586
61631,2022-11-07 00:00:00,177,2,2,False,0.066647165,0.00041184408,0.932941
338850,2022-12-06 02:00:00,47,0,0,False,0.9964143,0.0032362596,0.00034936456
100189,2022-11-04 20:00:00,226,2,2,False,0.41235414,0.0007284659,0.5869174
248333,2022-12-20 17:00:00,173,0,0,False,0.9966307,0.0021409232,0.0012283102
140561,2022-11-18 18:00:00,36,0,0,False,0.9932122,0.0042461194,0.002541687
8092,2022-11-10 16:00:00,109,0,0,False,0.8390193,0.16026838,0.00071235973
22484,2022-11-14 12:00:00,127,2,2,False,0.21150593,0.00065437675,0.78783965
127599,2022-11-14 22:00:00,263,0,0,False,0.9964551,0.0031397578,0.0004051934
222061,2022-12-06 15:00:00,140,0,0,False,0.9977075,0.0013983281,0.00089420355
40066,2022-11-02 02:00:00,15,0,0,False,0.99836916,0.0011403325,0.0004905444
262620,2022-12-14 06:00:00,191,1,0,True,0.80982095,0.18992905,0.00025001206
134176,2022-11-20 20:00:00,28,1,1,False,0.1202003,0.87964296,0.0001566701
329893,2022-12-24 08:00:00,35,1,1,False,0.0011073763,0.9988225,7.004576e-05
27458,2022-11-13 05:00:00,133,2,2,False,0.05251175,0.00036580904,0.9471225
376772,2022-12-24 22:00:00,96,0,0,False,0.9972608,0.0023416572,0.00039753556
140246,2022-11-05 13:00:00,36,0,0,False,0.98424476,0.0027833527,0.012971893
183855,2022-11-05 07:00:00,93,0,0,False,0.9232832,0.076531865,0.00018492581
227441,2022-12-21 10:00:00,147,2,2,False,0.28012905,0.0007641402,0.71910685
243523,2022-12-30 14:00:00,167,1,0,True,0.7428914,0.2567894,0.00031926515
92582,2022-11-15 16:00:00,215,0,0,False,0.8375148,0.16215703,0.00032812098
366394,2022-12-12 04:00:00,83,2,2,False,0.056260813,0.00035970224,0.9433795
60272,2022-11-10 01:00:00,175,2,0,True,0.5408403,0.0009108568,0.4582488
364273,2022-12-13 22:00:00,80,2,2,False,0.14160569,0.00055174774,0.85784256
340146,2022-12-30 23:00:00,48,2,2,False,0.17352088,0.0006807714,0.82579833
202285,2022-12-24 17:00:00,115,1,0,True,0.60776716,0.3919286,0.0003042588
347696,2022-12-14 04:00:00,58,1,1,False,0.029485429,0.9704155,9.912174e-05
231293,2022-12-31 17:00:00,151,2,2,False,0.2793027,0.0005764134,0.72012085
171317,2022-11-19 05:00:00,77,2,2,False,0.12118016,0.00059879385,0.878221
288273,2022-12-01 15:00:00,224,2,0,True,0.6639252,0.0010282617,0.33504662
339464,2022-12-01 15:00:00,48,1,0,True,0.7787031,0.22074601,0.0005508837
102340,2022-11-05 02:00:00,229,2,0,True,0.98695135,0.0003011049,0.012747531
87563,2022-11-15 02:00:00,209,0,0,False,0.9630441,0.036809962,0.00014593503
303704,2022-12-13 17:00:00,245,1,1,False,0.0010369399,0.998895,6.810871e-05
293865,2022-12-25 06:00:00,231,0,0,False,0.998467,0.0009528251,0.00058007945
100162,2022-11-03 17:00:00,226,2,0,True,0.9088508,0.0014405526,0.08970864
114206,2022-11-22 22:00:00,245,1,1,False,0.0009928793,0.99894315,6.4e-05
366539,2022-12-19 01:00:00,83,2,2,False,0.060407583,0.00041496698,0.93917745
176846,2022-11-11 06:00:00,84,2,0,True,0.5426049,0.00086071284,0.45653436
1511,2022-11-04 12:00:00,100,2,2,False,0.48575956,0.0015025951,0.5127379
48025,2022-11-06 03:00:00,16,1,1,False,0.0011414328,0.99878794,7.069833e-05
75879,2022-11-04 20:00:00,195,0,0,False,0.90457743,0.09505747,0.00036509178
28607,2022-11-01 07:00:00,135,2,2,False,0.3156236,0.0009063236,0.6834701
97097,2022-11-25 01:00:00,221,0,2,True,0.046718277,0.00030705298,0.9529747
120476,2022-11-16 01:00:00,253,2,2,False,0.093264624,0.00043096795,0.9063044
330618,2022-12-24 12:00:00,36,2,0,True,0.6039686,0.00094663084,0.3950848
107581,2022-11-15 00:00:00,236,2,0,True,0.8477142,0.00072041986,0.1515654
258526,2022-12-24 20:00:00,186,2,2,False,0.099644706,0.00046184057,0.89989346
201263,2022-12-11 06:00:00,114,1,1,False,0.13084717,0.8689602,0.00019266315
280230,2022-12-27 22:00:00,212,1,1,False,0.06770665,0.9318875,0.00040587073
104600,2022-11-09 23:00:00,232,2,0,True,0.82352245,0.00200274,0.17447479
38540,2022-11-28 02:00:00,147,0,0,False,0.99570954,0.0039837193,0.00030673694
257943,2022-12-30 14:00:00,185,0,0,False,0.97108185,0.02842271,0.0004954678
100353,2022-11-11 18:00:00,226,2,0,True,0.6193796,0.00091368373,0.37970674
104724,2022-11-15 03:00:00,232,2,0,True,0.5684734,0.0008074636,0.4307191
147416,2022-11-06 09:00:00,45,0,1,True,0.36097333,0.63829535,0.00073133723
61010,2022-11-11 00:00:00,176,2,2,False,0.08694635,0.00048271404,0.912571
362543,2022-12-01 22:00:00,79,2,0,True,0.6597016,0.0009925802,0.33930585
203919,2022-12-01 18:00:00,118,0,0,False,0.9935776,0.004888641,0.0015337835
15677,2022-11-28 19:00:00,118,1,1,False,0.38755715,0.6120548,0.00038803392
293960,2022-12-29 05:00:00,231,0,0,False,0.993871,0.0004405891,0.0056883944
53375,2022-11-20 14:00:00,166,1,1,False,0.42674986,0.57293504,0.00031507143
79218,2022-11-24 21:00:00,199,0,0,False,0.81053317,0.18883374,0.00063309347
69398,2022-11-02 22:00:00,187,2,0,True,0.6492934,0.0012494158,0.3494572
269164,2022-12-16 13:00:00,2,1,1,False,0.00415242,0.99569404,0.00015351176
65784,2022-11-01 04:00:00,182,2,0,True,0.9109771,0.0007260906,0.088296846
228622,2022-12-09 15:00:00,149,0,0,False,0.9943619,0.0049878494,0.0006502922
170706,2022-11-23 13:00:00,76,0,0,False,0.98768336,0.011685124,0.0006314722
63326,2022-11-18 03:00:00,179,2,0,True,0.61104333,0.001068531,0.38788816
80741,2022-11-28 18:00:00,20,1,1,False,0.0010473226,0.99888164,7.100783e-05
26906,2022-11-20 00:00:00,132,0,0,False,0.99550855,0.0008897151,0.0036016782
86144,2022-11-15 13:00:00,207,1,1,False,0.38322836,0.61652285,0.00024878304
107158,2022-11-27 04:00:00,235,2,2,False,0.42219856,0.001070763,0.57673067
59445,2022-11-05 07:00:00,174,0,2,True,0.1934231,0.0005747876,0.8060021
27481,2022-11-14 04:00:00,133,2,2,False,0.06697466,0.00037820506,0.93264717
50270,2022-11-10 09:00:00,162,2,0,True,0.71693367,0.0018700182,0.28119633
15027,2022-11-01 12:00:00,118,0,0,False,0.99448484,0.005096003,0.0004191104
296409,2022-12-10 04:00:00,235,2,2,False,0.043282054,0.00032401073,0.95639396
177766,2022-11-19 19:00:00,85,2,0,True,0.6465471,0.0008746241,0.3525783
290391,2022-12-30 17:00:00,226,0,0,False,0.9937988,0.005806055,0.0003951854
236898,2022-12-24 22:00:00,159,1,1,False,0.18700914,0.81281805,0.00017279432
180416,2022-11-11 01:00:00,89,1,1,False,0.0010802948,0.9988556,6.415363e-05
60304,2022-11-11 09:00:00,175,0,0,False,0.99162674,0.005109188,0.003264051
339934,2022-12-22 03:00:00,48,2,2,False,0.032421242,0.00028277302,0.96729594
91638,2022-11-06 01:00:00,214,0,0,False,0.9936499,0.005892196,0.00045796265
285885,2022-12-23 05:00:00,220,2,2,False,0.30787498,0.0007781414,0.69134694
248826,2022-12-10 07:00:00,174,1,1,False,0.15854597,0.8412266,0.00022740988
52564,2022-11-16 14:00:00,165,2,0,True,0.5203957,0.008304123,0.47130018
263646,2022-12-27 21:00:00,192,0,0,False,0.71556884,0.28418526,0.00024588298
184484,2022-11-01 14:00:00,94,2,2,False,0.21000159,0.0012561764,0.78874224
20529,2022-11-22 10:00:00,124,0,0,False,0.97980976,0.013921701,0.0062685274
148284,2022-11-12 20:00:00,46,0,0,False,0.9868781,0.012094608,0.0010273125
105732,2022-11-27 08:00:00,233,2,2,False,0.035920825,0.00026188124,0.9638173
178924,2022-11-08 09:00:00,87,1,1,False,0.26218915,0.7372596,0.00055119384
188889,2022-12-06 09:00:00,1,1,1,False,0.011131505,0.98855174,0.0003167504
90675,2022-11-25 14:00:00,212,1,0,True,0.7171634,0.28257528,0.00026129824
340529,2022-12-15 23:00:00,49,0,0,False,0.9302229,0.06933569,0.0004413616
147406,2022-11-05 23:00:00,45,0,0,False,0.9835818,0.002933835,0.013484422
88840,2022-11-08 17:00:00,210,2,0,True,0.96419585,0.0012874777,0.034516633
96708,2022-11-08 20:00:00,221,0,0,False,0.98990214,0.0023741762,0.007723679
300027,2022-12-10 17:00:00,240,0,0,False,0.99329185,0.0063158306,0.00039227458
241960,2022-12-25 13:00:00,165,0,0,False,0.96636325,0.0034585597,0.03017818
35152,2022-11-06 00:00:00,143,1,1,False,0.0010730652,0.99886227,6.464212e-05
196293,2022-12-14 11:00:00,108,2,2,False,0.29437456,0.0007712007,0.70485425
249035,2022-12-19 20:00:00,174,1,1,False,0.003178684,0.99664295,0.00017844104
52684,2022-11-21 14:00:00,165,2,2,False,0.43842936,0.0027116418,0.558859
197801,2022-12-17 14:00:00,11,1,1,False,0.124728486,0.8750824,0.00018914527
148453,2022-11-19 21:00:00,46,2,2,False,0.11270061,0.0005271173,0.8867722
43725,2022-11-05 17:00:00,154,0,1,True,0.189427,0.8103492,0.0002237578
229475,2022-12-15 03:00:00,15,1,1,False,0.08054543,0.91931665,0.00013794813
186208,2022-11-14 01:00:00,96,1,1,False,0.028795501,0.9711321,7.2361094e-05
352071,2022-12-16 05:00:00,63,0,0,False,0.9915466,0.007331055,0.0011224176
245730,2022-12-01 11:00:00,170,0,0,False,0.98843133,0.010937891,0.00063074473
240666,2022-12-31 17:00:00,163,0,0,False,0.94177747,0.0011498434,0.05707268
207105,2022-12-14 08:00:00,121,2,0,True,0.9043881,0.0008326486,0.0947792
277746,2022-12-13 15:00:00,21,1,1,False,0.055534713,0.9443436,0.000121656994
40497,2022-11-20 06:00:00,15,0,0,False,0.99383825,0.005873389,0.0002883711
20807,2022-11-04 03:00:00,125,2,2,False,0.025445942,0.00022899052,0.9743251
233283,2022-12-24 12:00:00,154,0,0,False,0.87750983,0.122288875,0.00020132195
60390,2022-11-14 23:00:00,175,2,0,True,0.69477046,0.0011769134,0.3040526
182689,2022-11-16 09:00:00,91,2,2,False,0.15975463,0.0006436755,0.83960164
277469,2022-12-02 02:00:00,21,1,1,False,0.091345295,0.90843165,0.00022302289
137354,2022-11-04 05:00:00,32,1,1,False,0.037651364,0.9622476,0.00010105341
223464,2022-12-05 00:00:00,142,1,1,False,0.0010730441,0.9988632,6.3728185e-05
170482,2022-11-14 05:00:00,76,2,2,False,0.03822286,0.00027832395,0.9614988
184187,2022-11-19 05:00:00,93,1,1,False,0.052482735,0.9473684,0.00014883614
129736,2022-11-14 14:00:00,266,0,0,False,0.94619817,0.053546507,0.00025527718
107534,2022-11-13 01:00:00,236,2,2,False,0.46066153,0.00086876587,0.53846973
278029,2022-12-26 08:00:00,21,1,1,False,0.25622943,0.7435635,0.00020705778
334893,2022-12-22 09:00:00,41,0,0,False,0.9164882,0.08268595,0.00082593184
113800,2022-11-05 22:00:00,245,1,1,False,0.0010456346,0.99888796,6.646912e-05
30984,2022-11-11 04:00:00,138,1,1,False,0.089853406,0.90999275,0.00015383279
62334,2022-11-06 12:00:00,178,2,0,True,0.70398146,0.00064246735,0.29537606
50104,2022-11-03 09:00:00,162,2,2,False,0.21644296,0.00072271645,0.78283435
115178,2022-11-03 18:00:00,247,2,2,False,0.2599444,0.0007261159,0.73932946
96233,2022-11-18 20:00:00,220,1,0,True,0.91724926,0.080656186,0.0020944905
206793,2022-12-01 08:00:00,121,1,1,False,0.44980428,0.5499033,0.00029244868
146430,2022-11-24 23:00:00,43,2,0,True,0.8346854,0.0013358161,0.16397886
318794,2022-12-11 14:00:00,265,0,0,False,0.9955354,0.0032494857,0.0012151094
186463,2022-11-24 16:00:00,96,0,0,False,0.9917857,0.007900627,0.00031365146
286495,2022-12-18 01:00:00,221,2,0,True,0.50733066,0.0009062138,0.49176314
144595,2022-11-08 00:00:00,41,2,0,True,0.5693202,0.0010927574,0.42958704
41923,2022-11-20 02:00:00,151,0,0,False,0.8528927,0.14691064,0.00019673511
58317,2022-11-17 23:00:00,172,0,0,False,0.99016297,0.009502776,0.00033424117
11474,2022-11-02 10:00:00,113,2,2,False,0.14168444,0.000707563,0.857608
341200,2022-12-13 21:00:00,5,1,1,False,0.08917973,0.9106948,0.00012550064
329443,2022-12-04 16:00:00,35,1,1,False,0.0036362533,0.9962309,0.00013282185
121799,2022-11-11 14:00:00,256,0,0,False,0.96414363,0.035336465,0.0005199372
269070,2022-12-12 15:00:00,2,0,0,False,0.99680007,0.0024716982,0.0007282473
348524,2022-12-19 11:00:00,59,0,0,False,0.85550314,0.14361307,0.00088374916
104193,2022-11-22 19:00:00,231,2,0,True,0.7614415,0.0013860454,0.23717241
118376,2022-11-17 22:00:00,250,1,1,False,0.0009703309,0.9989667,6.2975916e-05
1119,2022-11-18 01:00:00,10,1,1,False,0.16605994,0.83373666,0.00020340965
96537,2022-11-01 12:00:00,221,0,0,False,0.99610054,0.002379069,0.0015204175
210871,2022-12-21 23:00:00,126,0,0,False,0.99088025,0.008773724,0.00034599696
329544,2022-12-08 21:00:00,35,1,1,False,0.0010129487,0.998923,6.396857e-05
58841,2022-11-10 00:00:00,173,0,0,False,0.99830097,0.0006825444,0.0010165276
96740,2022-11-10 04:00:00,221,2,2,False,0.03325475,0.00023944296,0.96650577
304016,2022-12-27 15:00:00,245,1,1,False,0.0011293552,0.9988034,6.730526e-05
246696,2022-12-11 16:00:00,171,0,0,False,0.9976236,0.001627668,0.00074872945
21021,2022-11-13 03:00:00,125,0,0,False,0.99798286,0.0008492753,0.001167895
103058,2022-11-05 05:00:00,230,2,2,False,0.052718405,0.00036013837,0.94692147
84072,2022-11-18 14:00:00,204,1,0,True,0.9408461,0.058454726,0.0006991977
16905,2022-11-20 09:00:00,12,1,1,False,0.13214651,0.86767524,0.0001782661
7297,2022-11-07 06:00:00,108,0,1,True,0.33715922,0.66258955,0.00025119472
183823,2022-11-03 23:00:00,93,1,1,False,0.20120823,0.79858655,0.0002051872
346637,2022-12-31 01:00:00,56,2,2,False,0.09798906,0.00048622125,0.9015247
95979,2022-11-08 04:00:00,220,2,2,False,0.04483023,0.00038270632,0.954787
112645,2022-11-17 11:00:00,243,0,0,False,0.92165655,0.07800461,0.00033889487
146872,2022-11-13 14:00:00,44,2,0,True,0.5043326,0.0008119331,0.49485543
145308,2022-11-07 22:00:00,42,2,2,False,0.38383132,0.0010096364,0.6151591
296235,2022-12-02 22:00:00,235,2,2,False,0.16558564,0.0005335305,0.83388084
344708,2022-12-09 20:00:00,54,0,0,False,0.9971003,0.0019130672,0.0009866436
216407,2022-12-11 09:00:00,133,0,0,False,0.9972103,0.001997088,0.0007926219
162103,2022-11-22 14:00:00,63,0,0,False,0.9737355,0.024268935,0.0019955598
80311,2022-11-10 20:00:00,20,1,1,False,0.0010192242,0.9989165,6.427911e-05
195972,2022-12-01 02:00:00,108,1,1,False,0.040105358,0.9597673,0.00012733354
335665,2022-12-24 12:00:00,42,2,0,True,0.9203856,0.000684083,0.07893034
68877,2022-11-11 02:00:00,186,2,2,False,0.09969092,0.000629454,0.8996796
165640,2022-11-21 00:00:00,69,1,1,False,0.16002518,0.8397827,0.00019210206
278538,2022-12-16 14:00:00,210,0,0,False,0.9926151,0.0069607594,0.00042413513
27479,2022-11-14 02:00:00,133,2,2,False,0.087691024,0.00043901856,0.91186994
100060,2022-11-29 08:00:00,225,0,0,False,0.9952996,0.0017774676,0.0029229554
15914,2022-11-08 21:00:00,119,1,1,False,0.2752201,0.7244455,0.00033442365
71537,2022-11-02 13:00:00,19,0,0,False,0.9742683,0.025238449,0.0004932315
286434,2022-12-15 03:00:00,221,2,2,False,0.033554345,0.0002517348,0.966194
318826,2022-12-12 22:00:00,265,0,0,False,0.9556045,0.044103872,0.00029161596
260193,2022-12-03 06:00:00,189,0,0,False,0.99721354,0.0024713362,0.00031514643
243394,2022-12-25 05:00:00,167,1,1,False,0.032036196,0.967654,0.00030980166
4050,2022-11-21 00:00:00,103,0,0,False,0.81190264,0.18780638,0.00029095402
96732,2022-11-09 20:00:00,221,2,2,False,0.11409046,0.00040416428,0.88550544
53778,2022-11-07 12:00:00,167,2,2,False,0.124094225,0.0006775821,0.87522817
241091,2022-12-19 07:00:00,164,0,0,False,0.98784316,0.009694037,0.0024627894
234523,2022-12-15 04:00:00,156,1,1,False,0.0010541871,0.9988681,7.777456e-05
318306,2022-12-22 05:00:00,264,0,0,False,0.9982369,0.00088230125,0.00088073045
206338,2022-12-12 10:00:00,120,0,0,False,0.9983612,0.000995609,0.00064316054
114034,2022-11-15 18:00:00,245,1,1,False,0.0010168363,0.9989141,6.8996655e-05
21939,2022-11-21 14:00:00,126,2,0,True,0.94819206,0.0005934752,0.051214483
158500,2022-11-21 10:00:00,59,1,0,True,0.53166413,0.46792784,0.00040800776
219245,2022-12-09 11:00:00,137,0,0,False,0.9973406,0.001049025,0.0016103016
88967,2022-11-14 00:00:00,210,2,2,False,0.15019093,0.000568382,0.84924066
170487,2022-11-14 10:00:00,76,1,0,True,0.5257389,0.47388157,0.0003795553
320394,2022-12-19 00:00:00,267,1,1,False,0.007345435,0.99206185,0.00059277477
41234,2022-11-21 04:00:00,150,0,0,False,0.9893833,0.0104601905,0.0001564856
148601,2022-11-26 01:00:00,46,2,2,False,0.13906655,0.0005632627,0.86037016
285918,2022-12-24 14:00:00,220,1,0,True,0.8780593,0.12152997,0.00041070904
135079,2022-11-28 16:00:00,29,1,1,False,0.0010593834,0.9988722,6.835989e-05
95817,2022-11-01 07:00:00,220,2,2,False,0.46076497,0.0010111947,0.5382238
234416,2022-12-10 17:00:00,156,1,1,False,0.0010513476,0.9988794,6.922903e-05
144331,2022-11-26 21:00:00,40,1,1,False,0.05692983,0.94291085,0.00015932399
94630,2022-11-11 15:00:00,218,1,0,True,0.88755417,0.11228312,0.00016272826
257814,2022-12-25 05:00:00,185,2,2,False,0.064432755,0.00035440404,0.9352129
71878,2022-11-16 23:00:00,19,1,0,True,0.893757,0.10585873,0.00038428698
166413,2022-11-23 10:00:00,7,1,1,False,0.12200169,0.87776333,0.00023498543
7660,2022-11-22 11:00:00,108,2,2,False,0.37744138,0.00072764565,0.621831
258674,2022-12-31 00:00:00,186,2,2,False,0.05564213,0.00034760745,0.94401026
349840,2022-12-13 09:00:00,60,0,0,False,0.99511224,0.0006646344,0.004223193
370745,2022-12-13 05:00:00,89,1,1,False,0.0010894989,0.99884087,6.964724e-05
35461,2022-11-18 23:00:00,143,1,1,False,0.0010126899,0.9989213,6.608746e-05
325009,2022-12-31 03:00:00,29,1,1,False,0.0010162484,0.9989171,6.6695204e-05
155893,2022-11-01 23:00:00,56,2,2,False,0.11785361,0.00047949745,0.8816669
77964,2022-11-02 05:00:00,198,1,1,False,0.001053687,0.99887556,7.0733804e-05
180566,2022-11-17 07:00:00,89,1,1,False,0.0010650891,0.9988422,9.271741e-05
3283,2022-11-18 20:00:00,102,0,0,False,0.9979303,0.0012108883,0.0008588019
363276,2022-12-02 10:00:00,8,1,1,False,0.2995231,0.7001865,0.00029044083
242907,2022-12-04 00:00:00,167,1,0,True,0.6216522,0.37805045,0.00029735797
39570,2022-11-11 10:00:00,149,1,0,True,0.6042087,0.39519286,0.0005983683
378707,2022-12-14 12:00:00,99,2,0,True,0.6286142,0.0011350662,0.37025076
314127,2022-12-28 08:00:00,259,0,0,False,0.9969825,0.001993174,0.0010243136
91305,2022-11-22 01:00:00,213,0,0,False,0.9980013,0.001205926,0.0007927996
20755,2022-11-01 20:00:00,125,1,1,False,0.20298637,0.796787,0.00022658076
258054,2022-12-04 06:00:00,186,2,2,False,0.09018049,0.00048415555,0.9093354
175486,2022-11-14 04:00:00,82,2,2,False,0.058169615,0.00037406865,0.94145626
236301,2022-12-30 02:00:00,158,1,1,False,0.14456514,0.8552205,0.00021433497
351180,2022-12-09 03:00:00,62,1,1,False,0.09465765,0.90517074,0.00017160647
94251,2022-11-25 15:00:00,217,1,0,True,0.95213085,0.04731659,0.00055253186
376596,2022-12-16 16:00:00,96,1,1,False,0.0010562327,0.9988802,6.3596424e-05
29960,2022-11-28 02:00:00,136,2,0,True,0.6412263,0.0009593352,0.35781437
312532,2022-12-21 23:00:00,257,0,0,False,0.9977913,0.0013620246,0.0008466634
153686,2022-11-29 09:00:00,52,1,1,False,0.34802815,0.64984244,0.0021294479
82455,2022-11-10 19:00:00,202,1,1,False,0.16531938,0.83447623,0.00020443759
69401,2022-11-03 01:00:00,187,2,0,True,0.87774235,0.00079221965,0.121465445
149803,2022-11-16 13:00:00,48,1,1,False,0.19770956,0.8019658,0.0003246837
169997,2022-11-23 19:00:00,75,2,0,True,0.9190038,0.0020037952,0.078992434
88963,2022-11-13 20:00:00,210,2,2,False,0.14863808,0.0006355645,0.85072637
356059,2022-12-02 03:00:00,7,1,1,False,0.03631312,0.9635817,0.000105136234
297132,2022-12-10 06:00:00,236,2,2,False,0.20493294,0.0006567452,0.7944103
186391,2022-11-21 16:00:00,96,1,1,False,0.0901616,0.9096351,0.0002033009
259397,2022-12-31 02:00:00,187,2,2,False,0.42352602,0.0009297054,0.57554424
85429,2022-11-15 13:00:00,206,2,2,False,0.39143777,0.00078336854,0.60777885
139013,2022-11-13 20:00:00,34,0,0,False,0.9969618,0.0021670435,0.000871128
58283,2022-11-16 13:00:00,172,2,2,False,0.17274326,0.00059376605,0.82666296
76887,2022-11-17 03:00:00,196,0,0,False,0.99864954,0.0008301505,0.00052032736
96376,2022-11-24 19:00:00,220,0,0,False,0.98435545,0.003524996,0.012119549
242892,2022-12-03 09:00:00,167,0,0,False,0.9411299,0.05864916,0.00022096766
33710,2022-11-05 12:00:00,141,1,1,False,0.49300903,0.50661176,0.00037922608
373642,2022-12-13 18:00:00,92,1,0,True,0.9939107,0.005852145,0.00023724027
42166,2022-11-30 05:00:00,151,0,0,False,0.9968832,0.0028377078,0.0002790205
119961,2022-11-24 09:00:00,252,0,2,True,0.21601526,0.0006453081,0.78333944
183217,2022-11-08 14:00:00,92,1,1,False,0.004952761,0.99478817,0.00025910398
41377,2022-11-27 03:00:00,150,1,1,False,0.024868105,0.9750172,0.0001147829
170540,2022-11-16 15:00:00,76,2,0,True,0.6063986,0.0010340927,0.39256734
324688,2022-12-16 20:00:00,29,1,1,False,0.0010391262,0.99889827,6.2564795e-05
284005,2022-12-04 01:00:00,218,1,1,False,0.024268333,0.9756025,0.00012911586
67714,2022-11-22 05:00:00,184,0,0,False,0.994356,0.0054253447,0.00021862409
176034,2022-11-07 03:00:00,83,2,2,False,0.09813007,0.00044601804,0.90142393
56621,2022-11-06 19:00:00,170,0,0,False,0.59415853,0.40533683,0.0005046394
352960,2022-12-24 03:00:00,64,1,0,True,0.76125044,0.23807931,0.0006703297
193038,2022-12-29 23:00:00,103,0,0,False,0.9937594,0.0052427347,0.0009979123
296555,2022-12-16 06:00:00,235,2,2,False,0.105254,0.0004376794,0.8943084
313759,2022-12-12 02:00:00,259,2,2,False,0.06466304,0.00033644016,0.93500054
100590,2022-11-21 15:00:00,226,2,0,True,0.96873033,0.0007113808,0.030558258
205396,2022-12-03 05:00:00,12,1,0,True,0.9383798,0.06130687,0.0003132915
47864,2022-11-29 07:00:00,159,0,0,False,0.92531204,0.07431277,0.00037517937
267665,2022-12-14 04:00:00,198,1,1,False,0.038051877,0.96184486,0.00010323576
44843,2022-11-22 14:00:00,155,2,0,True,0.9102254,0.0014229094,0.08835173
162064,2022-11-20 23:00:00,63,0,0,False,0.98959714,0.008704427,0.0016985026
334139,2022-12-21 00:00:00,40,0,0,False,0.99624616,0.0026696585,0.0010841312
378064,2022-12-18 03:00:00,98,0,0,False,0.7931943,0.20621195,0.00059376546
120445,2022-11-14 18:00:00,253,0,1,True,0.19940169,0.8003741,0.0002242073
63065,2022-11-07 04:00:00,179,2,2,False,0.08228082,0.00041978183,0.91729945
330452,2022-12-16 16:00:00,36,0,0,False,0.99497837,0.0028156391,0.0022059323
214045,2022-12-03 02:00:00,130,0,0,False,0.9980708,0.001250648,0.00067861006
95975,2022-11-08 00:00:00,220,2,0,True,0.61379695,0.0016760912,0.384527
87113,2022-11-26 03:00:00,208,0,0,False,0.98645675,0.012772931,0.000770314
261203,2022-12-15 07:00:00,19,1,1,False,0.115650274,0.8841366,0.00021311277
212056,2022-12-10 08:00:00,128,0,0,False,0.99050725,0.0007859322,0.008706834
233482,2022-12-01 20:00:00,155,0,0,False,0.71722627,0.28246891,0.00030482025
115029,2022-11-27 10:00:00,246,1,0,True,0.96407115,0.035616025,0.00031277636
147926,2022-11-27 17:00:00,45,0,0,False,0.9846022,0.008492043,0.0069057145
105680,2022-11-25 04:00:00,233,2,2,False,0.023157306,0.00021749524,0.9766252
178796,2022-11-03 01:00:00,87,1,1,False,0.011629596,0.9882786,9.172776e-05
177355,2022-11-02 11:00:00,85,2,2,False,0.120652564,0.00051227637,0.87883514
170885,2022-11-01 00:00:00,77,0,0,False,0.99430734,0.005372686,0.00032004292
176109,2022-11-10 08:00:00,83,1,1,False,0.20171557,0.7979782,0.0003062042
173265,2022-11-11 00:00:00,8,1,1,False,0.14972875,0.85003674,0.00023446616
144009,2022-11-13 11:00:00,40,2,0,True,0.88406825,0.00080417405,0.11512761
354192,2022-12-14 11:00:00,66,2,0,True,0.52231866,0.0010584268,0.4766229
121388,2022-11-24 06:00:00,254,0,0,False,0.9924109,0.0071374406,0.00045170364
282671,2022-12-08 13:00:00,216,0,0,False,0.9973018,0.0024204776,0.000277729
27082,2022-11-27 08:00:00,132,0,0,False,0.99794894,0.0013056995,0.00074538373
250154,2022-12-05 13:00:00,176,0,0,False,0.9979911,0.0010534584,0.0009554594
89496,2022-11-06 04:00:00,211,1,0,True,0.958652,0.041219342,0.00012857109
116110,2022-11-12 21:00:00,248,0,0,False,0.99777895,0.00066438864,0.0015566888
69589,2022-11-10 23:00:00,187,2,2,False,0.108153716,0.00048513792,0.8913612
146544,2022-11-29 17:00:00,43,0,0,False,0.8974876,0.0016708077,0.10084168
366532,2022-12-18 07:00:00,83,2,2,False,0.100106545,0.00051168085,0.8993817
91086,2022-11-12 22:00:00,213,0,0,False,0.9902278,0.009220136,0.0005520793
173388,2022-11-16 03:00:00,8,1,1,False,0.10832516,0.89144266,0.00023216677
27753,2022-11-25 12:00:00,133,0,0,False,0.9930876,0.006009673,0.0009027711
36382,2022-11-27 13:00:00,144,0,0,False,0.99788564,0.0015676374,0.0005467511
292698,2022-12-05 18:00:00,230,0,0,False,0.9977424,0.0011254228,0.0011322092
162624,2022-11-14 12:00:00,64,2,0,True,0.93403035,0.0019612275,0.06400842
234358,2022-12-08 07:00:00,156,1,1,False,0.001042092,0.9988721,8.573171e-05
375757,2022-12-11 18:00:00,95,0,0,False,0.9931219,0.006583711,0.00029437692
362259,2022-12-21 01:00:00,78,0,0,False,0.99566746,0.0019243628,0.002408153
171729,2022-11-06 12:00:00,78,1,1,False,0.22240505,0.77726144,0.00033348383
102061,2022-11-23 08:00:00,228,2,0,True,0.635156,0.00081570377,0.36402828
115873,2022-11-02 22:00:00,248,1,1,False,0.22107859,0.778633,0.00028837527
365915,2022-12-23 04:00:00,82,2,2,False,0.07282795,0.00045158996,0.9267205
208681,2022-12-20 20:00:00,123,0,0,False,0.9959317,0.0028610937,0.0012072664
190074,2022-12-26 15:00:00,10,2,2,False,0.36918893,0.0007549307,0.63005614
278706,2022-12-24 12:00:00,210,0,0,False,0.98318636,0.016509857,0.0003037347
81141,2022-11-15 15:00:00,200,0,0,False,0.95755094,0.042062867,0.00038617445
363983,2022-12-01 20:00:00,80,2,2,False,0.25965205,0.00068886456,0.7396591
269786,2022-12-12 10:00:00,20,1,1,False,0.0010653471,0.99885976,7.486494e-05
117396,2022-11-06 19:00:00,25,0,0,False,0.9918069,0.0065956837,0.0015974088
104794,2022-11-18 01:00:00,232,2,2,False,0.073484614,0.00044976152,0.9260656
294030,2022-12-01 04:00:00,232,2,2,False,0.036384117,0.00035468632,0.9632612
251753,2022-12-12 02:00:00,178,2,2,False,0.069380514,0.00031469372,0.9303048
186481,2022-11-25 10:00:00,96,0,0,False,0.9969092,0.0018705411,0.0012203096
172483,2022-11-08 03:00:00,79,2,2,False,0.07522531,0.00043649875,0.92433816
206042,2022-12-31 01:00:00,12,1,0,True,0.96983284,0.029819775,0.00034733696
292157,2022-12-13 06:00:00,229,0,0,False,0.9981713,0.00126273,0.0005659201
330468,2022-12-17 17:00:00,36,2,0,True,0.8841778,0.0014714809,0.11435066
221434,2022-12-10 13:00:00,14,2,2,False,0.1300094,0.0004905519,0.86950004
110761,2022-11-28 08:00:00,240,0,0,False,0.69080144,0.30882522,0.00037332546
323813,2022-12-10 10:00:00,28,1,1,False,0.0010345386,0.9988986,6.68206e-05
60346,2022-11-13 03:00:00,175,2,2,False,0.16108729,0.00073177577,0.83818096
225886,2022-12-15 19:00:00,145,1,0,True,0.8613926,0.1381458,0.00046158143
259233,2022-12-24 06:00:00,187,2,2,False,0.24455051,0.0006198932,0.75482965
103748,2022-11-04 04:00:00,231,2,2,False,0.029594969,0.00026204903,0.97014296
140898,2022-11-02 22:00:00,37,1,1,False,0.090181686,0.90962785,0.00019048178
135164,2022-11-02 05:00:00,3,1,1,False,0.105124116,0.8947042,0.00017167468
289024,2022-12-02 21:00:00,225,1,0,True,0.72008014,0.2796943,0.00022554764
12130,2022-11-29 23:00:00,113,1,1,False,0.033695526,0.96617436,0.00013015525
42015,2022-11-23 22:00:00,151,1,1,False,0.20996405,0.78978,0.00025589918
329424,2022-12-03 21:00:00,35,1,1,False,0.0038452302,0.99601763,0.00013715644
85220,2022-11-06 18:00:00,206,0,0,False,0.94481075,0.054906316,0.00028290943
90853,2022-11-03 03:00:00,213,2,2,False,0.44298148,0.0011055764,0.555913
174557,2022-11-05 04:00:00,81,2,2,False,0.07846135,0.0005010916,0.9210375
95812,2022-11-01 02:00:00,220,2,0,True,0.97473246,0.0014097654,0.023857761
245895,2022-12-08 08:00:00,170,0,0,False,0.9654345,0.034045413,0.0005200839
349544,2022-12-01 01:00:00,60,0,0,False,0.99700004,0.0026942615,0.0003056513
365483,2022-12-04 06:00:00,82,2,2,False,0.04603619,0.00028692893,0.95367694
78013,2022-11-04 09:00:00,198,0,0,False,0.97435874,0.024830092,0.0008111591
243656,2022-12-05 04:00:00,168,2,2,False,0.09972176,0.00042758635,0.8998506
290594,2022-12-08 05:00:00,227,2,2,False,0.022072712,0.00020448273,0.97772276
142040,2022-11-20 19:00:00,38,2,2,False,0.32393426,0.0007645501,0.6753012
361375,2022-12-13 08:00:00,77,0,0,False,0.9940252,0.0036839906,0.002290854
245846,2022-12-06 07:00:00,170,0,0,False,0.9963218,0.0015439376,0.0021342903
122236,2022-11-29 19:00:00,256,0,0,False,0.75508106,0.24445266,0.00046622832
26817,2022-11-16 07:00:00,132,2,0,True,0.81533146,0.00064926164,0.18401924
9205,2022-11-27 06:00:00,11,0,0,False,0.97653586,0.02328921,0.00017491107
294802,2022-12-03 07:00:00,233,2,2,False,0.34462947,0.0006436732,0.65472686
3864,2022-11-13 06:00:00,103,0,0,False,0.9981838,0.0011994265,0.0006168007
148452,2022-11-19 20:00:00,46,2,2,False,0.37495297,0.00073063903,0.6243164
223507,2022-12-06 19:00:00,142,1,1,False,0.0010680527,0.9988637,6.821318e-05
45664,2022-11-27 00:00:00,156,1,1,False,0.001092309,0.99884135,6.638973e-05
99311,2022-11-27 22:00:00,224,0,0,False,0.9343096,0.0010532455,0.06463716
163516,2022-11-21 21:00:00,65,0,0,False,0.9677953,0.031921137,0.0002835154
211790,2022-12-30 05:00:00,127,0,0,False,0.99120027,0.00040050645,0.0083993
272876,2022-12-21 22:00:00,203,0,0,False,0.95615894,0.04345843,0.0003826496
137788,2022-11-22 09:00:00,32,0,0,False,0.8793844,0.0049935747,0.11562206
96741,2022-11-10 05:00:00,221,2,2,False,0.043021213,0.00029598444,0.9566828
104677,2022-11-13 04:00:00,232,2,2,False,0.070510566,0.00044198398,0.9290474
224238,2022-12-07 05:00:00,143,1,1,False,0.0010679186,0.99885833,7.38108e-05
14456,2022-11-07 15:00:00,117,0,0,False,0.9606917,0.038897093,0.00041126902
23187,2022-11-14 00:00:00,128,2,2,False,0.17946355,0.00059736625,0.8199391
78001,2022-11-03 21:00:00,198,0,0,False,0.9926399,0.0071361368,0.00022396036
9017,2022-11-19 10:00:00,11,0,0,False,0.9960983,0.0012145647,0.0026871103
362103,2022-12-13 15:00:00,78,0,0,False,0.99790657,0.0013222704,0.00077122496
303626,2022-12-10 11:00:00,245,1,1,False,0.0010426586,0.9988883,6.9097594e-05
229867,2022-12-01 10:00:00,150,0,0,False,0.76031506,0.23934285,0.0003420491
47047,2022-11-25 01:00:00,158,1,0,True,0.7942374,0.20547171,0.00029090903
116043,2022-11-10 02:00:00,248,0,0,False,0.99845815,0.00085877447,0.0006831192
113386,2022-11-18 13:00:00,244,0,0,False,0.9929444,0.0030302433,0.0040253093
220648,2022-12-07 20:00:00,139,0,0,False,0.95858306,0.0402592,0.0011577774
290849,2022-12-19 16:00:00,227,2,0,True,0.5260584,0.0008806501,0.47306097
254414,2022-12-02 19:00:00,181,0,0,False,0.98532933,0.0009058383,0.013764868
98832,2022-11-07 21:00:00,224,2,2,False,0.17711923,0.0007594088,0.8221213
174507,2022-11-03 02:00:00,81,2,2,False,0.06391356,0.00043137578,0.93565506
221671,2022-12-21 08:00:00,14,1,0,True,0.96105224,0.0382798,0.00066796696
234278,2022-12-04 23:00:00,156,1,1,False,0.001059629,0.9988733,6.700619e-05
106608,2022-11-04 04:00:00,235,2,2,False,0.028839855,0.0002647231,0.9708954
102173,2022-11-28 00:00:00,228,0,0,False,0.98662543,0.013199145,0.00017538383
361081,2022-12-01 02:00:00,77,0,0,False,0.96994036,0.0006052904,0.029454341
145238,2022-11-05 00:00:00,42,2,2,False,0.16013998,0.0005188886,0.83934116
335111,2022-12-31 11:00:00,41,1,0,True,0.9418762,0.057781167,0.0003427144
332295,2022-12-03 08:00:00,39,2,2,False,0.46439475,0.000770432,0.5348348
223677,2022-12-13 21:00:00,142,1,1,False,0.0010677669,0.99886787,6.440718e-05
171194,2022-11-14 02:00:00,77,2,2,False,0.06707081,0.00046945384,0.9324597
197024,2022-12-14 21:00:00,109,0,0,False,0.98416084,0.0016295393,0.014209633
9586,2022-11-13 08:00:00,110,0,1,True,0.21455415,0.7852122,0.00023362896
15863,2022-11-06 16:00:00,119,0,0,False,0.97757393,0.022063797,0.00036230843
70393,2022-11-14 16:00:00,188,2,0,True,0.74700326,0.000848917,0.25214782
213508,2022-12-10 18:00:00,13,0,0,False,0.99303985,0.0028954942,0.004064652
294535,2022-12-23 03:00:00,232,2,2,False,0.06601105,0.0004008339,0.9335881
336240,2022-12-17 21:00:00,43,2,2,False,0.1877761,0.0006201368,0.8116037
10317,2022-11-14 00:00:00,111,1,1,False,0.11008946,0.88966286,0.00024764406
137012,2022-11-19 20:00:00,31,2,2,False,0.15758182,0.00059284875,0.84182537
52625,2022-11-19 03:00:00,165,1,1,False,0.024442213,0.97525615,0.00030168216
144901,2022-11-20 20:00:00,41,0,0,False,0.98980975,0.0050356956,0.0051545314
113209,2022-11-11 04:00:00,244,2,0,True,0.6808201,0.0014731934,0.3177067
313535,2022-12-02 18:00:00,259,0,0,False,0.99642915,0.0027909016,0.00077994645
356162,2022-12-06 10:00:00,7,0,0,False,0.98800176,0.011589662,0.00040865308
144355,2022-11-27 21:00:00,40,1,1,False,0.1863956,0.8133804,0.00022393349
175553,2022-11-16 23:00:00,82,0,0,False,0.9966059,0.002964353,0.0004297721
80449,2022-11-16 14:00:00,20,1,1,False,0.0010615368,0.99886876,6.961493e-05
374521,2022-12-21 06:00:00,93,0,0,False,0.9965976,0.0028160622,0.00058632635
101079,2022-11-12 05:00:00,227,2,2,False,0.021108586,0.00021753988,0.9786739
95028,2022-11-28 05:00:00,218,0,0,False,0.9932287,0.006636305,0.00013497696
14039,2022-11-20 03:00:00,116,0,0,False,0.99822026,0.000873218,0.00090650364
273070,2022-12-30 00:00:00,203,0,0,False,0.9913474,0.008473776,0.0001789082
112564,2022-11-14 02:00:00,243,2,2,False,0.027554277,0.00023733565,0.97220844
242033,2022-12-28 14:00:00,165,0,1,True,0.23784748,0.76127106,0.0008814764
356750,2022-12-31 20:00:00,7,1,1,False,0.3182554,0.68149084,0.00025373077
309987,2022-12-05 03:00:00,253,0,0,False,0.99843436,0.0006150791,0.00095059845
2815,2022-11-29 03:00:00,101,0,0,False,0.9984509,0.0012005613,0.00034857666
60848,2022-11-04 04:00:00,176,2,2,False,0.06618839,0.0003943053,0.93341726
72624,2022-11-18 06:00:00,190,0,0,False,0.9975382,0.0018135862,0.00064815936
302521,2022-12-25 10:00:00,243,0,0,False,0.99639386,0.0012188045,0.0023873504
65731,2022-11-28 23:00:00,181,2,0,True,0.6891811,0.0010638994,0.30975506
180538,2022-11-16 03:00:00,89,1,1,False,0.0010726202,0.9988481,7.9324025e-05
48209,2022-11-13 21:00:00,16,1,1,False,0.0011434874,0.9987863,7.024618e-05
363609,2022-12-16 07:00:00,8,0,1,True,0.3185323,0.6811719,0.0002958245
254277,2022-12-28 01:00:00,180,0,0,False,0.99825877,0.0007201885,0.0010210453
291856,2022-12-31 16:00:00,228,0,0,False,0.99680555,0.0029947688,0.00019973531
100106,2022-11-01 06:00:00,226,2,2,False,0.10390128,0.00053006917,0.89556867
45590,2022-11-23 22:00:00,156,0,0,False,0.7755078,0.22426125,0.00023099914
347355,2022-12-30 22:00:00,57,2,2,False,0.2471039,0.0008003185,0.7520958
73945,2022-11-13 17:00:00,192,0,0,False,0.5719585,0.4277121,0.00032937925
288068,2022-12-24 01:00:00,223,2,0,True,0.83683383,0.0005574815,0.16260871
309057,2022-12-27 09:00:00,251,0,0,False,0.9974456,0.0011484092,0.0014060261
258050,2022-12-04 02:00:00,186,2,2,False,0.07150297,0.00040671838,0.9280903
51623,2022-11-07 02:00:00,164,1,1,False,0.093789026,0.90607744,0.00013358417
367458,2022-12-27 09:00:00,84,0,0,False,0.99670464,0.0019645584,0.0013308304
101734,2022-11-09 17:00:00,228,2,2,False,0.24228036,0.0006263619,0.7570933
73809,2022-11-07 23:00:00,192,2,0,True,0.5425657,0.0010478348,0.45638645
242425,2022-12-13 23:00:00,166,1,1,False,0.07939256,0.9202433,0.00036412608
223462,2022-12-04 22:00:00,142,1,1,False,0.0010765913,0.99885666,6.675684e-05
187460,2022-11-06 13:00:00,98,0,0,False,0.90627176,0.093489185,0.00023904191
235528,2022-12-27 22:00:00,157,2,0,True,0.87378824,0.0013142406,0.12489754
41503,2022-11-02 09:00:00,151,2,2,False,0.10171047,0.0006613262,0.8976281
223958,2022-12-26 12:00:00,142,1,1,False,0.001123883,0.998808,6.810102e-05
240464,2022-12-23 07:00:00,163,1,1,False,0.13405609,0.86565197,0.0002919389
365628,2022-12-10 07:00:00,82,2,2,False,0.46998227,0.00083239353,0.52918535
360778,2022-12-19 08:00:00,76,0,0,False,0.8895754,0.10983789,0.00058668427
232966,2022-12-10 09:00:00,154,0,0,False,0.99804807,0.0011207681,0.00083121937
35349,2022-11-14 07:00:00,143,1,1,False,0.0010762432,0.9988556,6.81528e-05
56920,2022-11-19 08:00:00,170,0,0,False,0.8380287,0.16155988,0.00041136154
95404,2022-11-14 02:00:00,219,1,1,False,0.030612893,0.96925384,0.00013330785
189157,2022-12-17 22:00:00,1,1,1,False,0.0027740684,0.99704933,0.00017653318
345368,2022-12-07 07:00:00,55,1,0,True,0.876763,0.12306317,0.00017387046
352886,2022-12-21 01:00:00,64,1,1,False,0.15203814,0.84685475,0.0011070687
331424,2022-12-28 01:00:00,37,0,0,False,0.98303497,0.016725527,0.00023949554
203100,2022-12-28 15:00:00,116,0,0,False,0.99458873,0.001465759,0.00394553
272727,2022-12-14 19:00:00,203,1,1,False,0.089382455,0.9104861,0.00013145227
65052,2022-11-30 11:00:00,180,1,0,True,0.57350343,0.42621684,0.00027973243
241404,2022-12-01 11:00:00,165,2,2,False,0.10691975,0.0017583169,0.89132196
166088,2022-11-09 21:00:00,7,1,1,False,0.14610027,0.85374516,0.00015456082
93592,2022-11-27 23:00:00,216,0,0,False,0.9720908,0.027741201,0.00016798079
114275,2022-11-25 19:00:00,245,1,1,False,0.0010484956,0.998889,6.2473526e-05
154160,2022-11-19 08:00:00,53,0,0,False,0.9964706,0.0025187535,0.0010106439
69525,2022-11-08 05:00:00,187,2,2,False,0.069985144,0.00050114933,0.9295137
171330,2022-11-19 18:00:00,77,2,2,False,0.44676208,0.0007682075,0.5524697
313418,2022-12-28 20:00:00,258,0,0,False,0.9928848,0.006757826,0.0003572821
77476,2022-11-11 21:00:00,197,0,0,False,0.9628998,0.036777794,0.00032243336
224032,2022-12-29 14:00:00,142,1,1,False,0.0011281107,0.99880135,7.0474445e-05
162694,2022-11-17 10:00:00,64,2,2,False,0.10378971,0.00049609155,0.8957142
290967,2022-12-24 16:00:00,227,2,0,True,0.569141,0.0008738978,0.42998517
291024,2022-12-27 01:00:00,227,2,2,False,0.066644,0.00038959683,0.9329664
305333,2022-12-22 10:00:00,247,1,1,False,0.2968132,0.7028627,0.00032411964
194703,2022-12-08 07:00:00,106,0,0,False,0.9932268,0.00057991425,0.0061933217
170669,2022-11-22 00:00:00,76,0,0,False,0.9958455,0.0006545641,0.0034999326
371009,2022-12-25 03:00:00,89,1,1,False,0.0010539803,0.99887353,7.25002e-05
243918,2022-12-16 02:00:00,168,2,2,False,0.074551255,0.00046864126,0.92498004
331342,2022-12-24 15:00:00,37,1,1,False,0.0011097151,0.9988133,7.697545e-05
99143,2022-11-20 22:00:00,224,2,2,False,0.45646802,0.0006695699,0.5428624
324045,2022-12-21 00:00:00,28,1,1,False,0.0029845396,0.996831,0.00018447828
9636,2022-11-15 10:00:00,110,2,2,False,0.19350462,0.00067019433,0.8058252
140272,2022-11-06 15:00:00,36,2,2,False,0.29003978,0.0007465471,0.7092137
15986,2022-11-11 21:00:00,119,1,1,False,0.28466088,0.7151341,0.00020501608
24280,2022-11-29 18:00:00,129,2,0,True,0.966296,0.0020936814,0.031610336
147002,2022-11-19 00:00:00,44,2,2,False,0.12349247,0.0005119036,0.87599564
101002,2022-11-09 00:00:00,227,2,2,False,0.06371179,0.00038576918,0.9359025
92223,2022-11-30 12:00:00,214,1,1,False,0.1829434,0.8168532,0.00020335923
231808,2022-12-23 03:00:00,152,0,0,False,0.80657256,0.19309525,0.0003321825
106579,2022-11-02 23:00:00,235,2,2,False,0.1837104,0.0006439992,0.8156456
284457,2022-12-23 19:00:00,218,1,1,False,0.004215437,0.9956542,0.00013032749
314611,2022-12-17 22:00:00,26,0,0,False,0.9547366,0.0009597469,0.044303656
288769,2022-12-23 05:00:00,224,2,2,False,0.18687725,0.0007247373,0.812398
39242,2022-11-27 13:00:00,148,0,0,False,0.97112525,0.02870293,0.0001717737
37151,2022-11-29 19:00:00,145,1,0,True,0.6959083,0.30313164,0.00096009375
207503,2022-12-31 20:00:00,121,2,2,False,0.103939965,0.00041595087,0.89564407
326967,2022-12-22 14:00:00,31,0,0,False,0.9938186,0.0046281866,0.0015531933
21531,2022-11-04 12:00:00,126,0,0,False,0.95707345,0.042087533,0.00083907344
323636,2022-12-03 01:00:00,28,1,1,False,0.0009890504,0.99894744,6.355039e-05
109286,2022-11-26 11:00:00,238,0,0,False,0.998403,0.000825673,0.00077131024
102651,2022-11-18 03:00:00,229,1,1,False,0.09183938,0.9079892,0.00017147674
165724,2022-11-24 12:00:00,69,2,0,True,0.6286916,0.0010799477,0.37022844
136363,2022-11-22 14:00:00,30,2,2,False,0.4039635,0.00082283816,0.59521365
24719,2022-11-18 06:00:00,13,1,1,False,0.08962975,0.9102322,0.0001380418
111933,2022-11-17 14:00:00,242,0,0,False,0.996653,0.0025156809,0.00083130045
374947,2022-12-08 01:00:00,94,1,1,False,0.03240954,0.9674622,0.0001283001
335793,2022-12-29 20:00:00,42,0,0,False,0.97780734,0.02099218,0.0012004836
7902,2022-11-02 13:00:00,109,2,2,False,0.21457157,0.0007120459,0.78471637
84152,2022-11-21 22:00:00,204,2,2,False,0.13774621,0.00060183404,0.8616519
68331,2022-11-18 03:00:00,185,2,2,False,0.03300061,0.0003035799,0.9666958
189476,2022-12-31 18:00:00,1,1,1,False,0.0010704688,0.9988631,6.642291e-05
251443,2022-12-30 03:00:00,177,0,0,False,0.993274,0.006398464,0.00032760025
198875,2022-12-01 21:00:00,111,1,1,False,0.07834879,0.92137116,0.00028006817
330036,2022-12-30 07:00:00,35,1,0,True,0.9833777,0.016303442,0.0003188706
106130,2022-11-14 03:00:00,234,2,2,False,0.023004904,0.00022516487,0.97677
218348,2022-12-02 03:00:00,136,2,0,True,0.94314396,0.00071516243,0.05614084
294509,2022-12-22 01:00:00,232,2,0,True,0.61262727,0.0011853565,0.3861874
257816,2022-12-25 07:00:00,185,2,2,False,0.21033084,0.00049329275,0.78917587
295481,2022-12-01 13:00:00,234,1,0,True,0.74640596,0.25333464,0.00025940847
203499,2022-12-14 07:00:00,117,0,0,False,0.9801922,0.019480137,0.000327699
69609,2022-11-11 19:00:00,187,2,0,True,0.6317833,0.0009624256,0.36725423
303403,2022-12-01 04:00:00,245,1,1,False,0.0010432374,0.99888533,7.139079e-05
164951,2022-11-22 02:00:00,67,0,0,False,0.9966629,0.0031092607,0.00022777641
100195,2022-11-05 02:00:00,226,0,0,False,0.99696964,0.00051614334,0.0025143018
321043,2022-12-15 04:00:00,268,0,0,False,0.9920895,0.006456619,0.0014538383
305349,2022-12-23 02:00:00,247,0,0,False,0.9959216,0.0037617385,0.00031659257
244361,2022-12-04 12:00:00,169,1,1,False,0.2918069,0.7079244,0.00026862798
364006,2022-12-02 19:00:00,80,2,0,True,0.8914704,0.00073960517,0.10779002
360492,2022-12-06 14:00:00,76,0,0,False,0.99771106,0.0019799634,0.00030902322
348235,2022-12-06 14:00:00,59,2,2,False,0.17438233,0.0006722597,0.8249454
140926,2022-11-04 02:00:00,37,1,1,False,0.038851723,0.9610469,0.000101392696
154783,2022-11-15 12:00:00,54,0,0,False,0.99642545,0.0028594208,0.0007150799
365459,2022-12-03 06:00:00,82,2,2,False,0.33213165,0.00083145034,0.66703683
175790,2022-11-26 20:00:00,82,0,0,False,0.99030685,0.0032213132,0.006471874
198058,2022-12-28 20:00:00,11,1,1,False,0.27061534,0.72915125,0.0002333938
138506,2022-11-22 12:00:00,33,0,0,False,0.9769449,0.0008426708,0.02221234
190937,2022-12-01 14:00:00,101,1,1,False,0.30860817,0.6911452,0.0002466297
361144,2022-12-03 17:00:00,77,0,0,False,0.9585817,0.040987436,0.0004308472
289681,2022-12-31 04:00:00,225,0,0,False,0.9979808,0.0014640526,0.0005552491
69153,2022-11-22 14:00:00,186,0,0,False,0.9609844,0.03871664,0.00029894788
94050,2022-11-17 06:00:00,217,0,0,False,0.9878925,0.011918956,0.00018850848
249657,2022-12-14 21:00:00,175,0,0,False,0.9775737,0.022165382,0.00026087477
251632,2022-12-07 01:00:00,178,0,0,False,0.9977622,0.0020267637,0.00021101744
303517,2022-12-05 22:00:00,245,1,1,False,0.0010050082,0.99893063,6.437683e-05
62610,2022-11-18 02:00:00,178,2,2,False,0.06873822,0.00037739702,0.9308844
20950,2022-11-10 04:00:00,125,0,0,False,0.99596786,0.0005649086,0.003467212
168341,2022-11-14 09:00:00,73,2,0,True,0.6942384,0.0010334129,0.30472818
124836,2022-11-18 23:00:00,26,2,2,False,0.18094426,0.00070303783,0.8183527
306677,2022-12-17 19:00:00,249,1,1,False,0.3336228,0.6660933,0.00028385184
935,2022-11-10 09:00:00,10,0,0,False,0.97665775,0.022756023,0.00058628694
70697,2022-11-27 08:00:00,188,2,0,True,0.7639446,0.00070604926,0.23534931
142057,2022-11-21 12:00:00,38,0,0,False,0.99210644,0.0025838446,0.0053097424
332294,2022-12-03 07:00:00,39,2,0,True,0.8789799,0.0007207077,0.120299414
131593,2022-11-02 09:00:00,269,2,2,False,0.09978551,0.00070013263,0.8995143
190073,2022-12-26 14:00:00,10,2,2,False,0.48428217,0.00077404274,0.5149438
113649,2022-11-29 12:00:00,244,0,0,False,0.9158816,0.08355221,0.0005662355
144837,2022-11-18 04:00:00,41,2,2,False,0.10769191,0.00060144375,0.89170665
36010,2022-11-12 01:00:00,144,0,0,False,0.99601763,0.0037767394,0.00020565503
145335,2022-11-09 03:00:00,42,2,2,False,0.037998118,0.00040695,0.96159494
2142,2022-11-30 21:00:00,100,1,1,False,0.073047064,0.9268065,0.00014642329
105720,2022-11-26 20:00:00,233,2,0,True,0.8118474,0.0006154826,0.18753716
105985,2022-11-08 00:00:00,234,2,0,True,0.52474886,0.0011282511,0.47412288
104418,2022-11-02 04:00:00,232,2,2,False,0.42177716,0.00077840924,0.57744443
373112,2022-12-22 15:00:00,91,0,0,False,0.99308795,0.004587022,0.0023250175
226944,2022-12-30 18:00:00,146,0,0,False,0.98897374,0.0006871581,0.010339028
235301,2022-12-17 22:00:00,157,0,0,False,0.99023366,0.0047801575,0.0049861544
97095,2022-11-24 23:00:00,221,2,2,False,0.08212712,0.00038573128,0.91748714
80628,2022-11-24 01:00:00,20,1,1,False,0.0010763798,0.99884796,7.5652104e-05
302813,2022-12-06 15:00:00,244,2,2,False,0.2836418,0.0006418934,0.7157163
66084,2022-11-13 21:00:00,182,0,0,False,0.9897279,0.0010639369,0.009208129
50302,2022-11-11 17:00:00,162,1,1,False,0.19688556,0.8027149,0.00039955194
149136,2022-11-18 13:00:00,47,1,1,False,0.34498212,0.6546995,0.00031838397
268571,2022-12-22 19:00:00,199,0,0,False,0.99183065,0.0022366801,0.0059326407
215299,2022-12-26 05:00:00,131,0,0,False,0.9982988,0.0010681748,0.00063304167
327917,2022-12-01 04:00:00,33,1,1,False,0.082785375,0.9170646,0.00015007582
202525,2022-12-03 18:00:00,116,0,0,False,0.9970385,0.0007471269,0.002214365
322505,2022-12-16 00:00:00,27,0,0,False,0.9743025,0.025472531,0.00022503044
125983,2022-11-07 02:00:00,261,0,0,False,0.9598928,0.0399467,0.00016049076
256614,2022-12-04 08:00:00,184,2,2,False,0.09632515,0.0004304664,0.9032443
47285,2022-11-05 02:00:00,159,1,1,False,0.054315653,0.9455723,0.00011203116
284914,2022-12-11 21:00:00,219,2,2,False,0.17738597,0.00054444274,0.8220695
209350,2022-12-18 03:00:00,124,1,1,False,0.22468832,0.774859,0.0004526754
363283,2022-12-02 17:00:00,8,0,0,False,0.9695581,0.02753695,0.0029049248
48480,2022-11-25 04:00:00,16,1,1,False,0.0011925969,0.998733,7.440003e-05
323818,2022-12-10 15:00:00,28,1,1,False,0.0010420971,0.99888366,7.41925e-05
167004,2022-11-18 06:00:00,71,0,0,False,0.99078673,0.0012011768,0.008012055
305501,2022-12-29 10:00:00,247,1,0,True,0.6900428,0.30961066,0.0003465594
96092,2022-11-12 23:00:00,220,2,2,False,0.32413957,0.00065261044,0.6752078
38437,2022-11-23 19:00:00,147,1,1,False,0.42480224,0.57481676,0.0003809747
246449,2022-12-01 09:00:00,171,1,1,False,0.35090852,0.64875656,0.00033488264
19455,2022-11-07 09:00:00,123,0,0,False,0.9549464,0.0011020869,0.04395153
311956,2022-12-28 00:00:00,256,0,0,False,0.9925287,0.0073006083,0.00017070965
112563,2022-11-14 01:00:00,243,2,2,False,0.04081389,0.00030285967,0.9588833
350927,2022-12-29 13:00:00,61,0,0,False,0.9848802,0.014668613,0.00045113463
226794,2022-12-24 12:00:00,146,0,0,False,0.9967933,0.0027714816,0.00043521076
221085,2022-12-26 23:00:00,139,0,0,False,0.99246126,0.0069917925,0.0005469125
220393,2022-12-28 04:00:00,138,0,0,False,0.9351755,0.06467445,0.0001500647
103131,2022-11-08 06:00:00,230,2,2,False,0.1180721,0.0005416701,0.8813863
241448,2022-12-03 07:00:00,165,1,1,False,0.06884894,0.9306018,0.0005493208
131159,2022-11-14 07:00:00,268,0,0,False,0.9347708,0.06501038,0.00021877392
96392,2022-11-25 11:00:00,220,1,1,False,0.2925502,0.7071361,0.00031370547
103601,2022-11-27 22:00:00,230,2,0,True,0.5711834,0.00061941816,0.42819718
298616,2022-12-12 00:00:00,238,0,0,False,0.98336476,0.0004483563,0.016186912
335477,2022-12-15 18:00:00,42,0,0,False,0.96824586,0.02723466,0.004519505
82339,2022-11-05 21:00:00,202,1,1,False,0.16065672,0.8391848,0.00015850125
176832,2022-11-10 16:00:00,84,2,0,True,0.7705674,0.001435671,0.2279969
366632,2022-12-23 00:00:00,83,2,0,True,0.7035399,0.0011418158,0.2953183
314579,2022-12-16 05:00:00,26,1,1,False,0.10157742,0.8982659,0.00015670576
25632,2022-11-26 12:00:00,130,1,1,False,0.30262527,0.6971389,0.00023584464
291407,2022-12-12 01:00:00,228,2,2,False,0.033862513,0.0002831711,0.96585435
281038,2022-12-31 13:00:00,213,1,1,False,0.26130745,0.7384239,0.00026871497
360017,2022-12-16 20:00:00,75,0,0,False,0.9960062,0.002121736,0.0018721246
183358,2022-11-14 11:00:00,92,2,2,False,0.25332788,0.0006934677,0.7459787
200236,2022-12-29 11:00:00,112,0,0,False,0.99020606,0.008029922,0.0017639447
283524,2022-12-14 01:00:00,217,0,0,False,0.99257576,0.007281617,0.00014264384
329414,2022-12-03 11:00:00,35,1,1,False,0.0039100545,0.99594104,0.00014893209
119451,2022-11-03 01:00:00,252,1,1,False,0.036574956,0.96326756,0.00015747202
129256,2022-11-24 09:00:00,265,0,0,False,0.9766416,0.005569769,0.017788662
15496,2022-11-21 06:00:00,118,0,0,False,0.9949706,0.0047429805,0.00028639127
359837,2022-12-09 08:00:00,75,0,0,False,0.9939756,0.0047274004,0.0012970024
22698,2022-11-23 10:00:00,127,0,0,False,0.98889214,0.010282881,0.0008249381
1530,2022-11-05 07:00:00,100,1,1,False,0.14797789,0.85176945,0.00025267218
290443,2022-12-01 22:00:00,227,2,2,False,0.07769547,0.00041096978,0.92189354
80541,2022-11-20 10:00:00,20,1,1,False,0.0010581024,0.99887437,6.753193e-05
110688,2022-11-25 07:00:00,240,1,1,False,0.272897,0.72686356,0.00023939772
141730,2022-11-07 19:00:00,38,1,0,True,0.8616196,0.13779512,0.00058529363
160034,2022-11-25 18:00:00,60,2,2,False,0.14299755,0.00062167255,0.8563808
150785,2022-11-27 16:00:00,49,1,1,False,0.31743532,0.68181354,0.0007512117
162132,2022-11-23 19:00:00,63,2,0,True,0.62330073,0.001697128,0.37500215
89050,2022-11-17 11:00:00,210,2,0,True,0.9910453,0.0012137063,0.00774095
7293,2022-11-07 02:00:00,108,1,1,False,0.028652802,0.9712611,8.612809e-05
346679,2022-12-01 20:00:00,57,2,2,False,0.25930354,0.0008337278,0.73986274
241716,2022-12-14 11:00:00,165,2,2,False,0.09063594,0.0013735713,0.90799046
365457,2022-12-03 04:00:00,82,2,2,False,0.47496453,0.0007905503,0.5242449
69706,2022-11-15 20:00:00,187,2,0,True,0.8034268,0.00062510243,0.19594814
208472,2022-12-11 05:00:00,123,1,1,False,0.13149858,0.86828536,0.00021611815
306659,2022-12-16 16:00:00,249,1,1,False,0.29166552,0.70808583,0.00024860582
285638,2022-12-12 00:00:00,220,0,0,False,0.9955024,0.00357981,0.0009178198
370782,2022-12-14 18:00:00,89,1,1,False,0.0010649597,0.9988651,6.9963295e-05
73331,2022-11-17 22:00:00,191,1,1,False,0.0009936146,0.9989434,6.2974446e-05
245642,2022-12-28 18:00:00,17,2,0,True,0.5327371,0.0010713537,0.4661916
101080,2022-11-12 06:00:00,227,2,2,False,0.045887053,0.00030029236,0.95381266
120422,2022-11-13 19:00:00,253,0,0,False,0.6286334,0.37106895,0.0002976942
69362,2022-11-01 07:00:00,187,2,2,False,0.23586078,0.0009378624,0.76320136
14261,2022-11-29 09:00:00,116,0,0,False,0.9878364,0.0117599815,0.00040356486
231955,2022-12-29 06:00:00,152,0,0,False,0.99845326,0.0008057881,0.00074095675
301087,2022-12-25 18:00:00,241,0,0,False,0.99210995,0.0075411056,0.00034892137
244056,2022-12-22 18:00:00,168,0,0,False,0.84527975,0.15404992,0.00067030796
213142,2022-12-26 11:00:00,129,1,1,False,0.18141302,0.81824,0.0003469576
296367,2022-12-08 10:00:00,235,2,2,False,0.103968,0.00044697413,0.895585
106728,2022-11-09 06:00:00,235,0,0,False,0.9872764,0.0005577428,0.012165846
112658,2022-11-18 00:00:00,243,0,0,False,0.99562633,0.0031470517,0.0012265668
228498,2022-12-04 11:00:00,149,0,0,False,0.9900131,0.009687137,0.00029968168
348724,2022-12-27 21:00:00,59,0,0,False,0.99290013,0.0040924996,0.003007335
164643,2022-11-09 06:00:00,67,0,0,False,0.98725337,0.012339672,0.00040700048
98311,2022-11-16 01:00:00,223,2,2,False,0.040165637,0.000270009,0.9595644
4162,2022-11-25 16:00:00,103,2,0,True,0.70092493,0.0010789826,0.2979961
175530,2022-11-16 00:00:00,82,0,0,False,0.99647695,0.0011660509,0.0023570596
301481,2022-12-11 05:00:00,242,0,0,False,0.9985012,0.0008429028,0.00065593334
312777,2022-12-01 05:00:00,258,0,0,False,0.98931724,0.010539547,0.00014325348
148599,2022-11-25 23:00:00,46,2,2,False,0.15442121,0.0008150176,0.84476376
216909,2022-12-02 06:00:00,134,2,0,True,0.8240831,0.0011747074,0.1747422
112426,2022-11-08 06:00:00,243,2,2,False,0.13424005,0.00061482296,0.86514515
228821,2022-12-18 07:00:00,149,2,0,True,0.9946414,0.0015362372,0.003822345
1240,2022-11-23 02:00:00,10,0,0,False,0.9865241,0.013337121,0.00013877844
347759,2022-12-16 19:00:00,58,2,0,True,0.8862556,0.001997362,0.11174706
196463,2022-12-22 11:00:00,108,2,2,False,0.4580087,0.0010746123,0.5409167
137006,2022-11-19 14:00:00,31,2,0,True,0.93760777,0.0021489796,0.060243234
327640,2022-12-20 14:00:00,32,2,2,False,0.24047816,0.00076438574,0.7587574
82582,2022-11-16 02:00:00,202,1,1,False,0.04255935,0.9573129,0.00012781803
36856,2022-11-17 12:00:00,145,0,0,False,0.99138427,0.0010307427,0.0075850184
193691,2022-12-27 03:00:00,104,1,1,False,0.12990502,0.8698916,0.00020345428
60824,2022-11-03 04:00:00,176,2,2,False,0.049688753,0.00042223284,0.94988906
112494,2022-11-11 04:00:00,243,2,2,False,0.029654168,0.00027048026,0.9700753
285337,2022-12-30 10:00:00,219,2,2,False,0.4012583,0.0008057637,0.597936
268307,2022-12-10 21:00:00,199,1,0,True,0.69985193,0.29981306,0.0003349829
179705,2022-11-11 05:00:00,88,2,2,False,0.14118282,0.00063380296,0.8581834
309419,2022-12-11 12:00:00,252,1,1,False,0.16736545,0.8324509,0.00018360287
105339,2022-11-10 23:00:00,233,2,0,True,0.82050264,0.00090643583,0.17859092
366379,2022-12-11 13:00:00,83,2,0,True,0.81503123,0.00079441187,0.18417436
205018,2022-12-17 21:00:00,119,0,0,False,0.9898672,0.009821607,0.00031114402
348472,2022-12-16 11:00:00,59,1,0,True,0.8406481,0.1590745,0.00027739466
22487,2022-11-14 15:00:00,127,2,2,False,0.15167077,0.0005195861,0.8478097
260937,2022-12-04 05:00:00,19,1,1,False,0.16996045,0.8297316,0.00030797234
374061,2022-12-01 04:00:00,93,1,1,False,0.096696705,0.90314424,0.0001590825
31638,2022-11-08 15:00:00,139,1,0,True,0.8883068,0.11123891,0.00045429022
60108,2022-11-03 03:00:00,175,2,0,True,0.5225785,0.0008586381,0.47656292
181405,2022-11-22 11:00:00,9,2,2,False,0.36380693,0.000778772,0.6354143
35514,2022-11-21 04:00:00,143,1,1,False,0.0010953551,0.9988329,7.17591e-05
335167,2022-12-02 20:00:00,42,2,0,True,0.9068082,0.005203777,0.08798802
153767,2022-11-02 21:00:00,53,1,0,True,0.9774799,0.008284853,0.014235342
234602,2022-12-19 07:00:00,156,1,1,False,0.003870484,0.9959417,0.00018784827
45757,2022-11-30 21:00:00,156,1,1,False,0.0009804312,0.99896085,5.8696533e-05
258263,2022-12-12 23:00:00,186,0,0,False,0.99533683,0.0025202741,0.0021429062
62678,2022-11-20 22:00:00,178,2,0,True,0.8308106,0.000722906,0.16846657
98833,2022-11-07 22:00:00,224,2,2,False,0.17892796,0.00065768074,0.82041436
348060,2022-12-30 06:00:00,58,1,1,False,0.07402411,0.9257626,0.00021324573
83619,2022-11-29 12:00:00,203,1,1,False,0.10025327,0.8996213,0.00012536245
363284,2022-12-02 18:00:00,8,0,0,False,0.9701799,0.028445015,0.0013751286
296230,2022-12-02 17:00:00,235,2,0,True,0.54379517,0.00091364887,0.45529118
20197,2022-11-08 14:00:00,124,0,0,False,0.86867404,0.13095117,0.0003747566
324851,2022-12-24 13:00:00,29,1,1,False,0.0010923729,0.9988379,6.9805166e-05
288166,2022-12-28 03:00:00,223,2,0,True,0.6329847,0.000723486,0.36629182
209744,2022-12-04 03:00:00,125,2,2,False,0.036513776,0.0002692748,0.9632169
330463,2022-12-17 12:00:00,36,2,2,False,0.19111612,0.00074832677,0.80813557
78306,2022-11-16 16:00:00,198,2,2,False,0.11964733,0.0005252459,0.87982744
237584,2022-12-23 11:00:00,16,1,1,False,0.0011261423,0.9988003,7.356169e-05
360278,2022-12-28 15:00:00,75,0,0,False,0.9930495,0.0056907213,0.0012597352
338806,2022-12-04 06:00:00,47,0,0,False,0.9850616,0.014426593,0.0005117874
73336,2022-11-18 03:00:00,191,1,1,False,0.0010670065,0.9988669,6.611116e-05
271991,2022-12-14 04:00:00,202,1,1,False,0.085240476,0.91461545,0.00014405079
247654,2022-12-22 11:00:00,172,0,0,False,0.99463505,0.0041381614,0.0012267902
226426,2022-12-08 06:00:00,146,0,0,False,0.9973349,0.0023445261,0.00032049554
88178,2022-11-10 22:00:00,21,1,1,False,0.06541459,0.9344218,0.00016358966
61474,2022-11-30 08:00:00,176,0,0,False,0.8055265,0.19201922,0.0024542324
71586,2022-11-04 17:00:00,19,0,0,False,0.9749785,0.023366774,0.0016546575
21706,2022-11-11 21:00:00,126,1,1,False,0.0017663498,0.9980767,0.00015694254
85309,2022-11-10 13:00:00,206,0,0,False,0.9956143,0.0019329524,0.0024528021
34441,2022-11-06 04:00:00,142,1,1,False,0.0010715408,0.9988626,6.5793996e-05
17460,2022-11-13 17:00:00,120,0,0,False,0.9927932,0.004698316,0.0025085527
29952,2022-11-27 18:00:00,136,2,0,True,0.77143186,0.00083768356,0.22773041
113776,2022-11-04 22:00:00,245,1,1,False,0.0010186272,0.9989201,6.133104e-05
371023,2022-12-25 17:00:00,89,1,1,False,0.001079038,0.9988512,6.979118e-05
224530,2022-12-20 05:00:00,143,1,1,False,0.001042472,0.99889475,6.27619e-05
258231,2022-12-11 15:00:00,186,2,0,True,0.9462681,0.00088516483,0.052846763
139033,2022-11-14 16:00:00,34,1,0,True,0.670537,0.32915926,0.00030371547
106081,2022-11-12 02:00:00,234,2,2,False,0.36107716,0.00084825617,0.63807464
45637,2022-11-25 21:00:00,156,1,1,False,0.0010486312,0.99889094,6.0396338e-05
317942,2022-12-06 03:00:00,264,0,0,False,0.9986419,0.00083144,0.00052667677
277029,2022-12-13 19:00:00,209,0,0,False,0.99174166,0.0080301585,0.00022825733
298747,2022-12-17 20:00:00,238,0,0,False,0.99523133,0.004332417,0.0004361748
348901,2022-12-04 07:00:00,6,1,1,False,0.05312011,0.9467361,0.0001438648
29320,2022-11-01 05:00:00,136,2,2,False,0.07353275,0.0005136659,0.92595357
265169,2022-12-31 06:00:00,194,1,1,False,0.04731493,0.9525841,0.00010101248
117065,2022-11-22 21:00:00,249,1,1,False,0.31222895,0.68756413,0.00020695757
97520,2022-11-12 21:00:00,222,1,1,False,0.055051114,0.94485503,9.3892646e-05
303891,2022-12-22 10:00:00,245,1,1,False,0.0010806448,0.9988424,7.6923236e-05
194512,2022-12-31 07:00:00,105,0,0,False,0.99766123,0.0017508087,0.00058799476
141735,2022-11-08 00:00:00,38,1,1,False,0.17125714,0.8285262,0.00021667867
245681,2022-12-30 09:00:00,17,0,0,False,0.99192643,0.0064988565,0.0015746383
291025,2022-12-27 02:00:00,227,2,2,False,0.06498894,0.00037343346,0.9346376
150007,2022-11-25 01:00:00,48,2,0,True,0.65773594,0.0009843276,0.34127977
329421,2022-12-03 18:00:00,35,1,1,False,0.0037540602,0.9961054,0.0001404814
308112,2022-12-17 12:00:00,250,1,1,False,0.105799116,0.89402837,0.0001724983
106676,2022-11-07 00:00:00,235,2,2,False,0.19456594,0.0006325387,0.8048015
107797,2022-11-24 00:00:00,236,2,2,False,0.12235463,0.0005342468,0.8771111
97506,2022-11-12 07:00:00,222,1,1,False,0.060104303,0.93975383,0.00014185229
46699,2022-11-10 13:00:00,158,0,0,False,0.99723047,0.0011783738,0.0015911725
338511,2022-12-22 22:00:00,46,2,2,False,0.30904296,0.00082298066,0.69013405
22400,2022-11-11 00:00:00,127,2,0,True,0.98153543,0.00071069883,0.017753929
9946,2022-11-28 08:00:00,110,2,0,True,0.8870026,0.004035521,0.10896184
373510,2022-12-08 06:00:00,92,1,1,False,0.1774557,0.82231104,0.00023328302
141309,2022-11-20 03:00:00,37,1,0,True,0.9467892,0.052949313,0.0002614879
364448,2022-12-22 03:00:00,80,2,2,False,0.06668392,0.0004803258,0.9328358
119867,2022-11-20 11:00:00,252,1,0,True,0.6176798,0.38202018,0.00029999058
209923,2022-12-11 14:00:00,125,2,2,False,0.08789391,0.00042321725,0.91168284
292940,2022-12-15 20:00:00,230,2,2,False,0.44041178,0.00085399946,0.55873424
217192,2022-12-14 01:00:00,134,2,2,False,0.17780523,0.00059449585,0.8216003
23081,2022-11-09 14:00:00,128,2,0,True,0.9901664,0.0014844297,0.008349089
298756,2022-12-18 05:00:00,238,2,2,False,0.12501107,0.00059830386,0.8743906
105941,2022-11-06 04:00:00,234,2,2,False,0.11812694,0.00060447486,0.88126856
151546,2022-11-29 14:00:00,5,0,0,False,0.99540013,0.0036161463,0.0009837174
201296,2022-12-12 15:00:00,114,0,0,False,0.99669766,0.0029705693,0.00033182307
173789,2022-11-02 23:00:00,80,2,2,False,0.12680952,0.00064152776,0.87254894
44251,2022-11-27 17:00:00,154,1,1,False,0.25999445,0.73965347,0.0003521372
254682,2022-12-13 23:00:00,181,2,2,False,0.11227484,0.00050721574,0.8872179
42121,2022-11-28 08:00:00,151,2,0,True,0.958815,0.0013666819,0.03981833
376686,2022-12-21 08:00:00,96,0,0,False,0.98680425,0.011691776,0.0015039328
82335,2022-11-05 17:00:00,202,1,1,False,0.3146553,0.68498147,0.0003631865
116707,2022-11-07 21:00:00,249,1,1,False,0.42474467,0.5750355,0.0002198371
167604,2022-11-13 11:00:00,72,2,2,False,0.431495,0.0011205669,0.56738436
284523,2022-12-26 13:00:00,218,1,1,False,0.0011607968,0.9987717,6.7413355e-05
3002,2022-11-07 01:00:00,102,0,0,False,0.99831283,0.0005609822,0.0011261639
329430,2022-12-04 03:00:00,35,1,1,False,0.10633068,0.8935047,0.00016459898
340994,2022-12-05 07:00:00,5,1,1,False,0.13826399,0.8615091,0.00022686443
52743,2022-11-24 01:00:00,165,1,1,False,0.040555682,0.95902675,0.0004175515
62900,2022-11-30 04:00:00,178,2,2,False,0.08046164,0.00038750685,0.9191508
297344,2022-12-19 22:00:00,236,2,2,False,0.09763217,0.00046007422,0.90190774
339262,2022-12-24 04:00:00,47,0,0,False,0.99725646,0.00079642644,0.0019471786
303584,2022-12-08 17:00:00,245,1,1,False,0.0010254262,0.9989054,6.912711e-05
348709,2022-12-27 06:00:00,59,0,0,False,0.99408215,0.00052348565,0.005394365
34552,2022-11-10 21:00:00,142,1,1,False,0.0010488182,0.9988896,6.157144e-05
211297,2022-12-08 18:00:00,127,0,0,False,0.99717295,0.002506217,0.00032085116
243920,2022-12-16 04:00:00,168,2,2,False,0.051541522,0.00044208192,0.94801635
17999,2022-11-06 07:00:00,121,2,2,False,0.2208931,0.00047299798,0.77863395
352252,2022-12-24 16:00:00,63,0,0,False,0.992823,0.005839715,0.0013372876
351468,2022-12-22 01:00:00,62,0,0,False,0.6798699,0.31984323,0.00028686496
310005,2022-12-05 21:00:00,253,0,0,False,0.9967244,0.002002167,0.001273393
355317,2022-12-01 06:00:00,69,1,1,False,0.3457027,0.65397847,0.00031879672
169295,2022-11-24 08:00:00,74,0,0,False,0.9771773,0.004986323,0.017836355
60821,2022-11-03 01:00:00,176,2,2,False,0.12202791,0.0005736329,0.8773985
45308,2022-11-12 04:00:00,156,1,1,False,0.028358769,0.97156054,8.066734e-05
56175,2022-11-18 02:00:00,17,1,0,True,0.6705677,0.3291392,0.00029314897
183941,2022-11-08 23:00:00,93,1,1,False,0.047492374,0.9523398,0.0001678619
158486,2022-11-20 20:00:00,59,0,0,False,0.9926892,0.0021167947,0.005193941
180744,2022-11-24 17:00:00,89,1,1,False,0.0010478318,0.99888223,6.994634e-05
82408,2022-11-08 20:00:00,202,1,1,False,0.23636883,0.76333576,0.00029541508
254881,2022-12-23 04:00:00,181,2,2,False,0.056270897,0.0003747999,0.94335425
105360,2022-11-11 20:00:00,233,2,2,False,0.19105884,0.000623483,0.8083176
303956,2022-12-25 03:00:00,245,1,1,False,0.0010331523,0.99889576,7.106751e-05
328863,2022-12-10 13:00:00,34,0,0,False,0.8121377,0.18768702,0.00017525585
52906,2022-11-30 20:00:00,165,1,1,False,0.19321674,0.80612224,0.00066098163
88968,2022-11-14 01:00:00,210,2,2,False,0.048062366,0.00033740661,0.9516002
184473,2022-11-01 03:00:00,94,1,1,False,0.14816721,0.85051525,0.0013175078
354363,2022-12-22 12:00:00,66,2,0,True,0.8054026,0.001196551,0.19340089
24649,2022-11-15 08:00:00,13,1,1,False,0.49235356,0.5071709,0.00047549448
130902,2022-11-03 12:00:00,268,2,2,False,0.37691537,0.00095955003,0.6221251
85430,2022-11-15 14:00:00,206,2,0,True,0.6198147,0.0014823579,0.37870297
208643,2022-12-19 04:00:00,123,1,1,False,0.1681778,0.8314699,0.00035228542
173427,2022-11-17 18:00:00,8,0,0,False,0.7069914,0.29262507,0.00038356223
189281,2022-12-23 15:00:00,1,1,1,False,0.003424006,0.9964612,0.00011475761
285505,2022-12-06 11:00:00,220,1,0,True,0.9885881,0.010919638,0.00049223803
141519,2022-11-28 21:00:00,37,1,0,True,0.7648449,0.23483965,0.0003154618
64485,2022-11-06 18:00:00,180,0,0,False,0.9379153,0.061755065,0.00032955618
284200,2022-12-12 04:00:00,218,1,1,False,0.005544408,0.994391,6.458917e-05
52228,2022-11-02 09:00:00,165,2,2,False,0.2809769,0.0026938452,0.7163293
142774,2022-11-21 14:00:00,39,1,1,False,0.11138628,0.88841397,0.00019980012
121868,2022-11-14 11:00:00,256,0,0,False,0.9726924,0.0009334511,0.026374185
378368,2022-12-31 08:00:00,98,1,1,False,0.072025366,0.92784953,0.00012511302
267728,2022-12-16 19:00:00,198,1,0,True,0.5685729,0.43119237,0.0002347141
107111,2022-11-25 05:00:00,235,2,2,False,0.20458026,0.0007179723,0.79470176
11884,2022-11-19 17:00:00,113,0,0,False,0.9951149,0.002586454,0.002298658
171832,2022-11-10 21:00:00,78,1,0,True,0.5901816,0.40938362,0.00043478783
208917,2022-12-30 16:00:00,123,1,0,True,0.9623133,0.037376195,0.00031053482
191342,2022-12-19 07:00:00,101,0,0,False,0.99407816,0.004009697,0.0019121096
160385,2022-11-10 14:00:00,61,0,0,False,0.9950453,0.0033249774,0.0016297292
86811,2022-11-13 13:00:00,208,0,0,False,0.9952618,0.002387116,0.0023510286
306520,2022-12-10 21:00:00,249,0,0,False,0.9487581,0.050969712,0.00027217405
295562,2022-12-04 22:00:00,234,0,0,False,0.99831724,0.00072976266,0.0009529884
366561,2022-12-19 23:00:00,83,2,0,True,0.8898316,0.001052049,0.10911637
140749,2022-11-26 14:00:00,36,2,0,True,0.9297871,0.0018365225,0.0683764
291418,2022-12-12 12:00:00,228,2,2,False,0.04320787,0.0002891831,0.9565029
53006,2022-11-05 03:00:00,166,1,1,False,0.046747904,0.95314896,0.000103075596
22151,2022-11-30 10:00:00,126,0,0,False,0.9916644,0.0017964941,0.006539117
324800,2022-12-22 10:00:00,29,1,1,False,0.0010806448,0.9988424,7.6923236e-05
96570,2022-11-03 00:00:00,221,2,0,True,0.8264653,0.0010557374,0.17247897
176055,2022-11-08 00:00:00,83,2,0,True,0.8386429,0.00084191357,0.16051519
319681,2022-12-19 08:00:00,266,0,0,False,0.8854298,0.114269584,0.00030056917
280743,2022-12-19 04:00:00,213,2,2,False,0.05412373,0.00044164702,0.94543463
239063,2022-12-25 00:00:00,161,1,0,True,0.8382932,0.16149473,0.0002120658
263593,2022-12-25 16:00:00,192,0,0,False,0.9971277,0.0015653194,0.0013069767
97461,2022-11-10 10:00:00,222,2,0,True,0.64154416,0.0013622927,0.35709354
173699,2022-11-29 02:00:00,8,1,1,False,0.10076588,0.89898884,0.00024521933
351607,2022-12-27 20:00:00,62,2,2,False,0.41619787,0.00076609734,0.583036
285669,2022-12-13 07:00:00,220,0,0,False,0.9948108,0.0014461889,0.0037430169
83855,2022-11-09 13:00:00,204,1,0,True,0.7704068,0.22934781,0.00024537844
50367,2022-11-14 10:00:00,162,2,2,False,0.12542397,0.0005409778,0.874035
80334,2022-11-11 19:00:00,20,1,1,False,0.0010484944,0.99888784,6.3647516e-05
52757,2022-11-24 15:00:00,165,2,0,True,0.592855,0.0039011803,0.40324387
96212,2022-11-17 23:00:00,220,2,0,True,0.8864986,0.0008613331,0.11264013
6417,2022-11-30 06:00:00,106,1,1,False,0.0011104693,0.9988194,7.008456e-05
303762,2022-12-16 03:00:00,245,1,1,False,0.0010700254,0.9988631,6.685073e-05
189491,2022-12-01 10:00:00,10,0,0,False,0.98900515,0.010617699,0.0003772043
276217,2022-12-10 00:00:00,208,2,0,True,0.5181979,0.00074543,0.48105666
187547,2022-11-10 06:00:00,98,1,1,False,0.19369489,0.806069,0.0002360553
255169,2022-12-04 05:00:00,182,2,0,True,0.96546656,0.0003512813,0.034182176
153956,2022-11-10 20:00:00,53,2,2,False,0.4024932,0.0010260952,0.5964807
27316,2022-11-07 05:00:00,133,2,2,False,0.030897899,0.00025916897,0.9688429
60604,2022-11-23 21:00:00,175,0,0,False,0.98076403,0.013626783,0.005609184
98306,2022-11-15 20:00:00,223,2,2,False,0.2515249,0.0006504073,0.74782467
196584,2022-12-27 12:00:00,108,2,2,False,0.4732229,0.0012129348,0.52556413
299373,2022-12-13 12:00:00,239,0,0,False,0.98933023,0.00050036,0.010169406
161686,2022-11-05 03:00:00,63,0,0,False,0.9879401,0.01127753,0.0007824444
66451,2022-11-29 04:00:00,182,2,2,False,0.0647833,0.00037613383,0.9348406
157363,2022-11-03 18:00:00,58,1,0,True,0.6597017,0.33985218,0.00044608687
264996,2022-12-24 01:00:00,194,0,0,False,0.9967168,0.0031019016,0.00018123894
183598,2022-11-24 11:00:00,92,2,0,True,0.5670672,0.0012737985,0.43165895
169931,2022-11-21 01:00:00,75,0,0,False,0.99686927,0.0005898239,0.0025408687
241863,2022-12-21 12:00:00,165,2,2,False,0.1466974,0.0026153217,0.8506872
15793,2022-11-03 18:00:00,119,0,0,False,0.9823155,0.017472738,0.0002117851
175411,2022-11-11 01:00:00,82,2,2,False,0.06698673,0.00036957228,0.9326437
371172,2022-12-31 22:00:00,89,1,1,False,0.0010728159,0.9988617,6.557869e-05
324814,2022-12-23 00:00:00,29,1,1,False,0.0010301906,0.99890804,6.172543e-05
329635,2022-12-12 16:00:00,35,1,1,False,0.08971363,0.9101293,0.0001570452
267368,2022-12-01 19:00:00,198,0,0,False,0.68457896,0.3150347,0.00038637585
96737,2022-11-10 01:00:00,221,2,2,False,0.055398814,0.00031550627,0.9442857
280170,2022-12-25 10:00:00,212,0,0,False,0.9969349,0.0015203912,0.0015446993
114093,2022-11-18 05:00:00,245,1,1,False,0.0010576283,0.9988784,6.393016e-05
133394,2022-11-18 01:00:00,270,1,1,False,0.042393405,0.95750004,0.00010656826
223600,2022-12-10 16:00:00,142,1,1,False,0.0010899077,0.9988398,7.037446e-05
175726,2022-11-24 04:00:00,82,2,0,True,0.638881,0.00074414327,0.36037487
6605,2022-11-08 05:00:00,107,0,0,False,0.9900621,0.009760502,0.00017744614
96536,2022-11-01 11:00:00,221,0,0,False,0.9933181,0.003817627,0.0028642323
116198,2022-11-16 13:00:00,248,2,2,False,0.3490773,0.0006385934,0.6502841
161902,2022-11-14 05:00:00,63,1,1,False,0.017822912,0.98205066,0.00012637395
141366,2022-11-22 12:00:00,37,0,0,False,0.9961249,0.0022571853,0.0016178419
356831,2022-12-04 06:00:00,71,0,0,False,0.9944455,0.0053255586,0.00022898073
105221,2022-11-05 23:00:00,233,2,0,True,0.67933595,0.0008837404,0.31978032
319294,2022-12-02 09:00:00,266,1,1,False,0.14004433,0.8597944,0.00016132477
25520,2022-11-21 20:00:00,130,1,1,False,0.24078527,0.7589542,0.0002605296
273907,2022-12-03 21:00:00,205,1,1,False,0.26525646,0.734555,0.00018856468
59443,2022-11-05 05:00:00,174,2,2,False,0.06605889,0.00041778458,0.93352336
198057,2022-12-28 19:00:00,11,1,0,True,0.5367652,0.46293643,0.0002983697
371546,2022-12-16 13:00:00,9,2,2,False,0.3198167,0.000899591,0.67928374
53176,2022-11-12 07:00:00,166,1,1,False,0.2451961,0.75456196,0.00024193716
38124,2022-11-10 18:00:00,147,1,1,False,0.00861227,0.99131024,7.752699e-05
209748,2022-12-04 07:00:00,125,2,2,False,0.07726164,0.00037188843,0.92236644
16456,2022-11-01 11:00:00,12,1,1,False,0.4114973,0.5882208,0.0002819634
269641,2022-12-06 09:00:00,20,1,1,False,0.0010450226,0.998887,6.803578e-05
113978,2022-11-13 10:00:00,245,1,1,False,0.0010616906,0.99887055,6.776096e-05
257390,2022-12-06 15:00:00,185,0,0,False,0.9958929,0.0016268189,0.0024802692
64737,2022-11-17 08:00:00,180,1,0,True,0.589202,0.41043165,0.0003663195
19009,2022-11-18 16:00:00,122,1,0,True,0.53564596,0.46413833,0.00021574623
259212,2022-12-23 09:00:00,187,2,2,False,0.37535954,0.00068674417,0.6239537
49777,2022-11-19 15:00:00,161,0,1,True,0.20328324,0.7964088,0.0003080213
218583,2022-12-11 22:00:00,136,0,0,False,0.99767417,0.0015625892,0.0007632436
144010,2022-11-13 12:00:00,40,2,2,False,0.32702187,0.0007101709,0.672268
12640,2022-11-21 10:00:00,114,1,0,True,0.6413352,0.35830334,0.00036145956
20795,2022-11-03 15:00:00,125,2,2,False,0.26642886,0.00095610163,0.73261505
261068,2022-12-09 16:00:00,19,1,1,False,0.08938518,0.91048306,0.00013177442
234590,2022-12-18 08:00:00,156,1,1,False,0.004026131,0.99577314,0.00020077679
288819,2022-12-25 07:00:00,224,0,0,False,0.9962799,0.002908598,0.00081153045
187988,2022-11-28 15:00:00,98,0,0,False,0.99774736,0.0010169091,0.0012356588
291404,2022-12-11 22:00:00,228,2,0,True,0.56545013,0.0006764248,0.43387344
30999,2022-11-11 19:00:00,138,1,1,False,0.2863018,0.71347696,0.00022131305
111308,2022-11-21 08:00:00,241,0,0,False,0.95469,0.04344827,0.001861721
34897,2022-11-25 06:00:00,142,1,1,False,0.0011020071,0.9988211,7.694053e-05
173980,2022-11-11 00:00:00,80,2,2,False,0.1972032,0.00058345986,0.8022134
115241,2022-11-06 09:00:00,247,2,0,True,0.5872151,0.000827545,0.41195732
149405,2022-11-29 18:00:00,47,0,0,False,0.9781774,0.021063687,0.0007588522
254730,2022-12-15 23:00:00,181,2,0,True,0.5991918,0.001100019,0.39970818
168338,2022-11-14 06:00:00,73,0,0,False,0.9884543,0.0112436125,0.00030215067
68203,2022-11-12 19:00:00,185,2,2,False,0.22869913,0.00052393955,0.7707769
370775,2022-12-14 11:00:00,89,1,1,False,0.0010877005,0.9988343,7.801871e-05
84103,2022-11-19 21:00:00,204,1,0,True,0.8420253,0.15771356,0.00026115775
124807,2022-11-17 18:00:00,26,0,0,False,0.9918156,0.006512185,0.0016721883
174330,2022-11-25 14:00:00,80,0,0,False,0.9606645,0.038860966,0.0004745549
363224,2022-12-31 05:00:00,79,2,2,False,0.13089314,0.00060030597,0.86850655
104607,2022-11-10 06:00:00,232,2,2,False,0.13019198,0.00052094954,0.8692871
312568,2022-12-23 11:00:00,257,1,0,True,0.9973189,0.00046918108,0.0022118741
34660,2022-11-15 09:00:00,142,1,1,False,0.0010895855,0.99884063,6.9780464e-05
168157,2022-11-06 15:00:00,73,2,2,False,0.23140416,0.00069490436,0.76790094
138642,2022-11-28 04:00:00,33,0,0,False,0.99798703,0.001519968,0.00049303775
322616,2022-12-21 13:00:00,27,1,0,True,0.6944281,0.30521834,0.00035360813
180906,2022-11-01 11:00:00,9,1,1,False,0.13486265,0.8649551,0.0001822008
164649,2022-11-09 12:00:00,67,0,0,False,0.99561846,0.0036887592,0.0006927583
73343,2022-11-18 10:00:00,191,1,1,False,0.008907792,0.99100155,9.066714e-05
51055,2022-11-13 07:00:00,163,1,1,False,0.08746586,0.91237813,0.00015596337
190793,2022-12-26 13:00:00,100,1,1,False,0.09402602,0.9058245,0.00014941956
109087,2022-11-18 04:00:00,238,2,2,False,0.067261465,0.00043767478,0.93230087
67378,2022-11-08 03:00:00,184,2,2,False,0.078659,0.00042828437,0.92091274
9970,2022-11-29 08:00:00,110,2,0,True,0.9384915,0.0046514426,0.056856986
254024,2022-12-16 14:00:00,180,2,0,True,0.913571,0.0006378346,0.08579118
178927,2022-11-08 14:00:00,87,0,0,False,0.5919005,0.4077933,0.00030615708
35193,2022-11-07 17:00:00,143,1,1,False,0.0009807526,0.998953,6.625623e-05
131502,2022-11-28 14:00:00,268,2,0,True,0.9708844,0.0006729896,0.028442645
105151,2022-11-03 01:00:00,233,0,2,True,0.056473237,0.00041655486,0.9431102
106540,2022-11-01 05:00:00,235,2,2,False,0.062119145,0.00042811967,0.9374527
55675,2022-11-27 01:00:00,169,0,0,False,0.9663291,0.0006208163,0.03305009
316832,2022-12-20 21:00:00,262,0,0,False,0.995047,0.004094669,0.000858329
336322,2022-12-21 20:00:00,43,2,0,True,0.61261535,0.0016823313,0.3857023
38534,2022-11-27 20:00:00,147,0,0,False,0.99655306,0.002962948,0.00048393806
269886,2022-12-16 14:00:00,20,1,1,False,0.0010842291,0.9988482,6.751947e-05
111449,2022-11-27 05:00:00,241,0,0,False,0.9979469,0.001131037,0.00092201785
50553,2022-11-22 04:00:00,162,0,0,False,0.99357784,0.006235629,0.00018651271
175573,2022-11-17 19:00:00,82,0,0,False,0.96291196,0.0025989227,0.034489058
332832,2022-12-26 15:00:00,39,0,0,False,0.997549,0.0010491937,0.001401815
336538,2022-12-30 20:00:00,43,2,0,True,0.85274434,0.0011541827,0.14610146
233505,2022-12-02 19:00:00,155,1,1,False,0.3582156,0.64146316,0.0003212181
290669,2022-12-11 08:00:00,227,2,2,False,0.052459933,0.00029569885,0.9472444
258680,2022-12-31 06:00:00,186,2,2,False,0.06421444,0.00039845554,0.93538713
186856,2022-11-11 06:00:00,97,0,0,False,0.8649102,0.13487318,0.00021666689
175888,2022-11-30 22:00:00,82,2,2,False,0.49031246,0.0009791122,0.5087084
331044,2022-12-11 07:00:00,37,1,1,False,0.0010739377,0.9988493,7.682443e-05
371346,2022-12-08 05:00:00,9,1,1,False,0.062314436,0.93755025,0.00013533658
284664,2022-12-01 11:00:00,219,2,0,True,0.5756951,0.00096515694,0.42333975
52538,2022-11-15 12:00:00,165,2,2,False,0.11611807,0.001840757,0.8820412
74603,2022-11-11 08:00:00,193,1,0,True,0.5095958,0.48991194,0.0004922565
71108,2022-11-14 16:00:00,189,0,0,False,0.5419775,0.4577682,0.0002543067
73275,2022-11-15 14:00:00,191,1,1,False,0.001060243,0.9988727,6.705333e-05
277229,2022-12-23 01:00:00,209,0,0,False,0.92747796,0.07230459,0.00021747011
309166,2022-12-31 22:00:00,251,1,1,False,0.25060734,0.7491843,0.00020827113
346176,2022-12-10 22:00:00,56,2,2,False,0.10424818,0.00043077045,0.8953211
105288,2022-11-08 20:00:00,233,2,2,False,0.13003455,0.0006406836,0.8693248
218631,2022-12-13 22:00:00,136,2,0,True,0.82477635,0.00087056094,0.1743531
37932,2022-11-02 13:00:00,147,1,1,False,0.0010911699,0.99883467,7.4216034e-05
268865,2022-12-04 02:00:00,2,1,1,False,0.035766862,0.964112,0.000121175966
150353,2022-11-09 16:00:00,49,2,2,False,0.48138875,0.0008136297,0.5177976
321551,2022-12-06 07:00:00,269,0,0,False,0.9802311,0.019061515,0.0007073481
216298,2022-12-06 20:00:00,133,0,0,False,0.9954007,0.004396701,0.00020261871
191013,2022-12-04 18:00:00,101,0,0,False,0.9749141,0.024932439,0.00015351143
241968,2022-12-25 21:00:00,165,1,1,False,0.38169342,0.6175484,0.00075821363
118988,2022-11-13 15:00:00,251,1,0,True,0.742823,0.25650114,0.0006758689
174508,2022-11-03 03:00:00,81,2,2,False,0.096611716,0.00056090625,0.9028274
43854,2022-11-11 04:00:00,154,1,0,True,0.8376867,0.16208369,0.00022961294
154665,2022-11-10 14:00:00,54,0,0,False,0.98988765,0.009705822,0.00040653604
38013,2022-11-06 01:00:00,147,1,1,False,0.0010261526,0.99890876,6.5115746e-05
48314,2022-11-18 06:00:00,16,1,1,False,0.0011412473,0.9987814,7.73882e-05
370491,2022-12-02 15:00:00,89,1,1,False,0.0010945535,0.9988398,6.571317e-05
183201,2022-11-07 20:00:00,92,1,1,False,0.00089369365,0.9990495,5.6836783e-05
318525,2022-12-31 08:00:00,264,2,2,False,0.077677935,0.00039453217,0.92192745
36687,2022-11-10 11:00:00,145,2,0,True,0.78465956,0.0011679641,0.21417245
115940,2022-11-05 17:00:00,248,1,1,False,0.09790276,0.90194017,0.0001570502
251980,2022-12-22 11:00:00,178,0,0,False,0.9760718,0.023375789,0.0005523553
346334,2022-12-17 21:00:00,56,2,2,False,0.46989062,0.0010125748,0.52909684
193493,2022-12-18 08:00:00,104,0,0,False,0.8198285,0.17984982,0.00032169366
38031,2022-11-06 19:00:00,147,1,1,False,0.0010596248,0.9988618,7.8599485e-05
138944,2022-11-10 23:00:00,34,0,0,False,0.992994,0.006770168,0.00023580894
26361,2022-11-27 02:00:00,131,2,2,False,0.114135005,0.0005233066,0.8853417
101335,2022-11-22 21:00:00,227,2,2,False,0.0886568,0.00040932017,0.9109339
60728,2022-11-29 01:00:00,175,2,2,False,0.120688744,0.0004939558,0.87881726
76237,2022-11-19 20:00:00,195,2,2,False,0.45511416,0.0008125658,0.5440733
241435,2022-12-02 18:00:00,165,1,1,False,0.09486625,0.9045516,0.00058209454
25073,2022-11-03 03:00:00,130,1,0,True,0.8164146,0.1833713,0.00021404028
119499,2022-11-05 01:00:00,252,1,1,False,0.04170768,0.95813787,0.00015451272
97159,2022-11-27 15:00:00,221,2,2,False,0.24541299,0.0011816347,0.75340533
135768,2022-11-27 14:00:00,3,1,0,True,0.5887006,0.4110135,0.00028587037
284062,2022-12-06 10:00:00,218,1,1,False,0.004269767,0.99558735,0.00014283179
118314,2022-11-15 08:00:00,250,1,1,False,0.0037396636,0.99606174,0.0001985662
226770,2022-12-23 12:00:00,146,0,0,False,0.9829675,0.016591175,0.0004413411
270496,2022-12-11 23:00:00,200,0,0,False,0.9981583,0.00069638324,0.0011453422
111332,2022-11-22 08:00:00,241,0,0,False,0.55415654,0.44504055,0.00080292625
294026,2022-12-01 00:00:00,232,2,2,False,0.06505168,0.00046845435,0.9344799
128121,2022-11-06 19:00:00,264,1,1,False,0.17488825,0.8249383,0.0001734371
330913,2022-12-05 20:00:00,37,1,1,False,0.0034662848,0.9964001,0.00013364023
37903,2022-11-01 08:00:00,147,1,1,False,0.001048944,0.99887496,7.612298e-05
60012,2022-11-29 00:00:00,174,2,2,False,0.14348754,0.00058230886,0.8559301
145859,2022-11-30 23:00:00,42,2,2,False,0.24742936,0.0006960772,0.75187457
152545,2022-11-11 15:00:00,51,2,2,False,0.35221258,0.0008304311,0.646957
171233,2022-11-15 17:00:00,77,0,0,False,0.9901535,0.001955767,0.007890781
291541,2022-12-18 00:00:00,228,0,0,False,0.9966994,0.0011545386,0.0021460026
35130,2022-11-05 02:00:00,143,1,1,False,0.0010383715,0.99889463,6.7018875e-05
52623,2022-11-19 01:00:00,165,1,1,False,0.03256131,0.9670165,0.00042214507
129725,2022-11-14 03:00:00,266,1,1,False,0.070666,0.92921156,0.00012239067
100105,2022-11-01 05:00:00,226,2,2,False,0.13541126,0.0005794267,0.8640093
340517,2022-12-15 11:00:00,49,1,1,False,0.3094702,0.69002974,0.0005000713
1579,2022-11-07 08:00:00,100,2,0,True,0.9609765,0.008764259,0.030259252
135830,2022-11-30 04:00:00,3,0,0,False,0.9862475,0.013587103,0.00016538792
294539,2022-12-23 07:00:00,232,2,2,False,0.19287413,0.00062553765,0.8065004
340398,2022-12-10 12:00:00,49,1,0,True,0.96997887,0.029023923,0.000997177
115909,2022-11-04 10:00:00,248,0,0,False,0.6997859,0.29989398,0.0003201326
294104,2022-12-04 06:00:00,232,2,2,False,0.04645379,0.00031056997,0.9532356
248824,2022-12-10 05:00:00,174,1,1,False,0.11941716,0.88040453,0.00017828913
233946,2022-12-22 02:00:00,155,0,0,False,0.9966719,0.0024659056,0.00086219725
242438,2022-12-14 12:00:00,166,0,0,False,0.9933768,0.0022052955,0.0044179684
171098,2022-11-10 02:00:00,77,0,0,False,0.99779403,0.0016411854,0.0005648167
44547,2022-11-10 06:00:00,155,0,0,False,0.99645495,0.0025553154,0.000989749
194787,2022-12-11 19:00:00,106,0,0,False,0.9959567,0.0038690846,0.0001742117
22457,2022-11-13 09:00:00,127,2,2,False,0.36669385,0.00060488697,0.6327013
149229,2022-11-22 10:00:00,47,1,1,False,0.10320166,0.896616,0.00018238253
42751,2022-11-24 19:00:00,152,0,0,False,0.9779969,0.021595528,0.00040751693
254880,2022-12-23 03:00:00,181,2,0,True,0.80526346,0.0009161604,0.19382042
224529,2022-12-20 04:00:00,143,1,1,False,0.0010456566,0.9988914,6.295364e-05
193623,2022-12-24 07:00:00,104,1,1,False,0.07582596,0.9240337,0.00014039504
131850,2022-11-13 07:00:00,269,0,0,False,0.9962864,0.0034601127,0.000253514
103361,2022-11-17 22:00:00,230,2,0,True,0.51087534,0.0010372387,0.48808745
149993,2022-11-24 11:00:00,48,1,1,False,0.31690097,0.6824585,0.000640477
167795,2022-11-21 10:00:00,72,2,0,True,0.8189266,0.0016563577,0.17941703
198209,2022-12-04 04:00:00,110,0,0,False,0.9922042,0.0074712085,0.0003246704
329743,2022-12-17 13:00:00,35,1,1,False,0.0031953019,0.9966235,0.00018119156
88158,2022-11-10 02:00:00,21,1,1,False,0.09120035,0.9086189,0.00018074024
347692,2022-12-14 00:00:00,58,1,0,True,0.94008124,0.05963311,0.00028561841
249024,2022-12-19 09:00:00,174,1,1,False,0.0042735124,0.99552274,0.00020379982
12506,2022-11-15 20:00:00,114,0,0,False,0.9920438,0.0022607963,0.0056954455
292941,2022-12-15 21:00:00,230,2,2,False,0.098128885,0.0004506584,0.9014205
287906,2022-12-16 09:00:00,223,0,0,False,0.9966022,0.0019580561,0.0014396918
142307,2022-11-01 22:00:00,39,0,0,False,0.99226135,0.007392515,0.00034620307
239767,2022-12-24 07:00:00,162,0,0,False,0.98463285,0.015133495,0.00023366578
284109,2022-12-08 09:00:00,218,1,1,False,0.0010474183,0.9988757,7.684588e-05
240441,2022-12-22 08:00:00,163,1,0,True,0.5854038,0.4142758,0.00032040468
223641,2022-12-12 09:00:00,142,1,1,False,0.0011112564,0.99881315,7.557044e-05
102331,2022-11-04 17:00:00,229,0,0,False,0.9964785,0.00050106965,0.0030204249
314155,2022-12-29 12:00:00,259,0,0,False,0.9524797,0.04725805,0.0002622312
162601,2022-11-13 13:00:00,64,0,0,False,0.9564393,0.004273076,0.0392876
38918,2022-11-14 01:00:00,148,0,0,False,0.9958615,0.004011341,0.00012717233
249915,2022-12-26 13:00:00,175,0,0,False,0.9964498,0.0020669347,0.0014831894
180829,2022-11-28 06:00:00,89,1,1,False,0.0010763946,0.9988512,7.237727e-05
286307,2022-12-09 20:00:00,221,2,2,False,0.29526263,0.000664005,0.70407337
65757,2022-11-30 01:00:00,181,2,2,False,0.06041132,0.00038576633,0.9392029
95690,2022-11-26 00:00:00,219,0,0,False,0.9865958,0.00098082,0.012423365
151189,2022-11-14 17:00:00,5,1,1,False,0.16406707,0.83572716,0.00020571641
254635,2022-12-12 00:00:00,181,2,2,False,0.14314802,0.0005280146,0.85632396
210030,2022-12-16 01:00:00,125,2,0,True,0.5547581,0.0006643426,0.44457757
250855,2022-12-04 17:00:00,177,2,0,True,0.58474267,0.00063743634,0.41461992
109088,2022-11-18 05:00:00,238,2,2,False,0.07021115,0.0004047673,0.9293841
149606,2022-11-08 06:00:00,48,2,2,False,0.23806114,0.0009393769,0.7609995
108283,2022-11-14 11:00:00,237,1,1,False,0.078759946,0.9210639,0.00017614648
276610,2022-12-27 07:00:00,208,0,0,False,0.977737,0.019634625,0.0026284142
364481,2022-12-23 12:00:00,80,0,0,False,0.9798819,0.01953643,0.0005817521
82654,2022-11-19 02:00:00,202,1,0,True,0.7066661,0.29278705,0.0005467967
129043,2022-11-15 12:00:00,265,2,2,False,0.275161,0.0008820189,0.72395694
68951,2022-11-14 04:00:00,186,2,2,False,0.07459956,0.00039291597,0.92500746
145291,2022-11-07 05:00:00,42,2,2,False,0.028200446,0.00027497153,0.9715246
71072,2022-11-13 04:00:00,189,2,2,False,0.14571084,0.0006549355,0.85363424
59220,2022-11-25 19:00:00,173,0,0,False,0.9897737,0.009887928,0.00033843555
