fecha_hora_local,candidate_role,candidate_rows,requested_units,assigned_units,uncovered_units,mean_risk_score,sensitive_hour_rows,sensitive_station_rows
2022-11-01 00:00:00,donor,4,24,24,0,0.70993169,0,1
2022-11-01 00:00:00,receiver,29,117,60,57,0.9272836434482759,0,1
2022-11-01 01:00:00,donor,2,10,10,0,0.7106929,0,1
2022-11-01 01:00:00,receiver,29,120,53,67,0.9401543389655171,0,1
2022-11-01 02:00:00,donor,4,26,26,0,0.85120111,0,1
2022-11-01 02:00:00,receiver,33,143,69,74,0.939600286969697,0,1
2022-11-01 03:00:00,donor,7,42,42,0,0.8346333371428571,0,1
2022-11-01 03:00:00,receiver,37,175,79,96,0.9365645794594595,0,1
2022-11-01 04:00:00,donor,6,37,37,0,0.8843136116666667,0,0
2022-11-01 04:00:00,receiver,41,203,103,100,0.9365821234146341,0,4
2022-11-01 05:00:00,donor,11,68,68,0,0.871939089090909,0,0
2022-11-01 05:00:00,receiver,43,225,108,117,0.9491142902325581,0,5
2022-11-01 06:00:00,donor,15,102,102,0,0.8012398513333333,0,1
2022-11-01 06:00:00,receiver,59,328,148,180,0.899516310338983,0,8
2022-11-01 07:00:00,donor,13,93,93,0,0.7706740138461539,0,0
2022-11-01 07:00:00,receiver,56,311,148,163,0.8777088367857143,0,10
2022-11-01 08:00:00,donor,7,46,46,0,0.7334108757142858,7,0
2022-11-01 08:00:00,receiver,50,268,113,155,0.8400681146,50,12
2022-11-01 09:00:00,donor,2,14,14,0,0.72684138,0,0
2022-11-01 09:00:00,receiver,47,243,88,155,0.8227073765957447,0,11
2022-11-01 10:00:00,donor,3,19,19,0,0.6613154133333333,0,0
2022-11-01 10:00:00,receiver,43,210,62,148,0.8147547281395348,0,9
2022-11-01 11:00:00,donor,1,6,6,0,0.54650915,0,0
2022-11-01 11:00:00,receiver,33,140,31,109,0.8209002787878789,0,6
2022-11-01 12:00:00,donor,1,8,8,0,0.7954118,0,0
2022-11-01 12:00:00,receiver,35,158,33,125,0.7913390422857143,0,6
2022-11-01 13:00:00,receiver,29,123,43,80,0.817916341724138,0,6
2022-11-01 14:00:00,donor,3,21,21,0,0.7311006133333334,0,1
2022-11-01 14:00:00,receiver,31,142,51,91,0.8278246383870967,0,5
2022-11-01 15:00:00,donor,4,25,25,0,0.69382456,0,1
2022-11-01 15:00:00,receiver,30,133,55,78,0.839975468,0,3
2022-11-01 16:00:00,donor,2,11,11,0,0.59628797,0,0
2022-11-01 16:00:00,receiver,28,121,56,65,0.8652105746428571,0,1
2022-11-01 17:00:00,donor,1,7,7,0,0.86461663,0,0
2022-11-01 17:00:00,receiver,24,97,27,70,0.8443029245833333,0,4
2022-11-01 18:00:00,donor,1,4,4,0,0.5751212,1,0
2022-11-01 18:00:00,receiver,36,166,29,137,0.7706877069444444,36,6
2022-11-01 19:00:00,donor,3,16,16,0,0.63508283,3,0
2022-11-01 19:00:00,receiver,30,141,55,86,0.8202769323333333,30,3
2022-11-01 20:00:00,donor,2,12,12,0,0.784575575,0,0
2022-11-01 20:00:00,receiver,24,101,54,47,0.8459984141666667,0,2
2022-11-01 21:00:00,donor,4,23,23,0,0.773735615,0,0
2022-11-01 21:00:00,receiver,25,100,60,40,0.8809699968,0,1
2022-11-01 22:00:00,donor,2,14,14,0,0.8209189,0,0
2022-11-01 22:00:00,receiver,33,154,67,87,0.8303233403030302,0,2
2022-11-01 23:00:00,donor,3,18,18,0,0.7283426866666667,0,0
2022-11-01 23:00:00,receiver,32,147,55,92,0.84492814875,0,1
2022-11-02 00:00:00,donor,4,29,29,0,0.88824584,0,0
2022-11-02 00:00:00,receiver,24,99,71,28,0.91935662375,0,2
2022-11-02 01:00:00,donor,3,21,21,0,0.9236987766666666,0,0
2022-11-02 01:00:00,receiver,25,105,79,26,0.9376282304,0,1
2022-11-02 02:00:00,donor,3,18,18,0,0.8265698,0,0
2022-11-02 02:00:00,receiver,22,78,72,6,0.9440663109090909,0,0
2022-11-02 03:00:00,donor,3,18,18,0,0.8029563033333332,0,0
2022-11-02 03:00:00,receiver,23,85,71,14,0.9514324817391305,0,0
2022-11-02 04:00:00,donor,2,11,11,0,0.744800765,0,0
2022-11-02 04:00:00,receiver,21,73,67,6,0.9614330704761904,0,0
2022-11-02 05:00:00,donor,1,6,6,0,0.843219,0,0
2022-11-02 05:00:00,receiver,20,67,59,8,0.9612858725000001,0,0
2022-11-02 06:00:00,donor,1,7,7,0,0.87709713,0,0
2022-11-02 06:00:00,receiver,17,45,45,0,0.9147972670588236,0,0
2022-11-02 07:00:00,donor,1,7,7,0,0.6474514,0,0
2022-11-02 07:00:00,receiver,21,65,49,16,0.8195281628571429,0,3
2022-11-02 08:00:00,donor,4,17,17,0,0.6191239900000001,4,1
2022-11-02 08:00:00,receiver,30,129,46,83,0.8438786319999999,30,5
2022-11-02 09:00:00,donor,13,72,72,0,0.7388300984615385,0,2
2022-11-02 09:00:00,receiver,62,329,120,209,0.7661658203225806,0,6
2022-11-02 10:00:00,donor,25,159,159,0,0.7706735132,0,4
2022-11-02 10:00:00,receiver,54,290,210,80,0.78746984,0,4
2022-11-02 11:00:00,donor,20,131,131,0,0.772815183,0,3
2022-11-02 11:00:00,receiver,48,250,192,58,0.77889427125,0,4
2022-11-02 12:00:00,donor,12,75,75,0,0.726186715,0,2
2022-11-02 12:00:00,receiver,46,244,169,75,0.7625417345652173,0,3
2022-11-02 13:00:00,donor,11,69,69,0,0.6711336800000001,0,2
2022-11-02 13:00:00,receiver,40,204,150,54,0.75493240725,0,2
2022-11-02 14:00:00,donor,7,49,49,0,0.6788583214285715,0,1
2022-11-02 14:00:00,receiver,36,177,113,64,0.7459867388888889,0,0
2022-11-02 18:00:00,donor,3,18,18,0,0.6980312,3,0
2022-11-02 18:00:00,receiver,38,189,40,149,0.7961960757894737,38,3
2022-11-02 19:00:00,donor,6,37,37,0,0.6816048166666667,6,0
2022-11-02 19:00:00,receiver,43,225,69,156,0.8063330127906976,43,4
2022-11-02 20:00:00,donor,4,21,21,0,0.6759687375,0,1
2022-11-02 20:00:00,receiver,44,220,82,138,0.8044603872727273,0,4
2022-11-02 21:00:00,donor,7,40,40,0,0.7483710271428572,0,0
2022-11-02 21:00:00,receiver,52,278,106,172,0.8140134686538462,0,4
2022-11-02 22:00:00,donor,11,62,62,0,0.6973048281818182,0,0
2022-11-02 22:00:00,receiver,58,316,122,194,0.8456294693103448,0,4
2022-11-02 23:00:00,donor,16,102,102,0,0.787392843125,0,0
2022-11-02 23:00:00,receiver,64,362,149,213,0.86291105578125,0,4
2022-11-03 00:00:00,donor,18,110,110,0,0.7724804105555555,0,0
2022-11-03 00:00:00,receiver,53,289,161,128,0.8922802301886793,0,5
2022-11-03 01:00:00,donor,12,78,78,0,0.9037260541666666,0,0
2022-11-03 01:00:00,receiver,54,308,162,146,0.943241724074074,0,5
2022-11-03 02:00:00,donor,11,69,69,0,0.8138596618181818,0,0
2022-11-03 02:00:00,receiver,53,302,153,149,0.9457124256603774,0,6
2022-11-03 03:00:00,donor,8,45,45,0,0.7722698775,0,0
2022-11-03 03:00:00,receiver,50,277,153,124,0.9483268549999999,0,7
2022-11-03 04:00:00,donor,5,30,30,0,0.9004902319999999,0,0
2022-11-03 04:00:00,receiver,47,250,156,94,0.9415096665957446,0,6
2022-11-03 05:00:00,donor,4,23,23,0,0.8144721300000001,0,0
2022-11-03 05:00:00,receiver,44,232,140,92,0.9491869188636364,0,6
2022-11-03 06:00:00,donor,2,12,12,0,0.796618015,0,0
2022-11-03 06:00:00,receiver,47,244,128,116,0.85714952,0,6
2022-11-03 07:00:00,donor,1,7,7,0,0.78085136,0,0
2022-11-03 07:00:00,receiver,38,182,74,108,0.7631530828947369,0,6
2022-11-03 08:00:00,receiver,31,132,44,88,0.7740526158064516,31,2
2022-11-03 09:00:00,donor,7,43,43,0,0.7763038171428571,0,2
2022-11-03 09:00:00,receiver,36,167,62,105,0.804100445,0,2
2022-11-03 10:00:00,donor,6,40,40,0,0.7688873183333333,0,0
2022-11-03 10:00:00,receiver,29,127,70,57,0.8213679144827587,0,3
2022-11-03 11:00:00,donor,4,25,25,0,0.71160198,0,0
2022-11-03 11:00:00,receiver,30,140,61,79,0.8548592913333334,0,3
2022-11-03 12:00:00,donor,3,18,18,0,0.6328120666666667,0,1
2022-11-03 12:00:00,receiver,28,133,55,78,0.8360578564285713,0,1
2022-11-03 13:00:00,donor,2,12,12,0,0.65916445,0,1
2022-11-03 13:00:00,receiver,34,174,51,123,0.7813125617647059,0,3
2022-11-03 14:00:00,receiver,27,126,49,77,0.7831016281481481,0,1
2022-11-03 15:00:00,donor,1,6,6,0,0.73261505,0,0
2022-11-03 15:00:00,receiver,29,134,35,99,0.7632408851724138,0,2
2022-11-03 16:00:00,donor,2,13,13,0,0.75326717,0,0
2022-11-03 16:00:00,receiver,27,128,41,87,0.8007780233333334,0,3
2022-11-03 17:00:00,donor,2,11,11,0,0.54668793,0,0
2022-11-03 17:00:00,receiver,29,133,52,81,0.7909429362068965,0,5
2022-11-03 18:00:00,donor,2,13,13,0,0.73749316,2,0
2022-11-03 18:00:00,receiver,34,163,63,100,0.7604213120588235,34,3
2022-11-03 19:00:00,donor,7,47,47,0,0.6933607842857142,7,0
2022-11-03 19:00:00,receiver,36,171,86,85,0.7709517733333333,36,5
2022-11-03 20:00:00,donor,6,42,42,0,0.7262409133333333,0,0
2022-11-03 20:00:00,receiver,37,184,89,95,0.7869218505405405,0,4
2022-11-03 21:00:00,donor,10,65,65,0,0.743386764,0,0
2022-11-03 21:00:00,receiver,40,208,114,94,0.8460103295,0,5
2022-11-03 22:00:00,donor,13,79,79,0,0.7195025084615385,0,0
2022-11-03 22:00:00,receiver,49,266,128,138,0.8428014965306123,0,4
2022-11-03 23:00:00,donor,8,45,45,0,0.66909503,0,0
2022-11-03 23:00:00,receiver,48,256,125,131,0.8663096375,0,4
2022-11-04 00:00:00,donor,9,60,60,0,0.8454127822222222,0,0
2022-11-04 00:00:00,receiver,46,257,148,109,0.9096555850000001,0,4
2022-11-04 01:00:00,donor,18,113,113,0,0.8181413727777778,0,0
2022-11-04 01:00:00,receiver,50,290,185,105,0.9336794276,0,5
2022-11-04 02:00:00,donor,13,88,88,0,0.8914410069230769,0,0
2022-11-04 02:00:00,receiver,50,289,177,112,0.9423259394,0,6
2022-11-04 03:00:00,donor,10,72,72,0,0.9467751019999999,0,0
2022-11-04 03:00:00,receiver,46,260,157,103,0.9545087810869566,0,6
2022-11-04 04:00:00,donor,10,70,70,0,0.946397769,0,0
2022-11-04 04:00:00,receiver,48,273,166,107,0.9506573591666667,0,7
2022-11-04 05:00:00,donor,10,69,69,0,0.9209296849999999,0,0
2022-11-04 05:00:00,receiver,48,267,158,109,0.94479941,0,7
2022-11-04 06:00:00,donor,7,51,51,0,0.782752152857143,0,0
2022-11-04 06:00:00,receiver,47,255,152,103,0.8559514495744681,0,6
2022-11-04 07:00:00,donor,3,18,18,0,0.6719492766666667,0,0
2022-11-04 07:00:00,receiver,30,149,94,55,0.8134467186666666,0,5
2022-11-04 08:00:00,receiver,26,119,50,69,0.7753986438461538,26,1
2022-11-04 09:00:00,donor,4,16,16,0,0.6044347,0,1
2022-11-04 09:00:00,receiver,36,177,63,114,0.7561537391666666,0,5
2022-11-04 10:00:00,donor,7,42,42,0,0.70970058,0,0
2022-11-04 10:00:00,receiver,30,146,88,58,0.8096242313333334,0,4
2022-11-04 11:00:00,donor,7,46,46,0,0.7422078971428572,0,0
2022-11-04 11:00:00,receiver,29,139,96,43,0.7958603389655172,0,4
2022-11-04 12:00:00,donor,5,30,30,0,0.653825648,0,0
2022-11-04 12:00:00,receiver,36,181,103,78,0.7534717794444444,0,4
2022-11-04 13:00:00,donor,1,6,6,0,0.56439817,0,0
2022-11-04 13:00:00,receiver,24,109,85,24,0.8011750383333333,0,2
2022-11-04 14:00:00,donor,1,8,8,0,0.7374285,0,0
2022-11-04 14:00:00,receiver,24,108,48,60,0.7866233487500001,0,2
2022-11-04 15:00:00,donor,2,14,14,0,0.72714365,0,0
2022-11-04 15:00:00,receiver,31,143,35,108,0.7617533848387097,0,2
2022-11-04 16:00:00,donor,4,25,25,0,0.6294697675,0,0
2022-11-04 16:00:00,receiver,33,159,84,75,0.7823211057575757,0,4
2022-11-04 17:00:00,donor,5,27,27,0,0.56853394,0,0
2022-11-04 17:00:00,receiver,32,158,77,81,0.8247179546875,0,4
2022-11-04 18:00:00,donor,4,22,22,0,0.679976275,4,0
2022-11-04 18:00:00,receiver,42,216,53,163,0.7799428540476191,42,3
2022-11-04 19:00:00,donor,2,10,10,0,0.66753722,2,0
2022-11-04 19:00:00,receiver,39,199,44,155,0.7951957723076922,39,1
2022-11-04 20:00:00,donor,3,16,16,0,0.6508256666666666,0,0
2022-11-04 20:00:00,receiver,38,199,52,147,0.7952935842105263,0,1
2022-11-04 21:00:00,donor,5,33,33,0,0.778525232,0,0
2022-11-04 21:00:00,receiver,43,225,90,135,0.802236676511628,0,4
2022-11-04 22:00:00,donor,8,49,49,0,0.71851614,0,1
2022-11-04 22:00:00,receiver,49,252,115,137,0.8195847142857142,0,4
2022-11-04 23:00:00,donor,5,29,29,0,0.715562198,0,0
2022-11-04 23:00:00,receiver,37,188,100,88,0.8650784510810812,0,4
2022-11-05 00:00:00,donor,8,48,48,0,0.70914829625,0,0
2022-11-05 00:00:00,receiver,41,207,105,102,0.8572671143902438,0,5
2022-11-05 01:00:00,donor,5,32,32,0,0.8646262200000001,0,1
2022-11-05 01:00:00,receiver,39,210,107,103,0.9235718033333333,0,4
2022-11-05 02:00:00,donor,5,31,31,0,0.8391863260000001,0,0
2022-11-05 02:00:00,receiver,39,199,87,112,0.9078254564102565,0,4
2022-11-05 03:00:00,donor,6,40,33,7,0.919538935,0,0
2022-11-05 03:00:00,receiver,43,231,99,132,0.9209866179069767,0,7
2022-11-05 04:00:00,donor,13,80,74,6,0.8269917515384615,0,0
2022-11-05 04:00:00,receiver,41,219,123,96,0.9337585526829268,0,8
2022-11-05 05:00:00,donor,14,90,85,5,0.8771913735714286,0,0
2022-11-05 05:00:00,receiver,46,252,150,102,0.9286450706521738,0,9
2022-11-05 06:00:00,donor,13,85,80,5,0.7507398384615385,0,0
2022-11-05 06:00:00,receiver,46,254,158,96,0.9033790843478261,0,8
2022-11-05 07:00:00,donor,12,80,75,5,0.7257870574999999,0,0
2022-11-05 07:00:00,receiver,46,254,155,99,0.878918724347826,0,11
2022-11-05 08:00:00,donor,3,22,16,6,0.7708073833333332,3,0
2022-11-05 08:00:00,receiver,45,249,128,121,0.8243493742222223,45,10
2022-11-05 09:00:00,donor,5,31,31,0,0.606788882,0,0
2022-11-05 09:00:00,receiver,39,206,129,77,0.8046312417948718,0,6
2022-11-05 10:00:00,donor,6,37,37,0,0.6701173233333333,0,0
2022-11-05 10:00:00,receiver,34,170,95,75,0.8259091826470588,0,4
2022-11-05 11:00:00,donor,3,15,15,0,0.6099319,0,0
2022-11-05 11:00:00,receiver,26,111,60,51,0.8233685061538462,0,3
2022-11-05 12:00:00,donor,2,11,11,0,0.663606625,0,0
2022-11-05 12:00:00,receiver,32,157,66,91,0.77939752625,0,3
2022-11-05 13:00:00,donor,1,6,6,0,0.66512024,0,0
2022-11-05 13:00:00,receiver,31,153,56,97,0.7907795267741936,0,5
2022-11-05 14:00:00,donor,1,6,6,0,0.55036455,0,0
2022-11-05 14:00:00,receiver,36,192,53,139,0.7719090813888889,0,5
2022-11-05 15:00:00,donor,2,12,12,0,0.60623388,0,0
2022-11-05 15:00:00,receiver,34,176,62,114,0.7811321570588234,0,4
2022-11-05 16:00:00,donor,5,28,28,0,0.549992644,0,1
2022-11-05 16:00:00,receiver,42,231,78,153,0.7769717614285715,0,5
2022-11-05 17:00:00,donor,6,34,34,0,0.6742297033333333,0,1
2022-11-05 17:00:00,receiver,37,192,86,106,0.7767887786486487,0,4
2022-11-05 18:00:00,donor,3,18,18,0,0.6951626666666667,3,2
2022-11-05 18:00:00,receiver,34,170,75,95,0.7903165220588235,34,2
2022-11-05 19:00:00,donor,2,11,11,0,0.599753825,2,0
2022-11-05 19:00:00,receiver,37,197,77,120,0.8078235218918919,37,1
2022-11-05 20:00:00,donor,3,22,22,0,0.7407595333333333,0,0
2022-11-05 20:00:00,receiver,35,183,83,100,0.7994829331428571,0,2
2022-11-05 21:00:00,donor,3,22,22,0,0.8432447766666668,0,0
2022-11-05 21:00:00,receiver,37,195,87,108,0.8311832110810811,0,2
2022-11-05 22:00:00,donor,7,46,46,0,0.7139713571428572,0,0
2022-11-05 22:00:00,receiver,38,199,97,102,0.8495693318421053,0,2
2022-11-05 23:00:00,donor,6,37,37,0,0.7165139383333333,0,0
2022-11-05 23:00:00,receiver,39,208,106,102,0.8670439276923076,0,2
2022-11-06 00:00:00,donor,5,30,30,0,0.68626643,0,0
2022-11-06 00:00:00,receiver,37,192,91,101,0.8849213786486487,0,2
2022-11-06 01:00:00,donor,4,24,24,0,0.75494371,0,0
2022-11-06 01:00:00,receiver,38,191,100,91,0.8918012094736841,0,3
2022-11-06 02:00:00,donor,9,56,56,0,0.8195537866666667,0,0
2022-11-06 02:00:00,receiver,40,201,132,69,0.87652739625,0,7
2022-11-06 03:00:00,donor,12,77,77,0,0.83008129,0,0
2022-11-06 03:00:00,receiver,41,213,135,78,0.8949017641463415,0,6
2022-11-06 04:00:00,donor,12,78,78,0,0.8539832966666667,0,0
2022-11-06 04:00:00,receiver,43,229,141,88,0.9101515941860465,0,7
2022-11-06 05:00:00,donor,13,81,81,0,0.8520039246153845,0,0
2022-11-06 05:00:00,receiver,50,275,154,121,0.9034488468,0,9
2022-11-06 06:00:00,donor,15,98,98,0,0.832040016,0,0
2022-11-06 06:00:00,receiver,52,292,170,122,0.8868395919230768,0,9
2022-11-06 07:00:00,donor,13,88,88,0,0.8488375346153846,0,0
2022-11-06 07:00:00,receiver,52,298,182,116,0.8927431915384615,0,8
2022-11-06 08:00:00,donor,13,83,83,0,0.7654512484615386,13,0
2022-11-06 08:00:00,receiver,47,260,152,108,0.8788847642553191,47,7
2022-11-06 09:00:00,donor,9,57,57,0,0.7334704455555555,0,0
2022-11-06 09:00:00,receiver,40,214,149,65,0.8711985784999999,0,6
2022-11-06 10:00:00,donor,6,38,38,0,0.7295223783333333,0,0
2022-11-06 10:00:00,receiver,38,206,121,85,0.8571351100000001,0,6
2022-11-06 11:00:00,donor,7,42,42,0,0.6651928214285715,0,0
2022-11-06 11:00:00,receiver,45,243,125,118,0.8098595431111111,0,8
2022-11-06 12:00:00,donor,3,21,21,0,0.75341426,0,0
2022-11-06 12:00:00,receiver,40,210,87,123,0.7952736755,0,6
2022-11-06 13:00:00,donor,6,37,37,0,0.6480855116666667,0,0
2022-11-06 13:00:00,receiver,35,170,92,78,0.79576976,0,4
2022-11-06 14:00:00,donor,3,22,22,0,0.7715839333333333,0,0
2022-11-06 14:00:00,receiver,36,180,85,95,0.7796954788888889,0,5
2022-11-06 15:00:00,donor,4,27,27,0,0.74767937,0,0
2022-11-06 15:00:00,receiver,31,135,96,39,0.7604113361290322,0,7
2022-11-06 16:00:00,donor,4,29,29,0,0.7857735450000001,0,0
2022-11-06 16:00:00,receiver,31,143,91,52,0.7997934283870968,0,7
2022-11-06 17:00:00,donor,3,16,16,0,0.6986625766666666,0,0
2022-11-06 17:00:00,receiver,34,157,58,99,0.7762014655882353,0,5
2022-11-06 18:00:00,donor,7,43,43,0,0.6780977657142857,7,0
2022-11-06 18:00:00,receiver,36,179,87,92,0.8108362202777778,36,3
2022-11-06 19:00:00,donor,9,63,63,0,0.7167532222222222,9,0
2022-11-06 19:00:00,receiver,31,157,106,51,0.8374864829032258,31,4
2022-11-06 20:00:00,donor,8,55,55,0,0.73990146,0,0
2022-11-06 20:00:00,receiver,30,143,98,45,0.813265765,0,4
2022-11-06 21:00:00,donor,7,51,51,0,0.8072869285714287,0,0
2022-11-06 21:00:00,receiver,29,142,94,48,0.875851664137931,0,2
2022-11-06 22:00:00,donor,8,50,50,0,0.76423491,0,0
2022-11-06 22:00:00,receiver,31,152,110,42,0.884013270967742,0,2
2022-11-06 23:00:00,donor,11,74,74,0,0.8141801736363636,0,0
2022-11-06 23:00:00,receiver,30,150,115,35,0.8954221453333333,0,4
2022-11-07 00:00:00,donor,14,94,94,0,0.8336629635714286,0,0
2022-11-07 00:00:00,receiver,40,205,129,76,0.8766395680000001,0,5
2022-11-07 01:00:00,donor,13,85,85,0,0.8469399876923076,0,0
2022-11-07 01:00:00,receiver,41,223,136,87,0.9266776475609757,0,5
2022-11-07 02:00:00,donor,14,91,91,0,0.8611495042857144,0,0
2022-11-07 02:00:00,receiver,42,228,140,88,0.9326547038095238,0,5
2022-11-07 03:00:00,donor,14,98,98,0,0.9336320592857142,0,0
2022-11-07 03:00:00,receiver,47,264,144,120,0.9373977261702127,0,6
2022-11-07 04:00:00,donor,14,100,100,0,0.9560707442857143,0,0
2022-11-07 04:00:00,receiver,46,255,153,102,0.9413162356521739,0,5
2022-11-07 05:00:00,donor,12,83,83,0,0.9550734474999999,0,0
2022-11-07 05:00:00,receiver,43,234,141,93,0.944092696744186,0,5
2022-11-07 06:00:00,donor,12,77,77,0,0.7822036216666667,0,0
2022-11-07 06:00:00,receiver,42,227,135,92,0.8875599164285715,0,5
2022-11-07 07:00:00,donor,5,34,34,0,0.7447557220000001,0,0
2022-11-07 07:00:00,receiver,34,170,102,68,0.8165410488235294,0,3
2022-11-07 08:00:00,donor,3,22,22,0,0.82610358,3,0
2022-11-07 08:00:00,receiver,33,166,64,102,0.8271349675757576,33,4
2022-11-07 09:00:00,donor,6,31,31,0,0.6692594566666666,0,0
2022-11-07 09:00:00,receiver,41,230,83,147,0.7949037929268292,0,4
2022-11-07 10:00:00,donor,8,47,47,0,0.77833433,0,0
2022-11-07 10:00:00,receiver,36,186,117,69,0.8053235508333334,0,3
2022-11-07 11:00:00,donor,7,40,40,0,0.74652922,0,0
2022-11-07 11:00:00,receiver,38,196,117,79,0.7601341794736842,0,4
2022-11-07 12:00:00,donor,9,57,57,0,0.8109297522222222,0,1
2022-11-07 12:00:00,receiver,32,161,131,30,0.80598223125,0,4
2022-11-07 13:00:00,donor,10,60,60,0,0.699645375,0,2
2022-11-07 13:00:00,receiver,30,151,133,18,0.7720839933333333,0,3
2022-11-07 14:00:00,donor,4,27,27,0,0.7313507375,0,0
2022-11-07 14:00:00,receiver,23,101,75,26,0.7842306339130435,0,1
2022-11-07 15:00:00,donor,1,6,6,0,0.69024414,0,0
2022-11-07 15:00:00,receiver,24,105,62,43,0.7772013541666666,0,1
2022-11-07 16:00:00,donor,3,18,18,0,0.7058522333333332,0,0
2022-11-07 16:00:00,receiver,27,123,58,65,0.7847801514814814,0,1
2022-11-07 17:00:00,receiver,23,98,33,65,0.804678844347826,0,1
2022-11-07 18:00:00,donor,2,10,10,0,0.7031974249999999,2,0
2022-11-07 18:00:00,receiver,37,188,29,159,0.7646226827027027,37,5
2022-11-07 19:00:00,donor,7,44,44,0,0.7143116728571429,7,0
2022-11-07 19:00:00,receiver,38,189,77,112,0.7841910484210527,38,5
2022-11-07 20:00:00,donor,9,61,61,0,0.7526295966666666,0,0
2022-11-07 20:00:00,receiver,51,275,103,172,0.790742834117647,0,5
2022-11-07 21:00:00,donor,12,77,77,0,0.7687661808333334,0,0
2022-11-07 21:00:00,receiver,48,265,126,139,0.8426931012500001,0,5
2022-11-07 22:00:00,donor,12,76,76,0,0.7901886024999999,0,0
2022-11-07 22:00:00,receiver,52,279,140,139,0.8447103409615385,0,7
2022-11-07 23:00:00,donor,19,121,121,0,0.7615157915789473,0,0
2022-11-07 23:00:00,receiver,51,282,173,109,0.8600682249019608,0,5
2022-11-08 00:00:00,donor,16,107,107,0,0.82379043875,0,0
2022-11-08 00:00:00,receiver,54,302,193,109,0.9027226185185185,0,5
2022-11-08 01:00:00,donor,16,107,107,0,0.900063481875,0,0
2022-11-08 01:00:00,receiver,53,307,210,97,0.9407421916981131,0,5
2022-11-08 02:00:00,donor,18,120,120,0,0.8952998316666666,0,0
2022-11-08 02:00:00,receiver,54,314,210,104,0.9463463751851853,0,5
2022-11-08 03:00:00,donor,19,129,129,0,0.9272292331578947,0,1
2022-11-08 03:00:00,receiver,55,316,208,108,0.9423926009090909,0,5
2022-11-08 04:00:00,donor,20,133,133,0,0.9103757935000001,0,1
2022-11-08 04:00:00,receiver,54,307,209,98,0.946659982037037,0,5
2022-11-08 05:00:00,donor,17,113,113,0,0.9211716623529411,0,1
2022-11-08 05:00:00,receiver,51,283,189,94,0.9391543801960784,0,5
2022-11-08 06:00:00,donor,11,75,75,0,0.731005320909091,0,0
2022-11-08 06:00:00,receiver,48,266,172,94,0.8562060664583333,0,4
2022-11-08 07:00:00,donor,1,6,6,0,0.6245476,0,0
2022-11-08 07:00:00,receiver,35,182,104,78,0.7815095151428572,0,2
2022-11-08 08:00:00,donor,1,0,0,0,0.52349305,1,0
2022-11-08 08:00:00,receiver,28,120,39,81,0.7665565957142857,28,2
2022-11-08 09:00:00,donor,6,21,21,0,0.6088202416666667,0,0
2022-11-08 09:00:00,receiver,41,222,50,172,0.7772705704878048,0,2
2022-11-08 10:00:00,donor,7,42,42,0,0.6974275157142857,0,0
2022-11-08 10:00:00,receiver,41,217,93,124,0.7839490053658538,0,5
2022-11-08 13:00:00,donor,8,46,46,0,0.6374486525,0,2
2022-11-08 13:00:00,receiver,32,157,124,33,0.7845636418749999,0,4
2022-11-08 14:00:00,donor,4,24,24,0,0.6445030125,0,1
2022-11-08 14:00:00,receiver,30,142,81,61,0.7870254233333333,0,2
2022-11-08 15:00:00,donor,3,16,16,0,0.5627900433333334,0,1
2022-11-08 15:00:00,receiver,30,139,45,94,0.7846263433333333,0,4
2022-11-08 16:00:00,donor,2,15,15,0,0.76129617,0,0
2022-11-08 16:00:00,receiver,36,172,45,127,0.7715352911111111,0,3
2022-11-08 17:00:00,donor,2,14,14,0,0.71234405,0,0
2022-11-08 17:00:00,receiver,31,146,63,83,0.797863183548387,0,2
2022-11-08 18:00:00,donor,6,34,34,0,0.7211211249999999,6,0
2022-11-08 18:00:00,receiver,40,197,72,125,0.77727968,40,4
2022-11-08 19:00:00,donor,4,21,21,0,0.745361865,4,0
2022-11-08 19:00:00,receiver,46,225,65,160,0.7692666082608696,46,4
2022-11-08 20:00:00,donor,9,52,52,0,0.6957787466666666,0,0
2022-11-08 20:00:00,receiver,41,216,81,135,0.8003193617073171,0,4
2022-11-08 21:00:00,donor,9,50,50,0,0.7147081677777778,0,2
2022-11-08 21:00:00,receiver,51,289,100,189,0.8447690782352941,0,7
2022-11-08 22:00:00,donor,15,95,95,0,0.776712958,0,1
2022-11-08 22:00:00,receiver,54,301,154,147,0.8307531905555555,0,3
2022-11-08 23:00:00,donor,18,103,103,0,0.7856406755555556,0,2
2022-11-08 23:00:00,receiver,50,271,154,117,0.8361461748000001,0,4
2022-11-09 00:00:00,donor,18,106,106,0,0.8036610072222222,0,2
2022-11-09 00:00:00,receiver,47,255,147,108,0.8946647338297872,0,4
2022-11-09 01:00:00,donor,14,90,90,0,0.8640977107142858,0,1
2022-11-09 01:00:00,receiver,42,225,114,111,0.9270494466666667,0,3
2022-11-09 02:00:00,donor,9,57,57,0,0.8142044344444445,0,1
2022-11-09 02:00:00,receiver,41,222,106,116,0.9260863590243902,0,5
2022-11-09 03:00:00,donor,11,72,72,0,0.8474762836363635,0,0
2022-11-09 03:00:00,receiver,38,197,106,91,0.9320253384210526,0,5
2022-11-09 04:00:00,donor,14,92,92,0,0.8441792935714286,0,0
2022-11-09 04:00:00,receiver,41,221,117,104,0.9353662009756097,0,6
2022-11-09 05:00:00,donor,16,105,105,0,0.823287041875,0,0
2022-11-09 05:00:00,receiver,41,221,133,88,0.9347103653658537,0,6
2022-11-09 06:00:00,donor,16,99,99,0,0.75667782,0,1
2022-11-09 06:00:00,receiver,45,248,129,119,0.9043197971111111,0,8
2022-11-09 07:00:00,donor,10,62,62,0,0.799194343,0,1
2022-11-09 07:00:00,receiver,45,242,121,121,0.8832247422222222,0,9
2022-11-09 08:00:00,donor,9,52,52,0,0.72583229,9,1
2022-11-09 08:00:00,receiver,40,202,98,104,0.8690243445,40,11
2022-11-09 09:00:00,donor,4,24,24,0,0.7983535575,0,1
2022-11-09 09:00:00,receiver,33,161,84,77,0.8891244742424242,0,9
2022-11-09 10:00:00,donor,3,18,18,0,0.7884566433333333,0,1
2022-11-09 10:00:00,receiver,29,130,75,55,0.8483596903448276,0,9
2022-11-09 11:00:00,donor,3,16,16,0,0.69159322,0,1
2022-11-09 11:00:00,receiver,23,92,61,31,0.8895704808695651,0,5
2022-11-09 12:00:00,donor,3,17,17,0,0.7136877,0,1
2022-11-09 12:00:00,receiver,27,118,75,43,0.8742522540740741,0,7
2022-11-09 13:00:00,donor,2,12,12,0,0.71954975,0,0
2022-11-09 13:00:00,receiver,26,112,51,61,0.8336000696153847,0,6
2022-11-09 14:00:00,donor,1,6,6,0,0.53402793,0,0
2022-11-09 14:00:00,receiver,29,129,62,67,0.792651958275862,0,7
2022-11-09 15:00:00,donor,7,45,45,0,0.7174610899999999,0,2
2022-11-09 15:00:00,receiver,28,127,77,50,0.8056877128571429,0,6
2022-11-09 16:00:00,donor,6,38,38,0,0.7253339166666667,0,1
2022-11-09 16:00:00,receiver,27,119,82,37,0.7914931892592593,0,8
2022-11-09 17:00:00,donor,6,36,36,0,0.6755294099999999,0,1
2022-11-09 17:00:00,receiver,28,132,83,49,0.7786376532142858,0,6
2022-11-09 18:00:00,donor,4,21,21,0,0.6653373975,4,1
2022-11-09 18:00:00,receiver,23,106,64,42,0.8051248108695652,23,4
2022-11-09 19:00:00,donor,5,34,34,0,0.727400854,5,0
2022-11-09 19:00:00,receiver,25,117,53,64,0.809570384,25,5
2022-11-09 20:00:00,donor,5,32,32,0,0.741649802,0,0
2022-11-09 20:00:00,receiver,26,123,65,58,0.8156354573076924,0,5
2022-11-09 21:00:00,donor,1,8,8,0,0.8935023,0,0
2022-11-09 21:00:00,receiver,27,126,65,61,0.8285596525925926,0,5
2022-11-09 22:00:00,donor,4,25,25,0,0.8056912,0,0
2022-11-09 22:00:00,receiver,23,96,73,23,0.8871055039130434,0,2
2022-11-09 23:00:00,donor,6,38,38,0,0.818580805,0,0
2022-11-09 23:00:00,receiver,29,138,86,52,0.8385947858620689,0,7
2022-11-10 00:00:00,donor,7,44,44,0,0.8490176557142857,0,0
2022-11-10 00:00:00,receiver,36,186,116,70,0.8954849822222223,0,9
2022-11-10 01:00:00,donor,9,57,57,0,0.8425796211111112,0,0
2022-11-10 01:00:00,receiver,36,185,116,69,0.9200499380555556,0,9
2022-11-10 02:00:00,donor,9,54,54,0,0.82858721,0,1
2022-11-10 02:00:00,receiver,32,163,110,53,0.9406045840625,0,6
2022-11-10 03:00:00,donor,6,37,37,0,0.82485469,0,0
2022-11-10 03:00:00,receiver,31,160,100,60,0.9460158803225807,0,5
2022-11-10 04:00:00,donor,6,40,40,0,0.9461428666666666,0,1
2022-11-10 04:00:00,receiver,30,144,103,41,0.9503810903333334,0,5
2022-11-10 05:00:00,donor,5,33,33,0,0.9431013160000001,0,1
2022-11-10 05:00:00,receiver,31,150,101,49,0.9388512877419355,0,5
2022-11-10 06:00:00,donor,4,27,27,0,0.7997621325,0,0
2022-11-10 06:00:00,receiver,30,142,95,47,0.8879939623333333,0,5
2022-11-10 07:00:00,donor,6,43,43,0,0.7621142916666667,0,0
2022-11-10 07:00:00,receiver,26,116,83,33,0.8129807026923077,0,4
2022-11-10 08:00:00,donor,2,10,10,0,0.54604075,2,0
2022-11-10 08:00:00,receiver,27,123,48,75,0.8066370366666666,27,3
2022-11-10 09:00:00,donor,7,38,38,0,0.7362776128571429,0,3
2022-11-10 09:00:00,receiver,39,203,81,122,0.7841339900000001,0,7
2022-11-10 10:00:00,donor,12,79,79,0,0.8140936841666667,0,2
2022-11-10 10:00:00,receiver,38,198,147,51,0.7910157613157894,0,5
2022-11-10 11:00:00,donor,9,55,55,0,0.7968504311111111,0,1
2022-11-10 11:00:00,receiver,32,155,129,26,0.7895236415625,0,2
2022-11-10 12:00:00,donor,9,54,54,0,0.73692146,0,1
2022-11-10 12:00:00,receiver,29,136,123,13,0.7910406589655172,0,4
2022-11-10 13:00:00,donor,6,40,40,0,0.7238692916666666,0,0
2022-11-10 13:00:00,receiver,29,134,126,8,0.7562998455172414,0,3
2022-11-10 14:00:00,donor,4,29,29,0,0.674886,0,0
2022-11-10 14:00:00,receiver,27,121,85,36,0.7351268570370371,0,3
2022-11-10 15:00:00,donor,4,31,31,0,0.74219238,0,0
2022-11-10 15:00:00,receiver,25,106,69,37,0.7557958396000001,0,2
2022-11-10 16:00:00,receiver,23,99,53,46,0.7752908008695651,0,0
2022-11-10 17:00:00,donor,4,24,24,0,0.67921235,0,1
2022-11-10 17:00:00,receiver,31,153,49,104,0.7688983967741936,0,4
2022-11-10 18:00:00,donor,2,14,14,0,0.818865535,2,0
2022-11-10 18:00:00,receiver,31,159,44,115,0.7886081787096774,31,5
2022-11-10 19:00:00,donor,8,55,55,0,0.674634855,8,0
2022-11-10 19:00:00,receiver,36,189,83,106,0.8050548063888888,36,7
2022-11-10 20:00:00,donor,10,59,59,0,0.625359803,0,0
2022-11-10 20:00:00,receiver,37,185,103,82,0.7841389627027027,0,8
2022-11-10 21:00:00,donor,11,68,68,0,0.7452223390909091,0,0
2022-11-10 21:00:00,receiver,40,214,110,104,0.8354589385000001,0,4
2022-11-10 22:00:00,donor,14,84,84,0,0.7391709128571428,0,0
2022-11-10 22:00:00,receiver,43,238,150,88,0.8550933360465117,0,4
2022-11-10 23:00:00,donor,20,125,125,0,0.7614847205,0,0
2022-11-10 23:00:00,receiver,50,272,175,97,0.8574435250000001,0,4
2022-11-11 00:00:00,donor,16,112,111,1,0.86682669,0,0
2022-11-11 00:00:00,receiver,51,280,182,98,0.8893518150980393,0,5
2022-11-11 01:00:00,donor,23,148,148,0,0.8676741534782609,0,1
2022-11-11 01:00:00,receiver,50,276,183,93,0.923844443,0,6
2022-11-11 02:00:00,donor,20,130,130,0,0.897264353,0,0
2022-11-11 02:00:00,receiver,52,298,183,115,0.9392982059615385,0,6
2022-11-11 03:00:00,donor,15,100,100,0,0.923776364,0,1
2022-11-11 03:00:00,receiver,54,306,177,129,0.9361278955555555,0,7
2022-11-11 04:00:00,donor,15,104,92,12,0.9355037566666666,0,0
2022-11-11 04:00:00,receiver,53,291,165,126,0.941797250754717,0,8
2022-11-11 05:00:00,donor,17,116,110,6,0.9121650305882353,0,0
2022-11-11 05:00:00,receiver,52,289,168,121,0.9339124646153846,0,8
2022-11-11 06:00:00,donor,14,98,98,0,0.80052986,0,0
2022-11-11 06:00:00,receiver,52,292,171,121,0.8491787024999999,0,9
2022-11-11 07:00:00,donor,8,55,53,2,0.67387765625,0,0
2022-11-11 07:00:00,receiver,34,178,110,68,0.7981750591176471,0,7
2022-11-11 08:00:00,donor,4,26,26,0,0.725009,4,0
2022-11-11 08:00:00,receiver,28,131,67,64,0.7891359957142857,28,8
2022-11-11 09:00:00,donor,6,38,38,0,0.7251051133333334,0,1
2022-11-11 09:00:00,receiver,30,138,61,77,0.7889523896666667,0,5
2022-11-11 10:00:00,donor,7,45,45,0,0.79596714,0,2
2022-11-11 10:00:00,receiver,30,135,78,57,0.767461073,0,4
2022-11-11 11:00:00,donor,7,43,43,0,0.7318894285714286,0,1
2022-11-11 11:00:00,receiver,37,185,95,90,0.7586361364864865,0,5
2022-11-11 12:00:00,donor,6,37,37,0,0.7605630833333333,0,1
2022-11-11 12:00:00,receiver,34,162,105,57,0.7668182511764706,0,4
2022-11-11 13:00:00,donor,5,29,29,0,0.697457982,0,1
2022-11-11 13:00:00,receiver,30,146,82,64,0.7725889853333333,0,3
2022-11-11 14:00:00,donor,1,5,5,0,0.7737028,0,0
2022-11-11 14:00:00,receiver,24,110,44,66,0.8350690133333334,0,4
2022-11-11 15:00:00,donor,3,17,17,0,0.6905479566666667,0,0
2022-11-11 15:00:00,receiver,26,116,56,60,0.7957468161538461,0,0
2022-11-11 16:00:00,donor,5,32,32,0,0.743133862,0,1
2022-11-11 16:00:00,receiver,33,167,67,100,0.7887383354545454,0,2
2022-11-11 17:00:00,donor,2,14,14,0,0.821445615,0,0
2022-11-11 17:00:00,receiver,34,161,54,107,0.7853269367647059,0,1
2022-11-11 18:00:00,donor,2,11,11,0,0.646331,2,0
2022-11-11 18:00:00,receiver,40,205,54,151,0.7706053035,40,5
2022-11-11 19:00:00,donor,3,17,17,0,0.7569917899999999,3,0
2022-11-11 19:00:00,receiver,37,186,43,143,0.7822219313513513,37,6
2022-11-11 20:00:00,donor,2,14,14,0,0.86063445,0,0
2022-11-11 20:00:00,receiver,41,224,57,167,0.7760727226829268,0,2
2022-11-11 21:00:00,donor,7,45,45,0,0.7417201571428571,0,1
2022-11-11 21:00:00,receiver,35,167,77,90,0.7952564562857143,0,3
2022-11-11 22:00:00,donor,8,51,51,0,0.7983515825,0,3
2022-11-11 22:00:00,receiver,29,142,92,50,0.8758736572413793,0,2
2022-11-11 23:00:00,donor,10,64,64,0,0.779786039,0,3
2022-11-11 23:00:00,receiver,31,149,92,57,0.8569828248387097,0,3
2022-11-12 00:00:00,donor,7,45,45,0,0.7946995185714286,0,1
2022-11-12 00:00:00,receiver,31,157,86,71,0.9087078074193549,0,3
2022-11-12 01:00:00,donor,12,73,73,0,0.7924397033333334,0,1
2022-11-12 01:00:00,receiver,39,198,108,90,0.9183275805128205,0,6
2022-11-12 02:00:00,donor,13,88,84,4,0.875865253076923,0,2
2022-11-12 02:00:00,receiver,42,222,114,108,0.9001886316666666,0,7
2022-11-12 03:00:00,donor,15,105,84,21,0.8869699373333333,0,1
2022-11-12 03:00:00,receiver,41,217,121,96,0.9300920878048781,0,7
2022-11-12 04:00:00,donor,13,91,85,6,0.9144985361538461,0,0
2022-11-12 04:00:00,receiver,44,229,123,106,0.9127662543181819,0,6
2022-11-12 05:00:00,donor,14,98,95,3,0.9320430271428571,0,0
2022-11-12 05:00:00,receiver,43,226,130,96,0.9314758493023255,0,7
2022-11-12 06:00:00,donor,15,106,102,4,0.8264384833333334,0,0
2022-11-12 06:00:00,receiver,47,250,145,105,0.9038748419148936,0,8
2022-11-12 07:00:00,donor,14,101,95,6,0.8208077657142857,0,0
2022-11-12 07:00:00,receiver,44,230,140,90,0.8829504863636365,0,9
2022-11-12 08:00:00,donor,13,88,82,6,0.7429739200000001,13,0
2022-11-12 08:00:00,receiver,45,236,144,92,0.8339386726666667,45,11
2022-11-12 09:00:00,donor,10,69,67,2,0.778317703,0,0
2022-11-12 09:00:00,receiver,42,216,130,86,0.7982980828571429,0,9
2022-11-12 10:00:00,donor,7,47,45,2,0.7379218971428572,0,0
2022-11-12 10:00:00,receiver,38,188,107,81,0.8393043671052631,0,8
2022-11-12 11:00:00,donor,7,46,46,0,0.7460960671428571,0,0
2022-11-12 11:00:00,receiver,26,116,67,49,0.8513166176923076,0,6
2022-11-12 12:00:00,donor,2,13,13,0,0.6720149200000001,0,0
2022-11-12 12:00:00,receiver,29,136,53,83,0.8040316779310345,0,8
2022-11-12 13:00:00,donor,3,19,19,0,0.6154031533333333,0,0
2022-11-12 13:00:00,receiver,29,132,55,77,0.7679223472413793,0,5
2022-11-12 14:00:00,donor,6,37,37,0,0.6451718949999999,0,0
2022-11-12 14:00:00,receiver,23,94,58,36,0.8314041595652174,0,4
2022-11-12 15:00:00,donor,8,52,52,0,0.7114330375,0,0
2022-11-12 15:00:00,receiver,26,113,62,51,0.8010068396153845,0,1
2022-11-12 16:00:00,donor,6,37,37,0,0.6850652616666667,0,0
2022-11-12 16:00:00,receiver,21,79,50,29,0.8086438142857143,0,3
2022-11-12 17:00:00,donor,7,45,45,0,0.68276558,0,0
2022-11-12 17:00:00,receiver,16,54,49,5,0.8843182456249999,0,3
2022-11-12 18:00:00,donor,4,26,26,0,0.7979219375,4,0
2022-11-12 18:00:00,receiver,17,58,36,22,0.8791383723529412,17,2
2022-11-12 19:00:00,donor,3,18,18,0,0.6791838333333334,3,0
2022-11-12 19:00:00,receiver,24,97,53,44,0.8098740716666667,24,5
2022-11-12 20:00:00,donor,7,44,44,0,0.7322899928571429,0,0
2022-11-12 20:00:00,receiver,22,84,55,29,0.8387572236363637,0,2
2022-11-12 21:00:00,donor,5,32,32,0,0.8444534600000001,0,0
2022-11-12 21:00:00,receiver,24,102,53,49,0.8444516166666666,0,2
2022-11-12 22:00:00,donor,5,32,32,0,0.81762396,0,0
2022-11-12 22:00:00,receiver,26,119,64,55,0.8492344642307692,0,5
2022-11-12 23:00:00,donor,6,35,35,0,0.7561381833333334,0,0
2022-11-12 23:00:00,receiver,29,136,61,75,0.8586805093103449,0,4
2022-11-13 00:00:00,donor,3,18,18,0,0.7780752999999999,0,0
2022-11-13 00:00:00,receiver,31,144,68,76,0.8190913132258065,0,2
2022-11-13 01:00:00,donor,6,41,41,0,0.8291824533333334,0,0
2022-11-13 01:00:00,receiver,30,146,75,71,0.9000911859999999,0,5
2022-11-13 02:00:00,donor,12,73,67,6,0.8463585558333334,0,0
2022-11-13 02:00:00,receiver,34,168,102,66,0.8975618605882353,0,7
2022-11-13 03:00:00,donor,12,83,75,8,0.9324843216666667,0,0
2022-11-13 03:00:00,receiver,39,198,118,80,0.8993987876923077,0,10
2022-11-13 04:00:00,donor,16,108,99,9,0.915305085,0,0
2022-11-13 04:00:00,receiver,38,197,139,58,0.9184820242105263,0,9
2022-11-13 05:00:00,donor,18,125,117,8,0.9414721105555556,0,0
2022-11-13 05:00:00,receiver,40,216,141,75,0.94280957775,0,10
2022-11-13 06:00:00,donor,20,138,126,12,0.863572914,0,0
2022-11-13 06:00:00,receiver,48,261,167,94,0.906072376875,0,11
2022-11-13 07:00:00,donor,18,123,111,12,0.8353314044444444,0,0
2022-11-13 07:00:00,receiver,51,288,168,120,0.9045427796078431,0,11
2022-11-13 08:00:00,donor,11,73,61,12,0.8296576136363637,11,0
2022-11-13 08:00:00,receiver,48,261,150,111,0.8808147075,48,11
2022-11-13 09:00:00,donor,12,77,64,13,0.7599812375,0,0
2022-11-13 09:00:00,receiver,40,208,131,77,0.86151056525,0,9
2022-11-13 10:00:00,donor,9,57,57,0,0.7672437966666666,0,0
2022-11-13 10:00:00,receiver,33,159,101,58,0.8476378669696969,0,8
2022-11-13 11:00:00,donor,5,29,29,0,0.7042252720000001,0,0
2022-11-13 11:00:00,receiver,35,177,92,85,0.8180245957142858,0,6
2022-11-13 12:00:00,donor,10,65,65,0,0.714538731,0,0
2022-11-13 12:00:00,receiver,38,195,125,70,0.7911592202631579,0,6
2022-11-13 13:00:00,donor,9,60,60,0,0.7253412366666666,0,0
2022-11-13 13:00:00,receiver,36,192,126,66,0.8055257272222223,0,10
2022-11-13 14:00:00,donor,3,21,21,0,0.7171356000000001,0,0
2022-11-13 14:00:00,receiver,37,195,114,81,0.8010113064864864,0,5
2022-11-13 15:00:00,donor,7,47,47,0,0.6678451357142857,0,0
2022-11-13 15:00:00,receiver,41,220,120,100,0.8016170834146342,0,8
2022-11-13 16:00:00,donor,6,40,40,0,0.7443100716666667,0,0
2022-11-13 16:00:00,receiver,46,240,127,113,0.7918774360869566,0,8
2022-11-13 17:00:00,donor,5,28,28,0,0.650283414,0,0
2022-11-13 17:00:00,receiver,39,191,84,107,0.8014562348717948,0,7
2022-11-13 18:00:00,donor,5,33,33,0,0.7480874639999999,5,0
2022-11-13 18:00:00,receiver,31,151,83,68,0.8384633951612903,31,5
2022-11-13 19:00:00,donor,7,44,44,0,0.7411001757142858,7,0
2022-11-13 19:00:00,receiver,29,139,84,55,0.8466060496551724,29,5
2022-11-13 20:00:00,donor,9,61,61,0,0.783109968888889,0,0
2022-11-13 20:00:00,receiver,32,153,95,58,0.84192708875,0,6
2022-11-13 21:00:00,donor,13,83,83,0,0.7746226384615384,0,0
2022-11-13 21:00:00,receiver,35,178,106,72,0.8653732371428572,0,6
2022-11-13 22:00:00,donor,16,107,107,0,0.8100496875,0,0
2022-11-13 22:00:00,receiver,37,184,130,54,0.86636019,0,7
2022-11-13 23:00:00,donor,19,128,128,0,0.837703947368421,0,0
2022-11-13 23:00:00,receiver,38,191,146,45,0.8602397252631578,0,6
2022-11-14 00:00:00,donor,22,147,147,0,0.8557983095454545,0,0
2022-11-14 00:00:00,receiver,42,217,164,53,0.8907924388095239,0,8
2022-11-14 01:00:00,donor,20,132,132,0,0.8951839005,0,1
2022-11-14 01:00:00,receiver,40,200,158,42,0.9234427110000001,0,8
2022-11-14 02:00:00,donor,22,148,147,1,0.9003512331818182,0,1
2022-11-14 02:00:00,receiver,38,193,157,36,0.9478335084210526,0,8
2022-11-14 03:00:00,donor,22,151,151,0,0.9319603504545455,0,1
2022-11-14 03:00:00,receiver,37,184,163,21,0.9431174689189188,0,7
2022-11-14 04:00:00,donor,20,139,139,0,0.9519700029999999,0,1
2022-11-14 04:00:00,receiver,36,182,158,24,0.9528847144444446,0,7
2022-11-14 05:00:00,donor,18,119,119,0,0.9253480933333333,0,1
2022-11-14 05:00:00,receiver,35,176,153,23,0.9512302619999999,0,7
2022-11-14 06:00:00,donor,13,90,90,0,0.7927910953846153,0,0
2022-11-14 06:00:00,receiver,34,166,128,38,0.8983578211764707,0,7
2022-11-14 07:00:00,donor,10,67,67,0,0.745892765,0,0
2022-11-14 07:00:00,receiver,37,181,101,80,0.797894825945946,0,8
2022-11-14 08:00:00,donor,5,35,35,0,0.775898872,5,0
2022-11-14 08:00:00,receiver,33,166,76,90,0.8099290178787879,33,6
2022-11-14 09:00:00,donor,7,40,40,0,0.762780422857143,0,2
2022-11-14 09:00:00,receiver,38,200,84,116,0.7948760292105262,0,7
2022-11-14 10:00:00,donor,12,73,73,0,0.7524445741666667,0,1
2022-11-14 10:00:00,receiver,44,238,122,116,0.781981326590909,0,7
2022-11-14 11:00:00,donor,11,69,69,0,0.7864272036363636,0,2
2022-11-14 11:00:00,receiver,35,174,134,40,0.7904714802857142,0,5
2022-11-14 12:00:00,donor,13,78,78,0,0.7153612392307692,0,1
2022-11-14 12:00:00,receiver,36,178,131,47,0.7987795088888888,0,5
2022-11-14 13:00:00,donor,11,67,67,0,0.6833059445454546,0,1
2022-11-14 13:00:00,receiver,31,152,136,16,0.796480435483871,0,5
2022-11-14 14:00:00,donor,4,27,27,0,0.7772181075,0,0
2022-11-14 14:00:00,receiver,28,127,82,45,0.7808904710714285,0,4
2022-11-14 15:00:00,donor,3,22,22,0,0.8119456266666667,0,0
2022-11-14 15:00:00,receiver,26,117,63,54,0.7910425119230768,0,4
2022-11-14 16:00:00,donor,2,16,16,0,0.92293036,0,0
2022-11-14 16:00:00,receiver,26,121,42,79,0.8088295130769231,0,3
2022-11-14 17:00:00,donor,3,19,19,0,0.7576545600000001,0,0
2022-11-14 17:00:00,receiver,26,116,52,64,0.8093887753846154,0,3
2022-11-14 18:00:00,donor,3,16,16,0,0.5571065166666667,3,0
2022-11-14 18:00:00,receiver,27,122,42,80,0.7996253962962963,27,3
2022-11-14 19:00:00,donor,4,25,25,0,0.72208193,4,0
2022-11-14 19:00:00,receiver,26,111,59,52,0.7956629473076924,26,3
2022-11-14 20:00:00,donor,6,34,34,0,0.690389535,0,1
2022-11-14 20:00:00,receiver,26,111,64,47,0.8158738276923077,0,5
2022-11-14 21:00:00,donor,7,42,42,0,0.7886042614285714,0,0
2022-11-14 21:00:00,receiver,24,101,66,35,0.8793605766666667,0,4
2022-11-14 22:00:00,donor,10,64,64,0,0.8138156459999999,0,0
2022-11-14 22:00:00,receiver,24,104,60,44,0.8923918175,0,3
2022-11-14 23:00:00,donor,11,70,70,0,0.7999410400000001,0,0
2022-11-14 23:00:00,receiver,26,116,90,26,0.8922951392307692,0,6
2022-11-15 00:00:00,donor,11,74,74,0,0.8090960963636363,0,0
2022-11-15 00:00:00,receiver,31,148,106,42,0.8980550274193548,0,6
2022-11-15 01:00:00,donor,13,84,84,0,0.8444073384615384,0,0
2022-11-15 01:00:00,receiver,27,115,91,24,0.9329701651851852,0,6
2022-11-15 02:00:00,donor,9,59,58,1,0.8549797622222222,0,0
2022-11-15 02:00:00,receiver,27,114,85,29,0.94738126,0,6
2022-11-15 03:00:00,donor,6,40,40,0,0.9358218150000001,0,0
2022-11-15 03:00:00,receiver,25,102,74,28,0.9520443032,0,5
2022-11-15 04:00:00,donor,7,46,46,0,0.8736792885714285,0,0
2022-11-15 04:00:00,receiver,24,92,79,13,0.9377662025000001,0,4
2022-11-15 05:00:00,donor,6,42,42,0,0.9466801400000001,0,0
2022-11-15 05:00:00,receiver,20,70,60,10,0.951354884,0,3
2022-11-15 06:00:00,donor,4,26,26,0,0.6819782075,0,0
2022-11-15 06:00:00,receiver,20,70,64,6,0.8842237955,0,2
2022-11-15 07:00:00,donor,2,13,13,0,0.64825681,0,0
2022-11-15 07:00:00,receiver,20,65,51,14,0.8155454195,0,5
2022-11-15 08:00:00,donor,1,0,0,0,0.5845163,1,1
2022-11-15 08:00:00,receiver,29,112,37,75,0.7662730606896552,29,7
2022-11-15 09:00:00,donor,11,54,54,0,0.7026920727272727,0,2
2022-11-15 09:00:00,receiver,37,175,86,89,0.7792775383783783,0,5
2022-11-15 10:00:00,donor,12,74,74,0,0.76225377,0,2
2022-11-15 10:00:00,receiver,36,176,114,62,0.7945534036111112,0,6
2022-11-15 11:00:00,donor,8,47,47,0,0.76584845,0,1
2022-11-15 11:00:00,receiver,33,153,110,43,0.7907300751515152,0,3
2022-11-15 12:00:00,donor,6,37,37,0,0.7772090483333333,0,1
2022-11-15 12:00:00,receiver,25,105,105,0,0.8325275796,0,2
2022-11-15 13:00:00,donor,3,18,18,0,0.7633172500000001,0,1
2022-11-15 13:00:00,receiver,27,117,104,13,0.7787870303703704,0,1
2022-11-15 14:00:00,receiver,19,67,47,20,0.8383365605263158,0,2
2022-11-15 15:00:00,donor,3,20,20,0,0.6963019933333333,0,0
2022-11-15 15:00:00,receiver,20,72,44,28,0.840787607,0,0
2022-11-15 16:00:00,receiver,20,79,46,33,0.837692034,0,1
2022-11-15 17:00:00,receiver,19,72,36,36,0.8200336326315789,0,3
2022-11-15 18:00:00,receiver,20,75,41,34,0.8097716635,20,3
2022-11-15 19:00:00,receiver,21,84,39,45,0.8204146814285715,21,2
2022-11-15 20:00:00,donor,3,18,18,0,0.7114199366666667,0,0
2022-11-15 20:00:00,receiver,18,64,46,18,0.8532898277777777,0,2
2022-11-15 21:00:00,donor,5,33,33,0,0.833901444,0,0
2022-11-15 21:00:00,receiver,26,116,56,60,0.840570358076923,0,2
2022-11-15 22:00:00,donor,5,35,35,0,0.8685371719999999,0,0
2022-11-15 22:00:00,receiver,25,111,70,41,0.8827267972,0,3
2022-11-15 23:00:00,donor,4,26,26,0,0.8530976375,0,0
2022-11-15 23:00:00,receiver,25,114,59,55,0.8935898772,0,3
2022-11-16 00:00:00,donor,6,40,40,0,0.8548296016666667,0,0
2022-11-16 00:00:00,receiver,19,72,67,5,0.9341168568421052,0,2
2022-11-16 01:00:00,donor,6,41,41,0,0.9323889933333334,0,0
2022-11-16 01:00:00,receiver,20,77,66,11,0.9395784835000001,0,2
2022-11-16 02:00:00,donor,5,35,35,0,0.947465888,0,0
2022-11-16 02:00:00,receiver,16,53,53,0,0.9621996643749999,0,2
2022-11-16 03:00:00,donor,3,19,19,0,0.9305097933333334,0,0
2022-11-16 03:00:00,receiver,18,64,60,4,0.9542327905555555,0,2
2022-11-16 04:00:00,donor,3,19,19,0,0.9387199633333333,0,0
2022-11-16 04:00:00,receiver,21,74,66,8,0.9394551990476191,0,2
2022-11-16 05:00:00,donor,4,27,27,0,0.9358974925,0,0
2022-11-16 05:00:00,receiver,21,75,60,15,0.9484745161904762,0,1
2022-11-16 06:00:00,donor,3,20,20,0,0.7658978233333333,0,0
2022-11-16 06:00:00,receiver,22,77,63,14,0.8824131004545456,0,2
2022-11-16 07:00:00,receiver,20,68,54,14,0.8321851575,0,1
2022-11-16 08:00:00,donor,3,21,21,0,0.7352648866666667,3,0
2022-11-16 08:00:00,receiver,33,143,43,100,0.762418423939394,33,5
2022-11-16 09:00:00,donor,16,95,95,0,0.74416588125,0,1
2022-11-16 09:00:00,receiver,48,243,150,93,0.7516535625,0,5
2022-11-16 10:00:00,donor,24,143,143,0,0.7557919254166666,0,3
2022-11-16 10:00:00,receiver,50,265,211,54,0.767568199,0,4
2022-11-16 11:00:00,donor,25,157,157,0,0.7521794540000001,0,4
2022-11-16 11:00:00,receiver,50,269,233,36,0.7762502985999999,0,3
2022-11-16 12:00:00,donor,18,113,113,0,0.7471489444444445,0,1
2022-11-16 12:00:00,receiver,43,217,185,32,0.7672748058139536,0,3
2022-11-16 13:00:00,donor,17,107,107,0,0.7239969729411765,0,1
2022-11-16 13:00:00,receiver,33,156,150,6,0.7844374390909091,0,3
2022-11-16 14:00:00,donor,11,76,76,0,0.8073751818181818,0,0
2022-11-16 14:00:00,receiver,31,138,132,6,0.7860635545161291,0,3
2022-11-16 15:00:00,donor,20,125,125,0,0.752481621,0,2
2022-11-16 15:00:00,receiver,27,112,110,2,0.7926630192592592,0,4
2022-11-16 16:00:00,donor,15,90,90,0,0.7130403280000001,0,1
2022-11-16 16:00:00,receiver,27,108,106,2,0.7880230477777778,0,1
2022-11-16 17:00:00,donor,12,78,78,0,0.7653146958333333,0,1
2022-11-16 17:00:00,receiver,31,139,129,10,0.8140297267741936,0,3
2022-11-16 18:00:00,donor,8,51,51,0,0.80020303,8,1
2022-11-16 18:00:00,receiver,26,103,94,9,0.8177323853846155,26,4
2022-11-16 19:00:00,donor,4,26,26,0,0.6947853175,4,0
2022-11-16 19:00:00,receiver,19,62,48,14,0.831545162631579,19,2
2022-11-16 20:00:00,donor,3,20,20,0,0.7613204499999999,0,0
2022-11-16 20:00:00,receiver,23,83,54,29,0.8314871234782608,0,6
2022-11-16 21:00:00,donor,4,23,23,0,0.6648706,0,0
2022-11-16 21:00:00,receiver,24,98,54,44,0.8776931970833334,0,5
2022-11-16 22:00:00,donor,4,23,23,0,0.7981351825,0,0
2022-11-16 22:00:00,receiver,23,91,66,25,0.9157315778260869,0,5
2022-11-16 23:00:00,donor,4,24,24,0,0.7830742275,0,0
2022-11-16 23:00:00,receiver,22,85,65,20,0.9079837895454546,0,5
2022-11-17 00:00:00,donor,6,35,35,0,0.7382803333333333,0,0
2022-11-17 00:00:00,receiver,21,69,62,7,0.9346695433333333,0,5
2022-11-17 01:00:00,donor,4,29,29,0,0.9280993550000001,0,0
2022-11-17 01:00:00,receiver,22,77,64,13,0.9429785609090909,0,3
2022-11-17 02:00:00,donor,2,15,15,0,0.9468209000000001,0,0
2022-11-17 02:00:00,receiver,21,70,66,4,0.9527920852380953,0,2
2022-11-17 03:00:00,donor,3,21,21,0,0.9357719166666666,0,0
2022-11-17 03:00:00,receiver,18,52,52,0,0.9704274938888889,0,1
2022-11-17 04:00:00,donor,3,21,21,0,0.9448094166666667,0,0
2022-11-17 04:00:00,receiver,17,47,47,0,0.9741459552941177,0,0
2022-11-17 05:00:00,donor,3,21,21,0,0.9285046866666667,0,0
2022-11-17 05:00:00,receiver,17,43,43,0,0.9660254623529412,0,1
2022-11-17 06:00:00,donor,5,30,30,0,0.64685835,0,0
2022-11-17 06:00:00,receiver,16,35,35,0,0.9284665825,0,1
2022-11-17 07:00:00,donor,2,14,14,0,0.695532,0,0
2022-11-17 07:00:00,receiver,15,27,22,5,0.8993432233333334,0,2
2022-11-17 08:00:00,receiver,17,37,25,12,0.822407404117647,17,2
2022-11-17 09:00:00,donor,5,25,25,0,0.70267185,0,2
2022-11-17 09:00:00,receiver,34,142,70,72,0.7467264870588235,0,2
2022-11-17 10:00:00,donor,7,45,45,0,0.8308826028571429,0,2
2022-11-17 10:00:00,receiver,29,119,91,28,0.8131102934482758,0,5
2022-11-17 11:00:00,donor,5,33,33,0,0.785221062,0,1
2022-11-17 11:00:00,receiver,25,97,87,10,0.8460906908,0,2
2022-11-17 12:00:00,donor,5,33,33,0,0.833969446,0,0
2022-11-17 12:00:00,receiver,27,104,89,15,0.8095212574074074,0,4
2022-11-17 13:00:00,donor,4,24,24,0,0.68670793,0,0
2022-11-17 13:00:00,receiver,30,124,91,33,0.7855405386666666,0,3
2022-11-17 14:00:00,donor,2,11,11,0,0.5935043200000001,0,0
2022-11-17 14:00:00,receiver,26,102,56,46,0.8307019653846154,0,3
2022-11-17 15:00:00,donor,2,12,12,0,0.67688552,0,0
2022-11-17 15:00:00,receiver,20,67,50,17,0.8691559594999999,0,2
2022-11-17 16:00:00,donor,2,13,13,0,0.798520115,0,0
2022-11-17 16:00:00,receiver,24,87,42,45,0.8047096225,0,0
2022-11-17 17:00:00,donor,2,14,14,0,0.737205925,0,0
2022-11-17 17:00:00,receiver,25,85,40,45,0.7981417392,0,0
2022-11-17 18:00:00,donor,1,7,7,0,0.8256977,1,0
2022-11-17 18:00:00,receiver,24,93,26,67,0.8437063829166666,24,0
2022-11-17 19:00:00,donor,1,6,6,0,0.64774215,1,0
2022-11-17 19:00:00,receiver,26,101,30,71,0.812930713076923,26,1
2022-11-17 20:00:00,donor,1,6,6,0,0.6746765,0,0
2022-11-17 20:00:00,receiver,26,94,41,53,0.8006231661538461,0,1
2022-11-17 21:00:00,donor,9,51,51,0,0.7168261355555556,0,1
2022-11-17 21:00:00,receiver,25,98,71,27,0.8456809808,0,0
2022-11-17 22:00:00,donor,5,30,30,0,0.739632298,0,0
2022-11-17 22:00:00,receiver,32,141,102,39,0.83005998625,0,2
2022-11-17 23:00:00,donor,8,52,52,0,0.80245573625,0,0
2022-11-17 23:00:00,receiver,34,163,136,27,0.8737423435294118,0,2
2022-11-18 00:00:00,donor,12,73,73,0,0.75817335,0,0
2022-11-18 00:00:00,receiver,34,167,143,24,0.9172665914705883,0,1
2022-11-18 01:00:00,donor,15,102,102,0,0.8934573313333334,0,0
2022-11-18 01:00:00,receiver,42,206,155,51,0.9081560014285714,0,5
2022-11-18 02:00:00,donor,18,120,120,0,0.8922393461111111,0,0
2022-11-18 02:00:00,receiver,42,209,163,46,0.9100082433333334,0,6
2022-11-18 03:00:00,donor,19,132,132,0,0.9240847205263157,0,0
2022-11-18 03:00:00,receiver,42,209,164,45,0.9319076692857143,0,8
2022-11-18 04:00:00,donor,18,122,122,0,0.9180241155555555,0,0
2022-11-18 04:00:00,receiver,43,216,168,48,0.9411509639534884,0,8
2022-11-18 05:00:00,donor,17,115,115,0,0.9037252347058823,0,0
2022-11-18 05:00:00,receiver,38,179,147,32,0.9386085886842105,0,7
2022-11-18 06:00:00,donor,12,82,82,0,0.7401132958333333,0,0
2022-11-18 06:00:00,receiver,37,172,139,33,0.8543980208108108,0,7
2022-11-18 07:00:00,donor,3,19,19,0,0.6779709933333334,0,0
2022-11-18 07:00:00,receiver,28,112,84,28,0.7901064107142857,0,6
2022-11-18 08:00:00,donor,1,8,8,0,0.84321576,1,0
2022-11-18 08:00:00,receiver,21,76,45,31,0.8272579542857144,21,3
2022-11-18 09:00:00,donor,1,7,7,0,0.88011396,0,0
2022-11-18 09:00:00,receiver,24,93,24,69,0.8199399191666666,0,2
2022-11-18 10:00:00,donor,1,7,7,0,0.8648556,0,0
2022-11-18 10:00:00,receiver,27,113,25,88,0.8121821140740741,0,1
2022-11-18 11:00:00,donor,1,7,7,0,0.887623,0,0
2022-11-18 11:00:00,receiver,20,68,29,39,0.8433326555,0,0
2022-11-18 12:00:00,receiver,24,93,24,69,0.816026515,0,0
2022-11-18 13:00:00,receiver,18,62,33,29,0.8685532711111111,0,0
2022-11-18 14:00:00,receiver,23,85,20,65,0.7967147704347827,0,2
2022-11-18 15:00:00,receiver,34,157,38,119,0.7741905144117647,0,2
2022-11-18 16:00:00,donor,2,14,14,0,0.7046201000000001,0,0
2022-11-18 16:00:00,receiver,33,154,66,88,0.7950019554545454,0,2
2022-11-18 17:00:00,donor,2,14,14,0,0.6603724,0,0
2022-11-18 17:00:00,receiver,36,169,64,105,0.7904158269444443,0,3
2022-11-18 18:00:00,donor,1,8,8,0,0.7987746,1,0
2022-11-18 18:00:00,receiver,32,143,71,72,0.7878235821875,32,4
2022-11-18 19:00:00,donor,3,18,18,0,0.59040028,3,0
2022-11-18 19:00:00,receiver,35,162,67,95,0.8114402528571429,35,1
2022-11-18 20:00:00,donor,3,17,17,0,0.6336549333333333,0,0
2022-11-18 20:00:00,receiver,33,150,80,70,0.8066994578787878,0,4
2022-11-18 21:00:00,donor,9,51,51,0,0.6833192611111111,0,0
2022-11-18 21:00:00,receiver,35,169,115,54,0.8299289737142856,0,3
2022-11-18 22:00:00,donor,11,67,67,0,0.6858743581818182,0,1
2022-11-18 22:00:00,receiver,33,163,119,44,0.8822896557575758,0,2
2022-11-18 23:00:00,donor,9,55,55,0,0.6904569277777778,0,1
2022-11-18 23:00:00,receiver,36,175,129,46,0.8725233572222222,0,4
2022-11-19 00:00:00,donor,8,46,46,0,0.7492292975,0,1
2022-11-19 00:00:00,receiver,31,142,109,33,0.9209572432258065,0,3
2022-11-19 01:00:00,donor,6,39,39,0,0.875589955,0,0
2022-11-19 01:00:00,receiver,36,171,105,66,0.8866653458333333,0,5
2022-11-19 02:00:00,donor,4,28,27,1,0.9332197325,0,0
2022-11-19 02:00:00,receiver,39,191,80,111,0.8991628428205127,0,3
2022-11-19 03:00:00,donor,6,38,33,5,0.7930528716666667,0,0
2022-11-19 03:00:00,receiver,43,217,83,134,0.9035871818604652,0,7
2022-11-19 04:00:00,donor,6,37,32,5,0.8492994566666666,0,0
2022-11-19 04:00:00,receiver,37,176,84,92,0.9113718867567566,0,9
2022-11-19 05:00:00,donor,7,43,43,0,0.8283200714285714,0,0
2022-11-19 05:00:00,receiver,35,168,93,75,0.9254330031428571,0,7
2022-11-19 06:00:00,donor,9,58,53,5,0.74613595,0,0
2022-11-19 06:00:00,receiver,38,190,99,91,0.9163447705263158,0,10
2022-11-19 07:00:00,donor,6,35,35,0,0.6355447550000001,0,0
2022-11-19 07:00:00,receiver,37,181,88,93,0.8947271208108107,0,10
2022-11-19 08:00:00,donor,3,20,20,0,0.7238135333333333,3,0
2022-11-19 08:00:00,receiver,31,139,87,52,0.8591512922580645,31,7
2022-11-19 09:00:00,donor,2,13,13,0,0.6281675,0,0
2022-11-19 09:00:00,receiver,24,91,67,24,0.83530438875,0,4
2022-11-19 10:00:00,donor,1,7,7,0,0.7850286,0,0
2022-11-19 10:00:00,receiver,26,112,64,48,0.8470098173076923,0,4
2022-11-19 11:00:00,donor,3,19,19,0,0.6995922933333333,0,0
2022-11-19 11:00:00,receiver,27,117,74,43,0.8326610777777779,0,3
2022-11-19 12:00:00,receiver,34,169,61,108,0.8035415420588236,0,4
2022-11-19 13:00:00,donor,2,12,12,0,0.6616858299999999,0,0
2022-11-19 13:00:00,receiver,29,132,58,74,0.7940100927586208,0,2
2022-11-19 14:00:00,receiver,32,154,46,108,0.77911268875,0,2
2022-11-19 15:00:00,donor,2,14,14,0,0.69522137,0,0
2022-11-19 15:00:00,receiver,30,139,71,68,0.785640729,0,4
2022-11-19 16:00:00,donor,3,17,17,0,0.5775312499999999,0,0
2022-11-19 16:00:00,receiver,23,97,64,33,0.8419424291304347,0,3
2022-11-19 17:00:00,receiver,27,118,64,54,0.8192730422222222,0,4
2022-11-19 18:00:00,donor,3,18,18,0,0.62034242,3,0
2022-11-19 18:00:00,receiver,25,109,56,53,0.8490048152,25,2
2022-11-19 19:00:00,donor,5,30,30,0,0.65612353,5,0
2022-11-19 19:00:00,receiver,30,140,82,58,0.8144046246666666,30,3
2022-11-19 20:00:00,donor,5,29,29,0,0.6751557079999999,0,0
2022-11-19 20:00:00,receiver,31,151,84,67,0.8270620719354839,0,3
2022-11-19 21:00:00,donor,4,28,28,0,0.7978806350000001,0,0
2022-11-19 21:00:00,receiver,31,150,100,50,0.8245614658064516,0,3
2022-11-19 22:00:00,donor,3,18,18,0,0.68015701,0,0
2022-11-19 22:00:00,receiver,31,153,103,50,0.872839255483871,0,1
2022-11-19 23:00:00,donor,2,12,12,0,0.5645452849999999,0,0
2022-11-19 23:00:00,receiver,29,135,89,46,0.8620852727586207,0,4
2022-11-20 00:00:00,donor,3,19,19,0,0.8497324866666666,0,0
2022-11-20 00:00:00,receiver,30,144,82,62,0.8917305266666666,0,4
2022-11-20 01:00:00,donor,2,11,11,0,0.81030285,0,0
2022-11-20 01:00:00,receiver,29,132,71,61,0.9206393144827586,0,5
2022-11-20 02:00:00,donor,2,10,10,0,0.792469535,0,0
2022-11-20 02:00:00,receiver,30,138,69,69,0.891651896,0,7
2022-11-20 03:00:00,donor,1,6,6,0,0.90563804,0,0
2022-11-20 03:00:00,receiver,35,166,73,93,0.8921501334285714,0,9
2022-11-20 04:00:00,donor,2,13,13,0,0.7833627000000001,0,0
2022-11-20 04:00:00,receiver,40,204,79,125,0.90473443875,0,10
2022-11-20 05:00:00,donor,6,35,35,0,0.71555102,0,0
2022-11-20 05:00:00,receiver,45,234,93,141,0.9053048048888889,0,7
2022-11-20 06:00:00,donor,4,29,29,0,0.8889809425,0,0
2022-11-20 06:00:00,receiver,47,248,106,142,0.8825704536170212,0,8
2022-11-20 07:00:00,donor,5,32,32,0,0.826899594,0,0
2022-11-20 07:00:00,receiver,44,232,104,128,0.8976545715909091,0,9
2022-11-20 08:00:00,donor,3,18,18,0,0.6959204833333333,3,0
2022-11-20 08:00:00,receiver,40,205,89,116,0.870387721,40,7
2022-11-20 09:00:00,donor,3,20,20,0,0.8177257566666666,0,0
2022-11-20 09:00:00,receiver,40,201,85,116,0.8144916815000001,0,8
2022-11-20 10:00:00,donor,2,15,15,0,0.81554615,0,0
2022-11-20 10:00:00,receiver,38,194,74,120,0.8378071334210526,0,6
2022-11-20 11:00:00,donor,3,21,21,0,0.73579987,0,0
2022-11-20 11:00:00,receiver,32,151,59,92,0.8207041171875,0,2
2022-11-20 12:00:00,donor,1,5,5,0,0.5312965,0,0
2022-11-20 12:00:00,receiver,29,139,69,70,0.7957494889655172,0,4
2022-11-20 13:00:00,donor,2,12,12,0,0.6541442749999999,0,0
2022-11-20 13:00:00,receiver,36,184,84,100,0.7846073958333333,0,3
2022-11-20 14:00:00,donor,4,26,26,0,0.661566815,0,0
2022-11-20 14:00:00,receiver,38,196,82,114,0.7497963186842105,0,3
2022-11-20 15:00:00,donor,3,18,18,0,0.7273941166666665,0,0
2022-11-20 15:00:00,receiver,41,217,89,128,0.7880472424390244,0,5
2022-11-20 16:00:00,donor,1,5,5,0,0.5020808,0,0
2022-11-20 16:00:00,receiver,41,204,73,131,0.7834141119512196,0,5
2022-11-20 17:00:00,donor,1,7,7,0,0.781845,0,0
2022-11-20 17:00:00,receiver,36,177,59,118,0.8017495872222222,0,6
2022-11-20 18:00:00,donor,3,19,19,0,0.7012718466666668,3,0
2022-11-20 18:00:00,receiver,33,157,58,99,0.8054111193939394,33,4
2022-11-20 19:00:00,donor,3,18,18,0,0.73075402,3,1
2022-11-20 19:00:00,receiver,31,148,58,90,0.8114036980645162,31,3
2022-11-20 20:00:00,donor,4,26,26,0,0.8278713575,0,0
2022-11-20 20:00:00,receiver,28,135,59,76,0.8523109485714286,0,3
2022-11-20 21:00:00,donor,5,34,34,0,0.79377866,0,0
2022-11-20 21:00:00,receiver,29,135,66,69,0.8432250924137932,0,3
2022-11-20 22:00:00,donor,5,34,34,0,0.8102416979999999,0,0
2022-11-20 22:00:00,receiver,29,140,76,64,0.8648810762068966,0,2
2022-11-20 23:00:00,donor,8,57,57,0,0.8613739650000001,0,0
2022-11-20 23:00:00,receiver,26,121,84,37,0.892111321923077,0,2
2022-11-21 00:00:00,donor,7,47,47,0,0.8249034042857143,0,0
2022-11-21 00:00:00,receiver,29,140,85,55,0.9213869944827586,0,4
2022-11-21 01:00:00,donor,9,57,57,0,0.8072369222222222,0,0
2022-11-21 01:00:00,receiver,32,150,87,63,0.9240896784375,0,4
2022-11-21 02:00:00,donor,9,61,61,0,0.92432334,0,0
2022-11-21 02:00:00,receiver,28,124,83,41,0.9389629135714286,0,4
2022-11-21 03:00:00,donor,7,47,47,0,0.93512685,0,0
2022-11-21 03:00:00,receiver,29,129,68,61,0.9411942362068966,0,5
2022-11-21 04:00:00,donor,6,40,40,0,0.923948625,0,0
2022-11-21 04:00:00,receiver,29,129,74,55,0.9341002196551724,0,5
2022-11-21 05:00:00,donor,5,34,34,0,0.9436588520000001,0,0
2022-11-21 05:00:00,receiver,27,119,72,47,0.9567346322222222,0,4
2022-11-21 06:00:00,donor,4,29,29,0,0.82332775,0,0
2022-11-21 06:00:00,receiver,27,118,74,44,0.8977706062962963,0,4
2022-11-21 07:00:00,donor,2,13,13,0,0.68196452,0,0
2022-11-21 07:00:00,receiver,24,96,50,46,0.8162506199999999,0,2
2022-11-21 08:00:00,receiver,27,125,25,100,0.807652237037037,27,1
2022-11-21 09:00:00,donor,9,48,48,0,0.7964377355555556,0,1
2022-11-21 09:00:00,receiver,41,214,88,126,0.7772871229268292,0,5
2022-11-21 10:00:00,donor,9,59,59,0,0.8019129077777778,0,1
2022-11-21 10:00:00,receiver,37,188,119,69,0.7810446337837837,0,3
2022-11-21 11:00:00,donor,12,74,74,0,0.7016814116666666,0,2
2022-11-21 11:00:00,receiver,36,182,127,55,0.7854195541666666,0,1
2022-11-21 12:00:00,donor,7,45,45,0,0.7324742585714284,0,0
2022-11-21 12:00:00,receiver,37,181,129,52,0.7681013354054055,0,4
2022-11-21 13:00:00,donor,8,55,55,0,0.7495646375,0,0
2022-11-21 13:00:00,receiver,31,148,129,19,0.808585558064516,0,1
2022-11-21 14:00:00,donor,10,61,61,0,0.688067456,0,1
2022-11-21 14:00:00,receiver,31,149,133,16,0.8289031529032258,0,3
2022-11-21 15:00:00,donor,4,24,24,0,0.7636482375,0,1
2022-11-21 15:00:00,receiver,28,130,99,31,0.8233116303571428,0,3
2022-11-21 16:00:00,donor,5,30,30,0,0.732561276,0,2
2022-11-21 16:00:00,receiver,25,113,96,17,0.8348034812,0,0
2022-11-21 17:00:00,donor,3,23,23,0,0.8152607433333333,0,0
2022-11-21 17:00:00,receiver,26,116,78,38,0.8410241665384616,0,1
2022-11-21 18:00:00,receiver,23,101,36,65,0.8420990886956522,23,3
2022-11-21 19:00:00,donor,1,8,8,0,0.6688959,1,0
2022-11-21 19:00:00,receiver,26,113,46,67,0.8214282338461539,26,1
2022-11-21 20:00:00,donor,2,13,13,0,0.64652505,0,0
2022-11-21 20:00:00,receiver,29,135,69,66,0.8257854206896552,0,3
2022-11-21 21:00:00,donor,2,14,14,0,0.7093976,0,0
2022-11-21 21:00:00,receiver,25,110,69,41,0.8661639848,0,2
2022-11-21 22:00:00,donor,5,34,34,0,0.80321233,0,0
2022-11-21 22:00:00,receiver,30,141,78,63,0.8591845403333332,0,3
2022-11-21 23:00:00,donor,3,19,19,0,0.7539749533333332,0,0
2022-11-21 23:00:00,receiver,27,124,68,56,0.8839640362962963,0,4
2022-11-22 00:00:00,donor,2,8,8,0,0.681964465,0,0
2022-11-22 00:00:00,receiver,25,107,61,46,0.9034796919999999,0,3
2022-11-22 01:00:00,donor,1,7,7,0,0.9394592,0,0
2022-11-22 01:00:00,receiver,22,86,63,23,0.9444077186363636,0,3
2022-11-22 02:00:00,donor,1,6,6,0,0.9191343,0,0
2022-11-22 02:00:00,receiver,20,74,60,14,0.9452818985,0,2
2022-11-22 03:00:00,donor,1,6,6,0,0.92043185,0,0
2022-11-22 03:00:00,receiver,22,86,62,24,0.9489373018181818,0,2
2022-11-22 04:00:00,receiver,22,86,56,30,0.9500728704545455,0,2
2022-11-22 05:00:00,receiver,23,92,52,40,0.9328983986956522,0,2
2022-11-22 06:00:00,receiver,22,87,40,47,0.8603587527272727,0,3
2022-11-22 07:00:00,receiver,19,70,28,42,0.8355272184210526,0,2
2022-11-22 08:00:00,donor,3,0,0,0,0.6234861666666667,3,1
2022-11-22 08:00:00,receiver,22,81,24,57,0.7950253068181818,22,0
2022-11-22 09:00:00,donor,13,70,70,0,0.7524199338461539,0,3
2022-11-22 09:00:00,receiver,38,187,104,83,0.7644525628947368,0,1
2022-11-22 10:00:00,donor,10,64,64,0,0.779413479,0,2
2022-11-22 10:00:00,receiver,35,177,115,62,0.8134521542857143,0,2
2022-11-22 11:00:00,donor,7,42,42,0,0.7080036571428572,0,2
2022-11-22 11:00:00,receiver,26,116,105,11,0.8113621565384614,0,0
2022-11-22 12:00:00,donor,3,20,20,0,0.6791687999999999,0,0
2022-11-22 12:00:00,receiver,26,115,90,25,0.812206295,0,0
2022-11-22 13:00:00,donor,1,3,3,0,0.5632902,0,1
2022-11-22 13:00:00,receiver,35,170,88,82,0.7534218208571428,0,0
2022-11-22 14:00:00,donor,2,13,13,0,0.6410574,0,0
2022-11-22 14:00:00,receiver,25,109,85,24,0.8034618548,0,0
2022-11-22 15:00:00,donor,2,12,12,0,0.612542835,0,0
2022-11-22 15:00:00,receiver,15,52,46,6,0.909917288,0,0
2022-11-22 16:00:00,donor,3,17,17,0,0.6442459133333333,0,0
2022-11-22 16:00:00,receiver,14,40,25,15,0.9002178571428571,0,0
2022-11-22 17:00:00,donor,2,12,12,0,0.66679192,0,0
2022-11-22 17:00:00,receiver,12,25,21,4,0.9031245533333333,0,1
2022-11-22 18:00:00,donor,1,6,6,0,0.5597097,1,0
2022-11-22 18:00:00,receiver,12,27,20,7,0.9105724608333334,12,0
2022-11-22 19:00:00,donor,1,5,5,0,0.5709017,1,0
2022-11-22 19:00:00,receiver,13,34,27,7,0.9013119638461539,13,1
2022-11-22 20:00:00,donor,2,13,13,0,0.7540825499999999,0,0
2022-11-22 20:00:00,receiver,18,65,39,26,0.8633594138888889,0,0
2022-11-22 21:00:00,donor,3,21,21,0,0.8336262133333333,0,0
2022-11-22 21:00:00,receiver,20,76,45,31,0.860756971,0,4
2022-11-22 22:00:00,donor,4,27,27,0,0.86970404,0,0
2022-11-22 22:00:00,receiver,17,61,38,23,0.924272785882353,0,2
2022-11-22 23:00:00,donor,4,28,28,0,0.8609785875,0,0
2022-11-22 23:00:00,receiver,18,63,52,11,0.8999638211111112,0,1
2022-11-23 00:00:00,donor,3,18,18,0,0.8179124533333333,0,0
2022-11-23 00:00:00,receiver,16,47,44,3,0.91297799125,0,0
2022-11-23 01:00:00,donor,3,18,18,0,0.7568140666666666,0,0
2022-11-23 01:00:00,receiver,19,69,66,3,0.9461040689473684,0,0
2022-11-23 02:00:00,donor,3,20,20,0,0.9236722333333334,0,0
2022-11-23 02:00:00,receiver,17,60,59,1,0.9640290582352942,0,0
2022-11-23 03:00:00,donor,4,25,25,0,0.84665974,0,0
2022-11-23 03:00:00,receiver,15,45,44,1,0.9705827333333333,0,0
2022-11-23 04:00:00,donor,3,21,21,0,0.9560299466666667,0,0
2022-11-23 04:00:00,receiver,14,40,39,1,0.9788535692857143,0,0
2022-11-23 05:00:00,donor,1,8,8,0,0.9396188,0,0
2022-11-23 05:00:00,receiver,15,46,44,2,0.9722762340000001,0,0
2022-11-23 06:00:00,donor,1,7,7,0,0.7002448,0,0
2022-11-23 06:00:00,receiver,13,33,31,2,0.9104605946153845,0,0
2022-11-23 07:00:00,receiver,11,17,17,0,0.8932685818181819,0,0
2022-11-23 08:00:00,donor,3,18,18,0,0.6594311300000001,3,0
2022-11-23 08:00:00,receiver,30,117,44,73,0.742353633,30,5
2022-11-23 09:00:00,donor,3,15,15,0,0.6979851233333333,0,1
2022-11-23 09:00:00,receiver,38,185,82,103,0.745469485,0,5
2022-11-23 10:00:00,donor,5,29,29,0,0.700105164,0,1
2022-11-23 10:00:00,receiver,34,166,128,38,0.7844232438235295,0,5
2022-11-23 11:00:00,donor,6,34,34,0,0.6970724916666667,0,1
2022-11-23 11:00:00,receiver,28,131,109,22,0.8196476775,0,2
2022-11-23 12:00:00,donor,5,27,27,0,0.74235206,0,1
2022-11-23 12:00:00,receiver,29,135,110,25,0.8038905610344828,0,3
2022-11-23 13:00:00,donor,5,28,28,0,0.71829437,0,1
2022-11-23 13:00:00,receiver,27,126,98,28,0.771038912962963,0,3
2022-11-23 14:00:00,donor,1,5,5,0,0.6707277,0,0
2022-11-23 14:00:00,receiver,25,112,59,53,0.7700057592,0,3
2022-11-23 15:00:00,donor,2,10,10,0,0.6047191700000001,0,0
2022-11-23 15:00:00,receiver,16,47,36,11,0.84815019875,0,2
2022-11-23 16:00:00,donor,1,6,6,0,0.660417,0,0
2022-11-23 16:00:00,receiver,17,58,33,25,0.8468474,0,1
2022-11-23 17:00:00,receiver,17,53,29,24,0.787781304117647,0,0
2022-11-23 18:00:00,receiver,20,70,19,51,0.8025186919999999,20,1
2022-11-23 19:00:00,donor,2,10,10,0,0.5693124700000001,2,1
2022-11-23 19:00:00,receiver,33,158,30,128,0.7736456812121213,33,4
2022-11-23 20:00:00,donor,3,16,16,0,0.6722251333333333,0,1
2022-11-23 20:00:00,receiver,44,231,66,165,0.7754511865909091,0,5
2022-11-23 21:00:00,donor,6,33,33,0,0.6887334616666667,0,1
2022-11-23 21:00:00,receiver,40,210,103,107,0.85092569925,0,6
2022-11-23 22:00:00,donor,12,73,73,0,0.7604960316666666,0,1
2022-11-23 22:00:00,receiver,42,219,125,94,0.8442606964285715,0,5
2022-11-23 23:00:00,donor,17,98,98,0,0.7622776652941177,0,2
2022-11-23 23:00:00,receiver,37,188,115,73,0.8797431740540541,0,4
2022-11-24 00:00:00,donor,12,76,76,0,0.8456946075,0,0
2022-11-24 00:00:00,receiver,38,204,116,88,0.9084235655263159,0,4
2022-11-24 01:00:00,donor,11,76,76,0,0.8921248027272728,0,0
2022-11-24 01:00:00,receiver,40,210,124,86,0.9285244199999999,0,6
2022-11-24 02:00:00,donor,9,61,61,0,0.8606340066666667,0,0
2022-11-24 02:00:00,receiver,36,177,122,55,0.9442860519444444,0,5
2022-11-24 03:00:00,donor,6,43,43,0,0.9513462783333333,0,0
2022-11-24 03:00:00,receiver,35,159,108,51,0.9392204302857142,0,6
2022-11-24 04:00:00,donor,5,34,34,0,0.921548746,0,0
2022-11-24 04:00:00,receiver,31,137,101,36,0.9492675964516128,0,3
2022-11-24 05:00:00,donor,5,33,33,0,0.929911504,0,0
2022-11-24 05:00:00,receiver,31,136,98,38,0.9454759590322581,0,3
2022-11-24 06:00:00,donor,2,13,13,0,0.789061725,0,0
2022-11-24 06:00:00,receiver,27,113,74,39,0.8855832792592593,0,3
2022-11-24 07:00:00,donor,3,19,19,0,0.6422031066666666,0,0
2022-11-24 07:00:00,receiver,18,53,46,7,0.8776704344444445,0,0
2022-11-24 08:00:00,donor,4,18,18,0,0.60505714,4,0
2022-11-24 08:00:00,receiver,22,70,32,38,0.8407717786363637,22,1
2022-11-24 09:00:00,donor,6,31,31,0,0.7356002683333333,0,1
2022-11-24 09:00:00,receiver,32,133,66,67,0.7758874278125,0,2
2022-11-24 10:00:00,donor,9,48,48,0,0.7277913155555555,0,3
2022-11-24 10:00:00,receiver,30,124,85,39,0.795765935,0,2
2022-11-24 11:00:00,donor,6,34,34,0,0.779339985,0,1
2022-11-24 11:00:00,receiver,32,139,97,42,0.7944898890625,0,0
2022-11-24 12:00:00,donor,6,34,34,0,0.7110677083333333,0,1
2022-11-24 12:00:00,receiver,24,87,84,3,0.8078061879166666,0,0
2022-11-24 13:00:00,donor,7,44,44,0,0.6307001385714285,0,1
2022-11-24 13:00:00,receiver,32,135,93,42,0.7792204453125,0,1
2022-11-24 14:00:00,donor,2,15,15,0,0.779743835,0,0
2022-11-24 14:00:00,receiver,22,74,60,14,0.8487303063636364,0,1
2022-11-24 15:00:00,donor,1,7,7,0,0.9197373,0,0
2022-11-24 15:00:00,receiver,24,82,51,31,0.7873381408333334,0,2
2022-11-24 16:00:00,donor,2,11,11,0,0.86450732,0,1
2022-11-24 16:00:00,receiver,21,62,48,14,0.8326635538095237,0,1
2022-11-24 17:00:00,donor,1,7,7,0,0.94685745,0,0
2022-11-24 17:00:00,receiver,19,51,32,19,0.8832064847368422,0,1
2022-11-24 18:00:00,donor,1,8,8,0,0.9550738,1,0
2022-11-24 18:00:00,receiver,19,50,26,24,0.8631906415789473,19,2
2022-11-24 19:00:00,donor,5,29,29,0,0.6686265779999999,5,1
2022-11-24 19:00:00,receiver,24,78,47,31,0.8353518833333333,24,1
2022-11-24 20:00:00,donor,5,30,30,0,0.720330816,0,0
2022-11-24 20:00:00,receiver,24,76,58,18,0.8131336591666667,0,1
2022-11-24 21:00:00,donor,6,34,34,0,0.702416595,0,0
2022-11-24 21:00:00,receiver,19,45,41,4,0.9190079726315791,0,1
2022-11-24 22:00:00,donor,8,50,50,0,0.769351335,0,0
2022-11-24 22:00:00,receiver,19,40,38,2,0.9014376215789475,0,1
2022-11-24 23:00:00,donor,5,34,34,0,0.88712692,0,0
2022-11-24 23:00:00,receiver,17,28,28,0,0.9342793964705882,0,1
2022-11-25 00:00:00,donor,6,37,37,0,0.765374565,0,0
2022-11-25 00:00:00,receiver,21,35,30,5,0.9370574300000001,0,1
2022-11-25 01:00:00,donor,5,35,35,0,0.9347460999999999,0,0
2022-11-25 01:00:00,receiver,28,59,54,5,0.9456212896428572,0,3
2022-11-25 02:00:00,donor,5,30,30,0,0.789728298,0,0
2022-11-25 02:00:00,receiver,26,48,48,0,0.9697495569230768,0,2
2022-11-25 03:00:00,donor,4,25,25,0,0.8465431674999999,0,0
2022-11-25 03:00:00,receiver,24,33,33,0,0.9743637391666667,0,2
2022-11-25 04:00:00,donor,3,21,21,0,0.9636196533333333,0,0
2022-11-25 04:00:00,receiver,22,21,21,0,0.9833489877272726,0,2
2022-11-25 05:00:00,donor,5,33,33,0,0.908096088,0,0
2022-11-25 05:00:00,receiver,25,42,42,0,0.9657873736,0,2
2022-11-25 06:00:00,donor,3,18,18,0,0.7563370766666666,0,0
2022-11-25 06:00:00,receiver,25,42,42,0,0.9346746512,0,1
2022-11-25 07:00:00,donor,2,13,13,0,0.766006945,0,0
2022-11-25 07:00:00,receiver,22,23,19,4,0.9399458395454545,0,1
2022-11-25 08:00:00,donor,1,8,8,0,0.9505632,1,0
2022-11-25 08:00:00,receiver,28,61,31,30,0.8609268253571428,28,2
2022-11-25 09:00:00,donor,7,28,28,0,0.7128453585714285,0,1
2022-11-25 09:00:00,receiver,31,82,54,28,0.8481536519354839,0,4
2022-11-25 10:00:00,donor,5,31,31,0,0.796720196,0,1
2022-11-25 10:00:00,receiver,36,122,88,34,0.8407258472222222,0,2
2022-11-25 11:00:00,donor,6,41,41,0,0.8106650216666668,0,1
2022-11-25 11:00:00,receiver,38,135,124,11,0.8389880739473684,0,5
2022-11-25 12:00:00,donor,7,42,42,0,0.7449453871428571,0,2
2022-11-25 12:00:00,receiver,34,111,109,2,0.8558527461764706,0,1
2022-11-25 13:00:00,donor,3,21,21,0,0.8081597500000001,0,0
2022-11-25 13:00:00,receiver,31,90,83,7,0.8617763351612904,0,2
2022-11-25 14:00:00,donor,3,19,19,0,0.72889678,0,0
2022-11-25 14:00:00,receiver,31,90,52,38,0.8468237206451613,0,1
2022-11-25 15:00:00,donor,1,8,8,0,0.9454349,0,0
2022-11-25 15:00:00,receiver,31,91,41,50,0.850158094516129,0,0
2022-11-25 16:00:00,donor,2,13,13,0,0.749664635,0,0
2022-11-25 16:00:00,receiver,25,49,43,6,0.9072682152,0,1
2022-11-25 17:00:00,donor,4,25,25,0,0.70708865,0,0
2022-11-25 17:00:00,receiver,29,71,53,18,0.8783032044827587,0,1
2022-11-25 18:00:00,donor,3,18,18,0,0.7578153866666666,3,0
2022-11-25 18:00:00,receiver,29,70,47,23,0.869357522413793,29,2
2022-11-25 19:00:00,donor,3,14,14,0,0.6074469166666666,3,0
2022-11-25 19:00:00,receiver,33,111,60,51,0.8396010615151516,33,1
2022-11-25 20:00:00,donor,5,29,29,0,0.633562596,0,1
2022-11-25 20:00:00,receiver,35,121,75,46,0.8333261762857144,0,1
2022-11-25 21:00:00,donor,10,63,63,0,0.66202642,0,2
2022-11-25 21:00:00,receiver,38,135,104,31,0.8416733939473684,0,0
2022-11-25 22:00:00,donor,8,54,54,0,0.7598726125,0,2
2022-11-25 22:00:00,receiver,37,136,104,32,0.8818015967567568,0,1
2022-11-25 23:00:00,donor,8,50,50,0,0.7519149875,0,2
2022-11-25 23:00:00,receiver,39,169,110,59,0.874572761025641,0,1
2022-11-26 00:00:00,donor,6,36,36,0,0.6722815833333334,0,1
2022-11-26 00:00:00,receiver,32,139,88,51,0.907647555,0,1
2022-11-26 01:00:00,donor,3,17,17,0,0.7101528366666666,0,0
2022-11-26 01:00:00,receiver,33,134,86,48,0.9045570045454545,0,3
2022-11-26 02:00:00,donor,1,6,6,0,0.9056486,0,0
2022-11-26 02:00:00,receiver,35,153,65,88,0.8933675474285714,0,4
2022-11-26 03:00:00,donor,3,18,18,0,0.8113505,0,0
2022-11-26 03:00:00,receiver,37,168,80,88,0.8996489964864864,0,4
2022-11-26 04:00:00,donor,1,8,8,0,0.9713884,0,0
2022-11-26 04:00:00,receiver,35,157,72,85,0.9182832022857144,0,5
2022-11-26 05:00:00,donor,1,7,7,0,0.9731259,0,0
2022-11-26 05:00:00,receiver,38,176,92,84,0.9124005502631579,0,6
2022-11-26 06:00:00,donor,3,20,20,0,0.8278014766666667,0,0
2022-11-26 06:00:00,receiver,40,187,94,93,0.89632981875,0,6
2022-11-26 07:00:00,donor,2,15,15,0,0.8948284950000001,0,0
2022-11-26 07:00:00,receiver,41,179,91,88,0.9026895760975611,0,6
2022-11-26 08:00:00,donor,3,20,20,0,0.6976198666666665,3,0
2022-11-26 08:00:00,receiver,41,159,93,66,0.8463474526829268,41,6
2022-11-26 09:00:00,donor,2,13,13,0,0.836909285,0,0
2022-11-26 09:00:00,receiver,41,158,66,92,0.8367751095121951,0,8
2022-11-26 10:00:00,receiver,29,78,53,25,0.8834858734482759,0,4
2022-11-26 11:00:00,receiver,32,102,49,53,0.8693146209375,0,4
2022-11-26 12:00:00,receiver,36,129,45,84,0.8505239869444444,0,4
2022-11-26 13:00:00,donor,1,7,7,0,0.71315455,0,0
2022-11-26 13:00:00,receiver,36,131,51,80,0.8328989183333334,0,4
2022-11-26 14:00:00,receiver,38,140,55,85,0.8008352805263158,0,3
2022-11-26 15:00:00,donor,3,16,16,0,0.5878821200000001,0,0
2022-11-26 15:00:00,receiver,36,124,69,55,0.8178156033333334,0,3
2022-11-26 16:00:00,donor,2,12,12,0,0.6987349,0,0
2022-11-26 16:00:00,receiver,30,86,50,36,0.8753386266666666,0,1
2022-11-26 17:00:00,donor,1,5,5,0,0.5501376,0,0
2022-11-26 17:00:00,receiver,28,73,41,32,0.8799262382142857,0,2
2022-11-26 18:00:00,donor,2,11,11,0,0.742943225,2,0
2022-11-26 18:00:00,receiver,28,73,36,37,0.8806332928571429,28,5
2022-11-26 19:00:00,donor,4,22,22,0,0.646639475,4,0
2022-11-26 19:00:00,receiver,36,124,57,67,0.8380158655555555,36,5
2022-11-26 20:00:00,donor,3,17,17,0,0.7391710799999999,0,0
2022-11-26 20:00:00,receiver,31,97,68,29,0.8537148496774194,0,4
2022-11-26 21:00:00,donor,4,24,24,0,0.73067746,0,1
2022-11-26 21:00:00,receiver,37,137,68,69,0.876878235945946,0,3
2022-11-26 22:00:00,donor,4,25,25,0,0.80416526,0,1
2022-11-26 22:00:00,receiver,34,120,61,59,0.904428790882353,0,3
2022-11-26 23:00:00,donor,5,28,28,0,0.718519212,0,2
2022-11-26 23:00:00,receiver,37,162,75,87,0.8891509278378378,0,4
2022-11-27 00:00:00,donor,1,6,6,0,0.9036821,0,0
2022-11-27 00:00:00,receiver,33,131,53,78,0.915364,0,5
2022-11-27 01:00:00,donor,2,14,14,0,0.902548265,0,0
2022-11-27 01:00:00,receiver,35,146,52,94,0.9131454308571428,0,5
2022-11-27 02:00:00,donor,3,19,19,0,0.8293022833333333,0,0
2022-11-27 02:00:00,receiver,37,165,47,118,0.9159754664864865,0,5
2022-11-27 03:00:00,donor,2,14,14,0,0.94788625,0,0
2022-11-27 03:00:00,receiver,41,195,45,150,0.9200389446341464,0,7
2022-11-27 04:00:00,donor,6,32,32,0,0.6298547066666667,0,0
2022-11-27 04:00:00,receiver,43,198,66,132,0.9090651134883722,0,8
2022-11-27 05:00:00,donor,5,31,31,0,0.8763007139999999,0,0
2022-11-27 05:00:00,receiver,44,213,81,132,0.9270163422727272,0,9
2022-11-27 06:00:00,donor,5,32,32,0,0.816351718,0,0
2022-11-27 06:00:00,receiver,46,227,75,152,0.9086437041304348,0,9
2022-11-27 07:00:00,donor,4,27,27,0,0.8614238175,0,0
2022-11-27 07:00:00,receiver,42,198,99,99,0.9059334542857143,0,8
2022-11-27 08:00:00,donor,5,32,32,0,0.7820965,5,0
2022-11-27 08:00:00,receiver,40,171,102,69,0.8942348015,40,8
2022-11-27 09:00:00,donor,6,35,35,0,0.7125572266666667,0,0
2022-11-27 09:00:00,receiver,37,141,94,47,0.894764745945946,0,6
2022-11-27 10:00:00,donor,5,31,31,0,0.782943714,0,0
2022-11-27 10:00:00,receiver,41,150,96,54,0.8236301446341464,0,6
2022-11-27 11:00:00,donor,6,35,35,0,0.71581693,0,0
2022-11-27 11:00:00,receiver,35,123,77,46,0.8606173751428571,0,3
2022-11-27 12:00:00,donor,3,18,18,0,0.7678069866666667,0,0
2022-11-27 12:00:00,receiver,35,117,68,49,0.8574079725714285,0,4
2022-11-27 13:00:00,donor,5,30,30,0,0.703639866,0,1
2022-11-27 13:00:00,receiver,33,107,51,56,0.8676205542424242,0,5
2022-11-27 14:00:00,donor,6,36,36,0,0.6775771966666667,0,1
2022-11-27 14:00:00,receiver,30,81,49,32,0.8417610883333333,0,5
2022-11-27 15:00:00,donor,7,45,45,0,0.6983882257142857,0,1
2022-11-27 15:00:00,receiver,34,111,64,47,0.8373684752941176,0,8
2022-11-27 16:00:00,donor,7,42,42,0,0.6543906771428573,0,0
2022-11-27 16:00:00,receiver,32,97,70,27,0.8736032471875,0,9
2022-11-27 17:00:00,donor,8,51,51,0,0.764221505,0,0
2022-11-27 17:00:00,receiver,39,144,81,63,0.8349863135897436,0,7
2022-11-27 18:00:00,donor,5,36,36,0,0.7826350420000001,5,0
2022-11-27 18:00:00,receiver,34,113,60,53,0.8646094952941176,34,6
2022-11-27 19:00:00,donor,6,39,39,0,0.7147252066666666,6,0
2022-11-27 19:00:00,receiver,35,120,69,51,0.8526686054285715,35,5
2022-11-27 20:00:00,donor,10,62,62,0,0.70890177,0,0
2022-11-27 20:00:00,receiver,30,91,74,17,0.8858018853333333,0,1
2022-11-27 21:00:00,donor,10,65,65,0,0.794389339,0,0
2022-11-27 21:00:00,receiver,32,102,79,23,0.88475911125,0,3
2022-11-27 22:00:00,donor,11,70,70,0,0.7797359081818183,0,0
2022-11-27 22:00:00,receiver,33,116,93,23,0.9066056166666666,0,2
2022-11-27 23:00:00,donor,10,64,64,0,0.762405313,0,0
2022-11-27 23:00:00,receiver,36,132,114,18,0.8984320794444444,0,3
2022-11-28 00:00:00,donor,10,63,63,0,0.810106186,0,0
2022-11-28 00:00:00,receiver,39,177,118,59,0.909395536923077,0,4
2022-11-28 01:00:00,donor,8,50,50,0,0.8662579625,0,0
2022-11-28 01:00:00,receiver,36,170,114,56,0.9455060861111111,0,4
2022-11-28 02:00:00,donor,5,29,29,0,0.846586626,0,0
2022-11-28 02:00:00,receiver,36,170,98,72,0.9409951072222221,0,4
2022-11-28 03:00:00,donor,5,32,32,0,0.9213557099999999,0,0
2022-11-28 03:00:00,receiver,34,158,106,52,0.9380052276470588,0,4
2022-11-28 04:00:00,donor,4,24,24,0,0.84045887,0,0
2022-11-28 04:00:00,receiver,33,151,98,53,0.9412845490909091,0,5
2022-11-28 05:00:00,donor,6,37,37,0,0.8574010599999999,0,0
2022-11-28 05:00:00,receiver,33,152,100,52,0.94830903,0,5
2022-11-28 06:00:00,donor,3,19,19,0,0.8051714866666666,0,0
2022-11-28 06:00:00,receiver,30,132,91,41,0.8954976063333333,0,4
2022-11-28 07:00:00,donor,1,6,6,0,0.8622047,0,0
2022-11-28 07:00:00,receiver,24,91,59,32,0.8621666954166667,0,4
2022-11-28 08:00:00,donor,3,19,19,0,0.8151620933333333,3,0
2022-11-28 08:00:00,receiver,39,184,55,129,0.7901713615384615,39,7
2022-11-28 09:00:00,donor,8,50,50,0,0.8006327825,0,1
2022-11-28 09:00:00,receiver,35,157,86,71,0.811791102,0,2
2022-11-28 10:00:00,donor,10,68,68,0,0.8463017349999999,0,0
2022-11-28 10:00:00,receiver,31,122,115,7,0.8178110648387097,0,1
2022-11-28 11:00:00,donor,7,46,46,0,0.7892977414285715,0,0
2022-11-28 11:00:00,receiver,28,111,106,5,0.8115608817857144,0,1
2022-11-28 12:00:00,donor,6,37,37,0,0.7447087566666667,0,1
2022-11-28 12:00:00,receiver,30,128,122,6,0.8167926726666667,0,2
2022-11-28 13:00:00,donor,1,7,7,0,0.81644845,0,0
2022-11-28 13:00:00,receiver,30,130,96,34,0.8104446230000001,0,1
2022-11-28 14:00:00,receiver,26,104,50,54,0.7951663126923076,0,1
2022-11-28 15:00:00,donor,2,15,15,0,0.8360990500000001,0,0
2022-11-28 15:00:00,receiver,23,85,54,31,0.8328965756521739,0,1
2022-11-28 16:00:00,donor,1,6,6,0,0.5918051,0,0
2022-11-28 16:00:00,receiver,26,99,54,45,0.8147159976923077,0,3
2022-11-28 17:00:00,receiver,25,94,47,47,0.8310966143999999,0,3
2022-11-28 18:00:00,donor,3,22,22,0,0.7279232999999999,3,0
2022-11-28 18:00:00,receiver,29,111,59,52,0.7991900365517242,29,5
2022-11-28 19:00:00,donor,3,21,21,0,0.79140042,3,0
2022-11-28 19:00:00,receiver,28,109,66,43,0.8143705564285714,28,3
2022-11-28 20:00:00,donor,9,52,52,0,0.6594991955555556,0,0
2022-11-28 20:00:00,receiver,34,147,98,49,0.7885746552941176,0,4
2022-11-28 21:00:00,donor,5,31,31,0,0.700377488,0,0
2022-11-28 21:00:00,receiver,30,119,88,31,0.80892475,0,3
2022-11-28 22:00:00,donor,7,41,41,0,0.6865899871428571,0,0
2022-11-28 22:00:00,receiver,38,181,91,90,0.8557518965789473,0,5
2022-11-28 23:00:00,donor,10,64,64,0,0.759901159,0,0
2022-11-28 23:00:00,receiver,39,183,115,68,0.8679072761538461,0,4
2022-11-29 00:00:00,donor,12,73,73,0,0.7621120375,0,0
2022-11-29 00:00:00,receiver,36,166,112,54,0.9182063377777777,0,4
2022-11-29 01:00:00,donor,16,106,106,0,0.893637488125,0,0
2022-11-29 01:00:00,receiver,34,154,112,42,0.9500062250000001,0,4
2022-11-29 02:00:00,donor,12,79,79,0,0.9009317874999999,0,0
2022-11-29 02:00:00,receiver,31,134,87,47,0.9513437883870968,0,4
2022-11-29 03:00:00,donor,10,67,67,0,0.923141841,0,0
2022-11-29 03:00:00,receiver,29,120,76,44,0.9558959572413792,0,4
2022-11-29 04:00:00,donor,10,67,67,0,0.944527755,0,0
2022-11-29 04:00:00,receiver,28,114,76,38,0.9527980314285714,0,4
2022-11-29 05:00:00,donor,9,59,59,0,0.9108195688888888,0,0
2022-11-29 05:00:00,receiver,28,115,78,37,0.9458225596428571,0,4
2022-11-29 06:00:00,donor,6,38,38,0,0.7079884466666666,0,0
2022-11-29 06:00:00,receiver,24,90,61,29,0.9003994949999999,0,2
2022-11-29 07:00:00,donor,2,15,15,0,0.7177708700000001,0,0
2022-11-29 07:00:00,receiver,18,54,35,19,0.886167025,0,1
2022-11-29 08:00:00,receiver,21,73,18,55,0.8598612171428572,21,2
2022-11-29 09:00:00,donor,3,14,14,0,0.7299402333333332,0,0
2022-11-29 09:00:00,receiver,32,135,46,89,0.8089327953125,0,4
2022-11-29 10:00:00,donor,5,27,27,0,0.701645308,0,1
2022-11-29 10:00:00,receiver,30,127,79,48,0.8337038116666666,0,2
2022-11-29 11:00:00,donor,6,35,35,0,0.73195164,0,0
2022-11-29 11:00:00,receiver,32,145,84,61,0.8131648225,0,3
2022-11-29 12:00:00,donor,2,12,12,0,0.69362459,0,0
2022-11-29 12:00:00,receiver,25,94,79,15,0.8208717036000001,0,3
2022-11-29 13:00:00,donor,3,18,18,0,0.6265314033333333,0,0
2022-11-29 13:00:00,receiver,26,103,75,28,0.8180086634615384,0,1
2022-11-29 14:00:00,receiver,23,82,32,50,0.8059298752173913,0,2
2022-11-29 15:00:00,receiver,21,70,20,50,0.8158072457142858,0,0
2022-11-29 16:00:00,donor,1,5,5,0,0.5226086,0,0
2022-11-29 16:00:00,receiver,19,53,21,32,0.8064546394736842,0,1
2022-11-29 17:00:00,donor,1,5,5,0,0.52857614,0,0
2022-11-29 17:00:00,receiver,27,106,30,76,0.779601802962963,0,2
2022-11-29 18:00:00,receiver,28,108,29,79,0.7996617042857144,28,4
2022-11-29 19:00:00,donor,3,18,18,0,0.6648248833333333,3,0
2022-11-29 19:00:00,receiver,39,173,70,103,0.7639759097435898,39,5
2022-11-29 20:00:00,donor,6,35,35,0,0.673765065,0,0
2022-11-29 20:00:00,receiver,41,192,90,102,0.7797664658536585,0,6
2022-11-29 21:00:00,donor,8,43,43,0,0.65238096125,0,0
2022-11-29 21:00:00,receiver,41,195,93,102,0.8350281131707317,0,7
2022-11-29 22:00:00,donor,8,51,51,0,0.78709157625,0,0
2022-11-29 22:00:00,receiver,44,216,109,107,0.8600911829545453,0,6
2022-11-29 23:00:00,donor,7,44,44,0,0.7629164485714286,0,0
2022-11-29 23:00:00,receiver,49,256,129,127,0.8831780997959184,0,6
2022-11-30 00:00:00,donor,9,58,58,0,0.8511951555555555,0,0
2022-11-30 00:00:00,receiver,49,252,145,107,0.9013733097959183,0,6
2022-11-30 01:00:00,donor,12,77,77,0,0.8366021783333334,0,0
2022-11-30 01:00:00,receiver,50,257,145,112,0.9258972545999999,0,7
2022-11-30 02:00:00,donor,7,45,45,0,0.9296637671428571,0,0
2022-11-30 02:00:00,receiver,48,243,129,114,0.939865970625,0,6
2022-11-30 03:00:00,donor,9,57,57,0,0.930560071111111,0,0
2022-11-30 03:00:00,receiver,48,240,134,106,0.9444400639583334,0,6
2022-11-30 04:00:00,donor,8,51,51,0,0.856759625,0,0
2022-11-30 04:00:00,receiver,40,184,106,78,0.9431087577499999,0,5
2022-11-30 05:00:00,donor,7,43,43,0,0.9027286185714285,0,0
2022-11-30 05:00:00,receiver,39,178,109,69,0.9305789000000001,0,6
2022-11-30 06:00:00,donor,2,13,13,0,0.816511215,0,0
2022-11-30 06:00:00,receiver,34,149,85,64,0.8591634067647058,0,4
2022-11-30 07:00:00,receiver,26,102,49,53,0.8067185596153846,0,5
2022-11-30 08:00:00,donor,1,4,4,0,0.56945115,1,0
2022-11-30 08:00:00,receiver,27,101,20,81,0.7883903670370371,27,3
2022-11-30 09:00:00,donor,5,26,26,0,0.743825438,0,1
2022-11-30 09:00:00,receiver,33,144,54,90,0.7863930715151515,0,4
2022-11-30 10:00:00,donor,4,22,22,0,0.8462368625,0,1
2022-11-30 10:00:00,receiver,34,151,66,85,0.8059545508823529,0,4
2022-11-30 11:00:00,donor,5,25,25,0,0.7268171800000001,0,1
2022-11-30 11:00:00,receiver,27,110,80,30,0.8194709022222222,0,1
2022-11-30 12:00:00,donor,6,33,33,0,0.7046305433333333,0,1
2022-11-30 12:00:00,receiver,24,90,78,12,0.8291411325000001,0,1
2022-11-30 13:00:00,donor,1,7,7,0,0.88625216,0,0
2022-11-30 13:00:00,receiver,22,83,60,23,0.834124435909091,0,1
2022-11-30 14:00:00,receiver,27,106,40,66,0.7794365651851852,0,2
2022-11-30 15:00:00,donor,2,12,12,0,0.6989891,0,0
2022-11-30 15:00:00,receiver,28,114,31,83,0.7997924550000001,0,3
2022-11-30 16:00:00,donor,1,6,6,0,0.5495463,0,0
2022-11-30 16:00:00,receiver,26,100,19,81,0.7999266126923078,0,2
2022-11-30 17:00:00,receiver,27,94,28,66,0.8154984948148148,0,3
2022-11-30 18:00:00,donor,1,8,8,0,0.85159683,1,0
2022-11-30 18:00:00,receiver,40,177,47,130,0.78879020175,40,6
2022-11-30 19:00:00,donor,3,16,16,0,0.6322256166666667,3,0
2022-11-30 19:00:00,receiver,42,195,58,137,0.7977459928571429,42,6
2022-11-30 20:00:00,donor,6,27,27,0,0.614770295,0,0
2022-11-30 20:00:00,receiver,56,283,84,199,0.7789939405357142,0,7
2022-11-30 21:00:00,donor,7,44,44,0,0.7035845785714285,0,0
2022-11-30 21:00:00,receiver,52,269,119,150,0.8558071640384616,0,6
2022-11-30 22:00:00,donor,13,71,71,0,0.657095513076923,0,0
2022-11-30 22:00:00,receiver,56,296,154,142,0.8769910121428571,0,7
2022-11-30 23:00:00,donor,18,105,105,0,0.7077805627777778,0,0
2022-11-30 23:00:00,receiver,54,278,164,114,0.8785702718518519,0,8
2022-12-01 00:00:00,donor,14,86,86,0,0.8142060164285715,0,0
2022-12-01 00:00:00,receiver,52,271,157,114,0.9174742317307693,0,7
2022-12-01 01:00:00,donor,17,111,111,0,0.8666399641176471,0,0
2022-12-01 01:00:00,receiver,53,273,174,99,0.9384782264150943,0,11
2022-12-01 02:00:00,donor,15,96,96,0,0.9072421833333333,0,0
2022-12-01 02:00:00,receiver,58,307,171,136,0.9478048189655172,0,10
2022-12-01 03:00:00,donor,13,81,81,0,0.9059861992307692,0,0
2022-12-01 03:00:00,receiver,55,290,165,125,0.9557618405454545,0,10
2022-12-01 04:00:00,donor,13,83,83,0,0.9151344923076923,0,0
2022-12-01 04:00:00,receiver,50,258,159,99,0.9528031914,0,7
2022-12-01 05:00:00,donor,13,82,82,0,0.8800957038461538,0,0
2022-12-01 05:00:00,receiver,47,239,158,81,0.9442422359574468,0,5
2022-12-01 06:00:00,donor,8,51,51,0,0.73097635625,0,0
2022-12-01 06:00:00,receiver,44,217,137,80,0.8689100643181817,0,4
2022-12-01 07:00:00,receiver,35,153,62,91,0.7855411242857143,0,4
2022-12-01 08:00:00,receiver,33,135,23,112,0.7841895590909091,33,5
2022-12-01 09:00:00,donor,3,10,10,0,0.6540492333333333,0,2
2022-12-01 09:00:00,receiver,32,132,29,103,0.78512405125,0,3
2022-12-01 10:00:00,donor,2,9,9,0,0.71513,0,1
2022-12-01 10:00:00,receiver,31,125,63,62,0.7466933112903226,0,4
2022-12-01 11:00:00,donor,5,25,25,0,0.70694092,0,2
2022-12-01 11:00:00,receiver,25,87,73,14,0.8281437004,0,2
2022-12-01 12:00:00,donor,4,22,22,0,0.705970125,0,1
2022-12-01 12:00:00,receiver,26,91,61,30,0.808010903076923,0,2
2022-12-01 13:00:00,donor,1,6,6,0,0.71048623,0,0
2022-12-01 13:00:00,receiver,24,91,50,41,0.8194884091666667,0,2
2022-12-01 14:00:00,receiver,19,56,31,25,0.8371417168421053,0,2
2022-12-01 15:00:00,donor,1,8,8,0,0.8878997,0,0
2022-12-01 15:00:00,receiver,31,136,38,98,0.7681195274193549,0,4
2022-12-01 16:00:00,donor,4,24,24,0,0.6692518425,0,0
2022-12-01 16:00:00,receiver,22,77,46,31,0.8225398663636363,0,3
2022-12-01 17:00:00,donor,2,9,9,0,0.576393615,0,0
2022-12-01 17:00:00,receiver,29,110,43,67,0.7801027899999999,0,3
2022-12-01 18:00:00,donor,5,19,19,0,0.621165532,5,0
2022-12-01 18:00:00,receiver,36,152,41,111,0.7955181058333333,36,5
2022-12-01 19:00:00,donor,4,22,22,0,0.7446218425,4,0
2022-12-01 19:00:00,receiver,46,227,61,166,0.7812450530434782,46,3
2022-12-01 20:00:00,donor,8,52,52,0,0.7273981375,0,1
2022-12-01 20:00:00,receiver,39,184,99,85,0.7969796925641026,0,2
2022-12-01 21:00:00,donor,13,80,80,0,0.7324529953846154,0,1
2022-12-01 21:00:00,receiver,40,178,103,75,0.806260713,0,4
2022-12-01 22:00:00,donor,12,75,75,0,0.7774836541666666,0,0
2022-12-01 22:00:00,receiver,45,224,118,106,0.8403651362222222,0,5
2022-12-01 23:00:00,donor,16,103,103,0,0.787321113125,0,0
2022-12-01 23:00:00,receiver,46,232,132,100,0.852362994347826,0,7
2022-12-02 00:00:00,donor,13,91,91,0,0.8671928,0,0
2022-12-02 00:00:00,receiver,46,230,149,81,0.8767924832608697,0,4
2022-12-02 01:00:00,donor,16,104,104,0,0.837410441875,0,0
2022-12-02 01:00:00,receiver,42,208,140,68,0.9361482502380953,0,5
2022-12-02 02:00:00,donor,16,101,101,0,0.880992738125,0,0
2022-12-02 02:00:00,receiver,47,238,157,81,0.9362232417021276,0,8
2022-12-02 03:00:00,donor,13,81,81,0,0.8964767415384615,0,0
2022-12-02 03:00:00,receiver,45,228,149,79,0.9413558368888889,0,9
2022-12-02 04:00:00,donor,17,106,106,0,0.8601708264705883,0,0
2022-12-02 04:00:00,receiver,41,209,151,58,0.9488909904878049,0,9
2022-12-02 05:00:00,donor,14,89,89,0,0.87973163,0,0
2022-12-02 05:00:00,receiver,49,255,157,98,0.9315543961224491,0,11
2022-12-02 06:00:00,donor,6,41,41,0,0.7516489666666667,0,0
2022-12-02 06:00:00,receiver,48,254,154,100,0.8654896239583333,0,10
2022-12-02 07:00:00,donor,3,20,20,0,0.6545960533333334,0,0
2022-12-02 07:00:00,receiver,40,187,111,76,0.80221156375,0,8
2022-12-02 08:00:00,donor,4,27,27,0,0.743127385,4,0
2022-12-02 08:00:00,receiver,27,81,63,18,0.837951447037037,27,3
2022-12-02 09:00:00,donor,1,4,4,0,0.5670032,0,1
2022-12-02 09:00:00,receiver,33,108,36,72,0.8153362403030303,0,3
2022-12-02 10:00:00,receiver,26,69,37,32,0.8943910446153847,0,2
2022-12-02 11:00:00,receiver,29,90,41,49,0.8751137675862068,0,3
2022-12-02 12:00:00,receiver,28,83,46,37,0.863498952857143,0,4
2022-12-02 13:00:00,receiver,28,82,47,35,0.8597440346428572,0,2
2022-12-02 14:00:00,donor,1,6,6,0,0.54924756,0,0
2022-12-02 14:00:00,receiver,27,77,40,37,0.841744442962963,0,2
2022-12-02 15:00:00,donor,4,24,24,0,0.55043081,0,0
2022-12-02 15:00:00,receiver,33,105,37,68,0.785159306060606,0,4
2022-12-02 16:00:00,donor,2,10,10,0,0.551450935,0,0
2022-12-02 16:00:00,receiver,31,95,41,54,0.827234004516129,0,3
2022-12-02 17:00:00,donor,1,5,5,0,0.5584864,0,0
2022-12-02 17:00:00,receiver,33,116,46,70,0.8578289209090908,0,3
2022-12-02 18:00:00,donor,3,17,17,0,0.61471849,3,0
2022-12-02 18:00:00,receiver,38,135,61,74,0.8104250136842106,38,4
2022-12-02 19:00:00,donor,3,15,15,0,0.63814036,3,0
2022-12-02 19:00:00,receiver,40,151,51,100,0.7997882735,40,3
2022-12-02 20:00:00,donor,2,12,12,0,0.678294525,0,0
2022-12-02 20:00:00,receiver,40,158,66,92,0.8375749515,0,3
2022-12-02 21:00:00,donor,3,17,17,0,0.7236585799999999,0,0
2022-12-02 21:00:00,receiver,36,129,73,56,0.8646273555555556,0,1
2022-12-02 22:00:00,donor,3,19,19,0,0.79552587,0,0
2022-12-02 22:00:00,receiver,34,121,64,57,0.8753656241176471,0,1
2022-12-02 23:00:00,donor,3,18,18,0,0.80803423,0,0
2022-12-02 23:00:00,receiver,28,107,76,31,0.8915541882142858,0,2
2022-12-03 00:00:00,donor,5,32,32,0,0.8485351,0,0
2022-12-03 00:00:00,receiver,25,97,59,38,0.8871314708,0,2
2022-12-03 01:00:00,donor,7,41,41,0,0.7926726714285713,0,0
2022-12-03 01:00:00,receiver,29,128,77,51,0.9178799417241379,0,4
2022-12-03 02:00:00,donor,6,33,33,0,0.7708011833333334,0,0
2022-12-03 02:00:00,receiver,29,130,73,57,0.9284214427586207,0,6
2022-12-03 03:00:00,donor,5,30,30,0,0.84652276,0,0
2022-12-03 03:00:00,receiver,31,142,82,60,0.9332731080645161,0,8
2022-12-03 04:00:00,donor,7,44,44,0,0.8718080128571428,0,0
2022-12-03 04:00:00,receiver,36,174,109,65,0.9101654283333332,0,7
2022-12-03 05:00:00,donor,7,49,49,0,0.9467699428571429,0,0
2022-12-03 05:00:00,receiver,39,195,119,76,0.9099621351282051,0,7
2022-12-03 06:00:00,donor,12,83,78,5,0.8341185675,0,0
2022-12-03 06:00:00,receiver,39,194,123,71,0.9091121669230768,0,8
2022-12-03 07:00:00,donor,8,52,52,0,0.7346035125,0,0
2022-12-03 07:00:00,receiver,36,168,106,62,0.8786672336111111,0,11
2022-12-03 08:00:00,donor,7,46,46,0,0.71887772,7,0
2022-12-03 08:00:00,receiver,36,154,101,53,0.8469783799999999,36,10
2022-12-03 09:00:00,donor,4,25,25,0,0.6839647099999999,0,0
2022-12-03 09:00:00,receiver,36,152,97,55,0.8556748505555556,0,10
2022-12-03 10:00:00,donor,4,27,27,0,0.7573802825,0,0
2022-12-03 10:00:00,receiver,34,136,67,69,0.8461718429411765,0,7
2022-12-03 11:00:00,donor,2,14,14,0,0.8503436449999999,0,0
2022-12-03 11:00:00,receiver,31,120,53,67,0.8692356138709677,0,4
2022-12-03 12:00:00,donor,3,19,19,0,0.7077265,0,0
2022-12-03 12:00:00,receiver,31,122,54,68,0.8578330225806452,0,1
2022-12-03 13:00:00,donor,2,12,12,0,0.7558740749999999,0,0
2022-12-03 13:00:00,receiver,35,147,64,83,0.8321494011428572,0,2
2022-12-03 14:00:00,donor,4,26,26,0,0.682388525,0,0
2022-12-03 14:00:00,receiver,31,117,55,62,0.8281286600000001,0,2
2022-12-03 15:00:00,donor,5,34,34,0,0.7305251100000001,0,0
2022-12-03 15:00:00,receiver,31,118,78,40,0.8406840522580645,0,3
2022-12-03 16:00:00,donor,4,27,27,0,0.731700175,0,0
2022-12-03 16:00:00,receiver,32,130,68,62,0.8603698975,0,2
2022-12-03 17:00:00,donor,6,34,34,0,0.6099417333333333,0,0
2022-12-03 17:00:00,receiver,38,158,75,83,0.8121642115789474,0,3
2022-12-03 18:00:00,donor,2,14,14,0,0.7290338000000001,2,0
2022-12-03 18:00:00,receiver,29,105,48,57,0.8787472755172414,29,1
2022-12-03 19:00:00,donor,2,12,12,0,0.672189685,2,0
2022-12-03 19:00:00,receiver,35,141,68,73,0.8579089348571428,35,2
2022-12-03 20:00:00,donor,5,28,28,0,0.638741242,0,0
2022-12-03 20:00:00,receiver,32,124,66,58,0.8699022025,0,3
2022-12-03 21:00:00,donor,6,36,36,0,0.75862571,0,0
2022-12-03 21:00:00,receiver,30,111,57,54,0.8859402053333334,0,1
2022-12-03 22:00:00,donor,3,18,18,0,0.6954720566666667,0,0
2022-12-03 22:00:00,receiver,25,78,44,34,0.9223101364,0,0
2022-12-03 23:00:00,donor,3,15,15,0,0.6553883333333334,0,0
2022-12-03 23:00:00,receiver,28,103,51,52,0.8977815289285714,0,1
2022-12-04 00:00:00,donor,1,5,5,0,0.552486,0,0
2022-12-04 00:00:00,receiver,30,132,66,66,0.902489624,0,2
2022-12-04 01:00:00,donor,5,29,29,0,0.8108594200000001,0,0
2022-12-04 01:00:00,receiver,33,150,68,82,0.9105083181818182,0,4
2022-12-04 02:00:00,donor,6,33,33,0,0.7369188566666667,0,0
2022-12-04 02:00:00,receiver,34,157,65,92,0.9156004388235294,0,3
2022-12-04 03:00:00,donor,7,42,42,0,0.8225754428571428,0,0
2022-12-04 03:00:00,receiver,32,150,87,63,0.9370308215625001,0,4
2022-12-04 04:00:00,donor,5,31,31,0,0.85569873,0,0
2022-12-04 04:00:00,receiver,34,168,90,78,0.8963296785294118,0,3
2022-12-04 05:00:00,donor,6,39,39,0,0.9150098316666666,0,0
2022-12-04 05:00:00,receiver,35,176,104,72,0.9374514285714286,0,5
2022-12-04 06:00:00,donor,9,61,61,0,0.8262758688888889,0,0
2022-12-04 06:00:00,receiver,36,184,117,67,0.9257467030555555,0,4
2022-12-04 07:00:00,donor,9,63,63,0,0.8553613333333333,0,0
2022-12-04 07:00:00,receiver,37,188,119,69,0.9123963994594594,0,6
2022-12-04 08:00:00,donor,11,70,70,0,0.7318355627272727,11,0
2022-12-04 08:00:00,receiver,37,162,117,45,0.8952533997297298,37,6
2022-12-04 09:00:00,donor,7,47,47,0,0.8228960314285715,0,1
2022-12-04 09:00:00,receiver,36,132,90,42,0.8817042016666666,0,6
2022-12-04 10:00:00,donor,2,13,13,0,0.79735455,0,0
2022-12-04 10:00:00,receiver,29,86,54,32,0.8779788320689655,0,3
2022-12-04 11:00:00,donor,4,26,26,0,0.7523228900000001,0,0
2022-12-04 11:00:00,receiver,25,60,42,18,0.9052914856,0,3
2022-12-04 12:00:00,donor,4,25,25,0,0.6920232125,0,0
2022-12-04 12:00:00,receiver,23,45,40,5,0.9125549791304348,0,1
2022-12-04 13:00:00,donor,4,25,25,0,0.7435712,0,0
2022-12-04 13:00:00,receiver,23,50,31,19,0.9209507843478262,0,0
2022-12-04 14:00:00,donor,3,22,22,0,0.8210408766666667,0,0
2022-12-04 14:00:00,receiver,25,60,41,19,0.8979340576,0,0
2022-12-04 15:00:00,donor,2,13,13,0,0.7256656,0,0
2022-12-04 15:00:00,receiver,27,75,41,34,0.8780602411111111,0,1
2022-12-04 16:00:00,donor,3,21,21,0,0.7510648,0,0
2022-12-04 16:00:00,receiver,23,51,28,23,0.9241731769565217,0,1
2022-12-04 17:00:00,donor,2,13,13,0,0.8137455600000001,0,0
2022-12-04 17:00:00,receiver,20,34,26,8,0.9408950580000001,0,2
2022-12-04 18:00:00,donor,3,18,18,0,0.7221663066666667,3,0
2022-12-04 18:00:00,receiver,20,35,22,13,0.9421241315,20,0
2022-12-04 19:00:00,receiver,22,46,32,14,0.9192106022727273,22,0
2022-12-04 20:00:00,donor,1,7,7,0,0.8040299,0,0
2022-12-04 20:00:00,receiver,18,20,13,7,0.964505885,0,0
2022-12-04 21:00:00,donor,2,11,11,0,0.6554917849999999,0,0
2022-12-04 21:00:00,receiver,21,37,28,9,0.9427372747619047,0,0
2022-12-04 22:00:00,donor,3,17,17,0,0.7237905333333333,0,0
2022-12-04 22:00:00,receiver,23,50,36,14,0.9275206373913044,0,0
2022-12-04 23:00:00,donor,4,24,24,0,0.7557823,0,0
2022-12-04 23:00:00,receiver,21,44,42,2,0.9404980233333333,0,0
2022-12-05 00:00:00,donor,8,46,46,0,0.70738639625,0,0
2022-12-05 00:00:00,receiver,22,56,50,6,0.944146785909091,0,1
2022-12-05 01:00:00,donor,5,31,31,0,0.847551552,0,0
2022-12-05 01:00:00,receiver,19,56,50,6,0.9652873836842105,0,1
2022-12-05 02:00:00,donor,4,23,23,0,0.8129722125000001,0,0
2022-12-05 02:00:00,receiver,18,54,43,11,0.966222805,0,2
2022-12-05 03:00:00,donor,2,12,12,0,0.9224661249999999,0,0
2022-12-05 03:00:00,receiver,17,45,39,6,0.9640284917647058,0,1
2022-12-05 04:00:00,donor,2,12,12,0,0.914269385,0,0
2022-12-05 04:00:00,receiver,22,75,51,24,0.9482716331818182,0,4
2022-12-05 05:00:00,donor,2,12,12,0,0.89323235,0,0
2022-12-05 05:00:00,receiver,21,72,60,12,0.9514671504761905,0,4
2022-12-05 06:00:00,donor,2,13,13,0,0.86973262,0,0
2022-12-05 06:00:00,receiver,20,64,52,12,0.9122362495,0,4
2022-12-05 07:00:00,donor,3,19,19,0,0.8387707966666667,0,0
2022-12-05 07:00:00,receiver,15,33,33,0,0.9171549339999999,0,3
2022-12-05 08:00:00,donor,2,12,12,0,0.6322446500000001,2,0
2022-12-05 08:00:00,receiver,14,25,25,0,0.9176965728571428,14,2
2022-12-05 09:00:00,receiver,16,38,25,13,0.9067948225,0,2
2022-12-05 10:00:00,donor,1,6,6,0,0.77705777,0,0
2022-12-05 10:00:00,receiver,15,34,20,14,0.941151998,0,2
2022-12-05 11:00:00,donor,1,7,7,0,0.9088289,0,0
2022-12-05 11:00:00,receiver,14,25,15,10,0.9243524321428572,0,1
2022-12-05 12:00:00,donor,1,7,7,0,0.9165245,0,0
2022-12-05 12:00:00,receiver,14,19,12,7,0.9481015514285714,0,1
2022-12-05 13:00:00,donor,1,7,7,0,0.9052101,0,0
2022-12-05 13:00:00,receiver,15,25,18,7,0.9271526626666666,0,2
2022-12-05 14:00:00,donor,1,7,7,0,0.9169135,0,0
2022-12-05 14:00:00,receiver,15,25,11,14,0.924013066,0,1
2022-12-05 15:00:00,donor,2,11,11,0,0.674073215,0,0
2022-12-05 15:00:00,receiver,15,24,19,5,0.9236059386666666,0,2
2022-12-05 16:00:00,donor,2,12,12,0,0.76236203,0,0
2022-12-05 16:00:00,receiver,16,31,19,12,0.9106248100000001,0,1
2022-12-05 17:00:00,donor,2,13,13,0,0.84179743,0,0
2022-12-05 17:00:00,receiver,15,25,19,6,0.9351944006666667,0,1
2022-12-05 18:00:00,donor,1,7,7,0,0.9230527,1,0
2022-12-05 18:00:00,receiver,14,19,14,5,0.9519543828571428,14,1
2022-12-05 19:00:00,donor,1,5,5,0,0.51151586,1,0
2022-12-05 19:00:00,receiver,12,8,8,0,0.9927995983333333,12,0
2022-12-05 20:00:00,donor,1,5,5,0,0.51439047,0,0
2022-12-05 20:00:00,receiver,13,14,14,0,0.9703523746153847,0,1
2022-12-05 21:00:00,donor,1,7,7,0,0.92979825,0,0
2022-12-05 21:00:00,receiver,14,18,13,5,0.9391563914285713,0,1
2022-12-05 22:00:00,donor,1,6,6,0,0.9040104,0,0
2022-12-05 22:00:00,receiver,13,15,9,6,0.9833619015384615,0,0
2022-12-05 23:00:00,receiver,12,5,5,0,0.9815463666666666,0,1
2022-12-06 00:00:00,receiver,15,23,12,11,0.9698365846666667,0,2
2022-12-06 01:00:00,receiver,15,24,19,5,0.9709778873333333,0,2
2022-12-06 02:00:00,receiver,21,59,23,36,0.9407530857142857,0,3
2022-12-06 03:00:00,receiver,19,50,31,19,0.9570570210526315,0,2
2022-12-06 04:00:00,receiver,19,49,29,20,0.9528898221052632,0,3
2022-12-06 05:00:00,receiver,22,67,34,33,0.9531139018181818,0,4
2022-12-06 06:00:00,receiver,22,68,36,32,0.9311788954545454,0,5
2022-12-06 07:00:00,receiver,21,65,34,31,0.9305592980952381,0,5
2022-12-06 08:00:00,receiver,22,34,27,7,0.9490093049999999,22,5
2022-12-06 09:00:00,receiver,23,39,26,13,0.9351095939130435,0,4
2022-12-06 10:00:00,receiver,21,31,21,10,0.9417317271428571,0,3
2022-12-06 11:00:00,receiver,20,24,20,4,0.9417923535,0,3
2022-12-06 12:00:00,receiver,19,18,12,6,0.9544047157894737,0,3
2022-12-06 13:00:00,donor,1,6,6,0,0.60562557,0,0
2022-12-06 13:00:00,receiver,18,13,11,2,0.9694977311111111,0,2
2022-12-06 14:00:00,donor,1,7,7,0,0.8249454,0,0
2022-12-06 14:00:00,receiver,22,36,25,11,0.9177529768181819,0,2
2022-12-06 15:00:00,donor,3,21,21,0,0.8312586333333334,0,0
2022-12-06 15:00:00,receiver,22,37,23,14,0.9173041868181818,0,2
2022-12-06 16:00:00,donor,1,6,6,0,0.7130037,0,0
2022-12-06 16:00:00,receiver,18,13,13,0,0.9787428400000001,0,1
2022-12-06 17:00:00,donor,2,14,14,0,0.73506765,0,0
2022-12-06 17:00:00,receiver,20,22,16,6,0.9354089715,0,2
2022-12-06 18:00:00,donor,2,12,12,0,0.6844119,2,0
2022-12-06 18:00:00,receiver,20,23,23,0,0.9484569345,20,2
2022-12-06 19:00:00,donor,2,15,15,0,0.86099093,2,0
2022-12-06 19:00:00,receiver,22,38,36,2,0.9297944322727273,22,2
2022-12-06 20:00:00,donor,1,8,8,0,0.84635246,0,0
2022-12-06 20:00:00,receiver,20,25,25,0,0.9531293460000001,0,2
2022-12-06 21:00:00,donor,1,6,6,0,0.80723023,0,0
2022-12-06 21:00:00,receiver,21,32,30,2,0.9513685942857142,0,2
2022-12-06 22:00:00,donor,1,5,5,0,0.5307663,0,0
2022-12-06 22:00:00,receiver,24,50,36,14,0.93543857625,0,2
2022-12-06 23:00:00,donor,1,5,5,0,0.59182507,0,0
2022-12-06 23:00:00,receiver,22,37,30,7,0.9411738500000001,0,1
2022-12-07 00:00:00,donor,2,12,12,0,0.836944725,0,0
2022-12-07 00:00:00,receiver,19,20,20,0,0.9832219584210526,0,1
2022-12-07 01:00:00,donor,3,17,17,0,0.8111523333333333,0,0
2022-12-07 01:00:00,receiver,23,44,43,1,0.9585247308695652,0,2
2022-12-07 02:00:00,donor,2,12,12,0,0.92830923,0,0
2022-12-07 02:00:00,receiver,24,49,37,12,0.9606431791666666,0,3
2022-12-07 03:00:00,donor,2,12,12,0,0.93480585,0,0
2022-12-07 03:00:00,receiver,25,54,41,13,0.9681298239999999,0,3
2022-12-07 04:00:00,donor,2,12,12,0,0.904571355,0,0
2022-12-07 04:00:00,receiver,24,48,44,4,0.9729328558333333,0,2
2022-12-07 05:00:00,donor,1,6,6,0,0.9307274,0,0
2022-12-07 05:00:00,receiver,25,55,43,12,0.9702509856,0,2
2022-12-07 06:00:00,receiver,23,41,38,3,0.9297978834782608,0,2
2022-12-07 07:00:00,receiver,18,15,15,0,0.9896130422222222,0,0
2022-12-07 08:00:00,donor,1,7,7,0,0.87602216,1,0
2022-12-07 08:00:00,receiver,21,31,22,9,0.9316081442857144,21,1
2022-12-07 09:00:00,receiver,23,45,22,23,0.9284452373913044,0,0
2022-12-07 10:00:00,donor,2,10,10,0,0.523751495,0,1
2022-12-07 10:00:00,receiver,22,36,29,7,0.9106178672727272,0,0
2022-12-07 11:00:00,receiver,24,47,41,6,0.8940379125,0,0
2022-12-07 12:00:00,donor,2,11,11,0,0.575081705,0,1
2022-12-07 12:00:00,receiver,27,74,46,28,0.8854182137037037,0,1
2022-12-07 13:00:00,receiver,25,60,44,16,0.9053149132,0,0
2022-12-07 14:00:00,donor,1,6,6,0,0.70379484,0,0
2022-12-07 14:00:00,receiver,19,17,17,0,0.9432541747368421,0,0
2022-12-07 15:00:00,donor,2,11,11,0,0.60046225,0,0
2022-12-07 15:00:00,receiver,22,37,31,6,0.9083985895454546,0,1
2022-12-07 16:00:00,donor,1,6,6,0,0.66183066,0,0
2022-12-07 16:00:00,receiver,22,38,24,14,0.9133481936363637,0,1
2022-12-07 17:00:00,receiver,23,45,14,31,0.9076048926086956,0,2
2022-12-07 18:00:00,receiver,25,55,7,48,0.895326038,25,2
2022-12-07 19:00:00,donor,2,15,15,0,0.79637465,2,1
2022-12-07 19:00:00,receiver,28,75,35,40,0.8695430892857142,28,2
2022-12-07 20:00:00,donor,4,23,23,0,0.661212445,0,0
2022-12-07 20:00:00,receiver,31,98,46,52,0.8769282848387097,0,2
2022-12-07 21:00:00,donor,5,33,33,0,0.76830444,0,1
2022-12-07 21:00:00,receiver,30,89,65,24,0.902661497,0,5
2022-12-07 22:00:00,donor,7,47,47,0,0.8033510257142857,0,1
2022-12-07 22:00:00,receiver,29,82,72,10,0.9144738186206897,0,4
2022-12-07 23:00:00,donor,4,27,27,0,0.7661517175,0,0
2022-12-07 23:00:00,receiver,32,102,74,28,0.89647675625,0,4
2022-12-08 00:00:00,donor,2,11,11,0,0.75130052,0,0
2022-12-08 00:00:00,receiver,28,81,48,33,0.9122024960714287,0,2
2022-12-08 01:00:00,donor,2,12,12,0,0.86485565,0,0
2022-12-08 01:00:00,receiver,25,57,42,15,0.94959593,0,0
2022-12-08 02:00:00,donor,2,13,13,0,0.91957021,0,0
2022-12-08 02:00:00,receiver,27,67,51,16,0.9491843681481482,0,2
2022-12-08 03:00:00,donor,1,7,7,0,0.970534,0,0
2022-12-08 03:00:00,receiver,29,77,53,24,0.9471803210344828,0,2
2022-12-08 04:00:00,donor,1,7,7,0,0.97533786,0,0
2022-12-08 04:00:00,receiver,28,72,46,26,0.9541568553571428,0,2
2022-12-08 05:00:00,donor,1,7,7,0,0.97772276,0,0
2022-12-08 05:00:00,receiver,29,82,40,42,0.956159247586207,0,3
2022-12-08 06:00:00,donor,1,7,7,0,0.93778765,0,0
2022-12-08 06:00:00,receiver,31,93,47,46,0.9347064467741936,0,4
2022-12-08 07:00:00,donor,1,7,7,0,0.9444602,0,0
2022-12-08 07:00:00,receiver,29,82,44,38,0.9371354503448276,0,4
2022-12-08 08:00:00,donor,2,14,14,0,0.894548085,2,0
2022-12-08 08:00:00,receiver,31,93,50,43,0.8911371916129032,31,5
2022-12-08 09:00:00,donor,1,6,6,0,0.5621144,0,0
2022-12-08 09:00:00,receiver,29,80,47,33,0.9062358655172413,0,5
2022-12-08 10:00:00,donor,1,7,7,0,0.895585,0,0
2022-12-08 10:00:00,receiver,28,74,47,27,0.8983202103571429,0,3
2022-12-08 11:00:00,donor,1,7,7,0,0.90722334,0,0
2022-12-08 11:00:00,receiver,24,50,31,19,0.9438712104166668,0,2
2022-12-08 12:00:00,donor,1,6,6,0,0.7451984,0,0
2022-12-08 12:00:00,receiver,24,49,38,11,0.9274088579166667,0,3
2022-12-08 13:00:00,donor,2,11,11,0,0.62733781,0,0
2022-12-08 13:00:00,receiver,28,72,48,24,0.8915901607142857,0,4
2022-12-08 14:00:00,donor,1,7,7,0,0.8720459,0,0
2022-12-08 14:00:00,receiver,24,54,41,13,0.9261194745833333,0,2
2022-12-08 15:00:00,receiver,22,42,42,0,0.9383156881818181,0,1
2022-12-08 16:00:00,donor,2,11,11,0,0.71484,0,0
2022-12-08 16:00:00,receiver,24,48,39,9,0.9078561945833333,0,3
2022-12-08 17:00:00,donor,1,7,7,0,0.8600489,0,0
2022-12-08 17:00:00,receiver,22,36,32,4,0.9249140131818181,0,2
2022-12-08 18:00:00,receiver,18,11,11,0,0.9719595461111111,18,1
2022-12-08 19:00:00,donor,1,6,6,0,0.724732,1,0
2022-12-08 19:00:00,receiver,21,30,28,2,0.9509266133333334,21,1
2022-12-08 20:00:00,donor,2,13,13,0,0.7527037,0,0
2022-12-08 20:00:00,receiver,18,11,11,0,0.9684884788888889,0,0
2022-12-08 21:00:00,donor,2,15,15,0,0.919638365,0,0
2022-12-08 21:00:00,receiver,17,6,6,0,0.9706066011764707,0,1
2022-12-08 22:00:00,donor,2,14,14,0,0.8866363500000001,0,0
2022-12-08 22:00:00,receiver,20,25,25,0,0.972085543,0,2
2022-12-08 23:00:00,donor,2,13,13,0,0.90049705,0,0
2022-12-08 23:00:00,receiver,22,36,31,5,0.9354411895454546,0,3
2022-12-09 00:00:00,donor,2,14,14,0,0.918449565,0,0
2022-12-09 00:00:00,receiver,20,24,24,0,0.9671611015,0,2
2022-12-09 01:00:00,donor,1,7,7,0,0.9335108,0,0
2022-12-09 01:00:00,receiver,20,23,22,1,0.978373078,0,1
2022-12-09 02:00:00,donor,1,7,7,0,0.95969415,0,0
2022-12-09 02:00:00,receiver,19,17,17,0,0.9780046252631579,0,0
2022-12-09 03:00:00,donor,2,12,12,0,0.768892335,0,0
2022-12-09 03:00:00,receiver,20,25,25,0,0.9738561459999999,0,0
2022-12-09 04:00:00,receiver,21,25,25,0,0.9737339661904763,0,0
2022-12-09 05:00:00,donor,1,5,5,0,0.5654418,0,0
2022-12-09 05:00:00,receiver,19,19,19,0,0.9873801363157896,0,0
2022-12-09 06:00:00,donor,1,6,6,0,0.7822115,0,0
2022-12-09 06:00:00,receiver,21,32,32,0,0.9586354871428572,0,0
2022-12-09 07:00:00,donor,1,6,6,0,0.76225275,0,0
2022-12-09 07:00:00,receiver,19,20,20,0,0.9597025515789475,0,0
2022-12-09 08:00:00,receiver,20,23,23,0,0.9440723215,20,2
2022-12-09 09:00:00,receiver,23,38,32,6,0.9320183226086955,0,2
2022-12-09 10:00:00,donor,1,5,5,0,0.5013688,0,0
2022-12-09 10:00:00,receiver,23,44,29,15,0.9356189273913044,0,1
2022-12-09 11:00:00,receiver,23,42,24,18,0.9244459339130435,0,1
2022-12-09 12:00:00,receiver,21,32,26,6,0.9579058695238094,0,0
2022-12-09 13:00:00,receiver,22,41,30,11,0.9457427181818182,0,0
2022-12-09 14:00:00,donor,2,12,12,0,0.7997603,0,0
2022-12-09 14:00:00,receiver,23,44,29,15,0.9275845913043478,0,2
2022-12-09 15:00:00,donor,1,6,6,0,0.81427705,0,0
2022-12-09 15:00:00,receiver,22,39,26,13,0.92968355,0,1
2022-12-09 16:00:00,receiver,21,31,24,7,0.9434944085714285,0,1
2022-12-09 17:00:00,receiver,19,21,16,5,0.975408555263158,0,0
2022-12-09 18:00:00,donor,1,5,5,0,0.5444835,1,0
2022-12-09 18:00:00,receiver,17,6,6,0,0.9873782529411765,17,0
2022-12-09 19:00:00,receiver,22,38,19,19,0.9200682145454546,22,2
2022-12-09 20:00:00,donor,2,11,11,0,0.7061338850000001,0,0
2022-12-09 20:00:00,receiver,21,32,29,3,0.9409834628571428,0,2
2022-12-09 21:00:00,donor,3,17,17,0,0.783368,0,0
2022-12-09 21:00:00,receiver,22,36,36,0,0.93097627,0,2
2022-12-09 22:00:00,donor,3,19,19,0,0.7869296499999999,0,0
2022-12-09 22:00:00,receiver,20,25,25,0,0.9576663155,0,0
2022-12-09 23:00:00,donor,4,21,21,0,0.7145244625,0,0
2022-12-09 23:00:00,receiver,26,65,52,13,0.9263504934615384,0,2
2022-12-10 00:00:00,donor,1,6,6,0,0.8661274,0,0
2022-12-10 00:00:00,receiver,24,51,49,2,0.941830135,0,1
2022-12-10 01:00:00,donor,2,13,13,0,0.69902937,0,0
2022-12-10 01:00:00,receiver,25,57,50,7,0.9431842128,0,2
2022-12-10 02:00:00,donor,2,11,10,1,0.58188193,0,0
2022-12-10 02:00:00,receiver,25,55,35,20,0.9271024471999999,0,1
2022-12-10 03:00:00,donor,2,12,9,3,0.7564187,0,0
2022-12-10 03:00:00,receiver,26,60,43,17,0.9358779419230768,0,2
2022-12-10 04:00:00,donor,2,14,14,0,0.9494230450000001,0,0
2022-12-10 04:00:00,receiver,29,81,47,34,0.9425540993103448,0,4
2022-12-10 05:00:00,donor,5,28,28,0,0.707050368,0,0
2022-12-10 05:00:00,receiver,32,100,62,38,0.9456988678125,0,6
2022-12-10 06:00:00,donor,4,26,23,3,0.830978075,0,0
2022-12-10 06:00:00,receiver,32,101,79,22,0.9396877275,0,6
2022-12-10 07:00:00,donor,4,24,20,4,0.6531406225,0,0
2022-12-10 07:00:00,receiver,30,86,72,14,0.9338787236666666,0,4
2022-12-10 08:00:00,donor,3,19,19,0,0.8101390233333333,3,0
2022-12-10 08:00:00,receiver,31,93,67,26,0.906792459032258,31,5
2022-12-10 09:00:00,donor,2,12,12,0,0.6892792,0,0
2022-12-10 09:00:00,receiver,28,75,48,27,0.9241000653571428,0,4
2022-12-10 10:00:00,donor,1,6,6,0,0.70544857,0,0
2022-12-10 10:00:00,receiver,30,86,40,46,0.8926159866666666,0,5
2022-12-10 11:00:00,donor,1,6,6,0,0.7688386,0,0
2022-12-10 11:00:00,receiver,27,71,30,41,0.9060034781481482,0,3
2022-12-10 12:00:00,donor,5,28,28,0,0.673397816,0,0
2022-12-10 12:00:00,receiver,26,66,46,20,0.9172953930769231,0,0
2022-12-10 13:00:00,donor,3,19,19,0,0.82830262,0,0
2022-12-10 13:00:00,receiver,29,83,54,29,0.869397818275862,0,3
2022-12-10 14:00:00,donor,2,13,13,0,0.8200951000000001,0,0
2022-12-10 14:00:00,receiver,29,84,66,18,0.8692586079310345,0,3
2022-12-10 15:00:00,donor,4,23,23,0,0.7280092425,0,0
2022-12-10 15:00:00,receiver,26,63,48,15,0.8970791434615385,0,3
2022-12-10 16:00:00,donor,2,12,12,0,0.69246995,0,0
2022-12-10 16:00:00,receiver,28,80,40,40,0.8962168003571429,0,2
2022-12-10 17:00:00,donor,2,13,13,0,0.6235449,0,0
2022-12-10 17:00:00,receiver,23,45,33,12,0.9251316634782608,0,0
2022-12-10 18:00:00,donor,3,18,18,0,0.7455642033333333,3,0
2022-12-10 18:00:00,receiver,30,89,66,23,0.8885138696666667,30,1
2022-12-10 19:00:00,donor,3,19,19,0,0.6693424800000001,3,0
2022-12-10 19:00:00,receiver,30,89,63,26,0.8829899316666666,30,1
2022-12-10 20:00:00,donor,9,48,48,0,0.6652272066666667,0,1
2022-12-10 20:00:00,receiver,35,125,82,43,0.872606578,0,2
2022-12-10 21:00:00,donor,2,10,10,0,0.7731358800000001,0,1
2022-12-10 21:00:00,receiver,28,79,63,16,0.9160497371428571,0,1
2022-12-10 22:00:00,donor,3,16,16,0,0.8385478766666666,0,1
2022-12-10 22:00:00,receiver,30,91,63,28,0.9181638646666667,0,1
2022-12-10 23:00:00,donor,5,28,28,0,0.7439582459999999,0,1
2022-12-10 23:00:00,receiver,32,107,79,28,0.917128401875,0,1
2022-12-11 00:00:00,donor,3,17,17,0,0.7990306766666667,0,0
2022-12-11 00:00:00,receiver,31,98,65,33,0.9289319619354839,0,3
2022-12-11 01:00:00,donor,2,12,12,0,0.906162675,0,0
2022-12-11 01:00:00,receiver,30,96,58,38,0.9563583106666668,0,2
2022-12-11 02:00:00,donor,5,30,30,0,0.868321384,0,0
2022-12-11 02:00:00,receiver,32,105,61,44,0.93047120875,0,1
2022-12-11 03:00:00,donor,6,34,34,0,0.7526843133333334,0,0
2022-12-11 03:00:00,receiver,32,106,66,40,0.9448754978125,0,2
2022-12-11 04:00:00,donor,7,41,41,0,0.8289172514285715,0,0
2022-12-11 04:00:00,receiver,31,98,82,16,0.945270520967742,0,2
2022-12-11 05:00:00,donor,6,37,37,0,0.9338477216666666,0,0
2022-12-11 05:00:00,receiver,30,94,76,18,0.953644049,0,3
2022-12-11 06:00:00,donor,5,32,32,0,0.8931542419999999,0,0
2022-12-11 06:00:00,receiver,28,82,73,9,0.9637822585714285,0,3
2022-12-11 07:00:00,donor,6,37,37,0,0.8438719633333333,0,0
2022-12-11 07:00:00,receiver,27,75,61,14,0.958701002962963,0,3
2022-12-11 08:00:00,donor,4,26,26,0,0.8615210925,4,0
2022-12-11 08:00:00,receiver,27,73,64,9,0.9507716077777778,27,3
2022-12-11 09:00:00,donor,4,26,26,0,0.8379299025,0,0
2022-12-11 09:00:00,receiver,25,57,57,0,0.9313543472000001,0,1
2022-12-11 10:00:00,donor,5,34,34,0,0.881003686,0,0
2022-12-11 10:00:00,receiver,22,38,38,0,0.9520136400000001,0,0
2022-12-11 11:00:00,donor,4,27,27,0,0.880755505,0,0
2022-12-11 11:00:00,receiver,21,32,32,0,0.9393254095238096,0,0
2022-12-11 12:00:00,donor,2,15,15,0,0.934696815,0,0
2022-12-11 12:00:00,receiver,22,37,37,0,0.9183604145454546,0,1
2022-12-11 13:00:00,donor,3,20,20,0,0.8678514,0,0
2022-12-11 13:00:00,receiver,25,59,50,9,0.9128540108,0,2
2022-12-11 14:00:00,donor,6,39,39,0,0.8021704516666667,0,0
2022-12-11 14:00:00,receiver,27,69,66,3,0.8945111562962963,0,1
2022-12-11 15:00:00,donor,3,22,22,0,0.9052089666666667,0,0
2022-12-11 15:00:00,receiver,27,71,61,10,0.8999683551851851,0,0
2022-12-11 16:00:00,donor,4,27,27,0,0.81567316,0,0
2022-12-11 16:00:00,receiver,29,85,73,12,0.8816002651724137,0,1
2022-12-11 17:00:00,donor,1,7,7,0,0.9215083,0,0
2022-12-11 17:00:00,receiver,28,73,49,24,0.8853796832142857,0,1
2022-12-11 18:00:00,donor,1,6,6,0,0.6674606,1,0
2022-12-11 18:00:00,receiver,23,43,43,0,0.9147447430434782,23,0
2022-12-11 19:00:00,donor,2,12,12,0,0.7185220999999999,2,0
2022-12-11 19:00:00,receiver,22,37,36,1,0.9377526272727273,22,0
2022-12-11 20:00:00,donor,5,29,29,0,0.73617085,0,0
2022-12-11 20:00:00,receiver,25,56,49,7,0.9187632268,0,2
2022-12-11 21:00:00,donor,5,30,30,0,0.779611306,0,0
2022-12-11 21:00:00,receiver,29,80,69,11,0.891166662413793,0,2
2022-12-11 22:00:00,donor,6,41,41,0,0.8829490316666666,0,0
2022-12-11 22:00:00,receiver,28,79,76,3,0.9217152632142858,0,5
2022-12-11 23:00:00,donor,9,54,54,0,0.7392125922222221,0,0
2022-12-11 23:00:00,receiver,30,104,86,18,0.9264307443333333,0,4
2022-12-12 00:00:00,donor,9,57,57,0,0.7951078944444444,0,0
2022-12-12 00:00:00,receiver,34,149,89,60,0.9321027305882352,0,4
2022-12-12 01:00:00,donor,6,42,42,0,0.93936953,0,0
2022-12-12 01:00:00,receiver,35,180,102,78,0.9491905268571429,0,3
2022-12-12 02:00:00,donor,8,53,53,0,0.8974394775,0,0
2022-12-12 02:00:00,receiver,31,151,94,57,0.9617466132258065,0,2
2022-12-12 03:00:00,donor,7,48,48,0,0.9552073514285714,0,0
2022-12-12 03:00:00,receiver,32,158,98,60,0.9488821578125,0,2
2022-12-12 04:00:00,donor,8,53,53,0,0.90153329625,0,0
2022-12-12 04:00:00,receiver,31,151,97,54,0.9630717319354838,0,2
2022-12-12 05:00:00,donor,5,34,34,0,0.966185536,0,0
2022-12-12 05:00:00,receiver,29,137,91,46,0.9673687362068966,0,2
2022-12-12 06:00:00,donor,4,28,28,0,0.929291725,0,0
2022-12-12 06:00:00,receiver,26,116,73,43,0.9238976146153846,0,2
2022-12-12 07:00:00,donor,2,14,14,0,0.91573388,0,0
2022-12-12 07:00:00,receiver,25,109,65,44,0.8742606924,0,2
2022-12-12 08:00:00,donor,2,15,15,0,0.9200739250000001,2,0
2022-12-12 08:00:00,receiver,28,121,54,67,0.8426018878571429,28,4
2022-12-12 09:00:00,donor,2,15,15,0,0.9314047700000001,0,0
2022-12-12 09:00:00,receiver,27,99,48,51,0.8434248607407407,0,3
2022-12-12 10:00:00,donor,1,7,7,0,0.95951927,0,0
2022-12-12 10:00:00,receiver,20,66,37,29,0.89332285,0,1
2022-12-12 11:00:00,donor,1,6,6,0,0.9165625,0,0
2022-12-12 11:00:00,receiver,19,56,22,34,0.8768235442105263,0,2
2022-12-12 12:00:00,donor,1,7,7,0,0.9565029,0,0
2022-12-12 12:00:00,receiver,19,60,32,28,0.891076817368421,0,2
2022-12-12 13:00:00,donor,2,14,14,0,0.883053115,0,0
2022-12-12 13:00:00,receiver,19,57,23,34,0.8676824826315789,0,3
2022-12-12 14:00:00,donor,3,22,22,0,0.8578391333333334,0,0
2022-12-12 14:00:00,receiver,19,58,23,35,0.874840062631579,0,5
2022-12-12 15:00:00,donor,4,28,28,0,0.863037685,0,1
2022-12-12 15:00:00,receiver,17,40,27,13,0.9085278811764707,0,2
2022-12-12 16:00:00,donor,2,13,13,0,0.837460375,0,1
2022-12-12 16:00:00,receiver,16,29,20,9,0.92794899875,0,1
2022-12-12 17:00:00,receiver,18,42,20,22,0.8829015772222222,0,1
2022-12-12 18:00:00,donor,1,5,5,0,0.56663084,1,1
2022-12-12 18:00:00,receiver,20,60,26,34,0.8652586145000001,20,3
2022-12-12 19:00:00,receiver,21,66,18,48,0.8648066995238095,21,2
2022-12-12 20:00:00,donor,1,6,6,0,0.71343493,0,0
2022-12-12 20:00:00,receiver,20,68,21,47,0.881555952,0,2
2022-12-12 21:00:00,receiver,25,87,21,66,0.8750972416,0,2
2022-12-12 22:00:00,donor,3,18,18,0,0.7684441999999999,0,0
2022-12-12 22:00:00,receiver,27,90,50,40,0.8793702625925925,0,2
2022-12-12 23:00:00,donor,1,5,5,0,0.61174315,0,0
2022-12-12 23:00:00,receiver,27,100,50,50,0.8971591681481482,0,4
2022-12-13 00:00:00,receiver,32,136,50,86,0.916144645625,0,4
2022-12-13 01:00:00,receiver,32,135,53,82,0.9472669465625,0,4
2022-12-13 02:00:00,receiver,31,124,53,71,0.9520050351612903,0,5
2022-12-13 03:00:00,receiver,29,109,51,58,0.9490200265517241,0,5
2022-12-13 04:00:00,receiver,27,100,54,46,0.9526223222222222,0,4
2022-12-13 05:00:00,receiver,24,82,48,34,0.96161003375,0,4
2022-12-13 06:00:00,donor,1,6,6,0,0.7526945,0,0
2022-12-13 06:00:00,receiver,23,75,52,23,0.8978513004347827,0,4
2022-12-13 07:00:00,donor,1,6,6,0,0.73500353,0,0
2022-12-13 07:00:00,receiver,22,70,47,23,0.8741909236363636,0,3
2022-12-13 08:00:00,donor,1,6,6,0,0.8235306,1,0
2022-12-13 08:00:00,receiver,19,51,37,14,0.9136257636842106,19,2
2022-12-13 09:00:00,receiver,21,57,31,26,0.9129708166666666,0,2
2022-12-13 10:00:00,receiver,21,58,28,30,0.8937093866666667,0,2
2022-12-13 11:00:00,receiver,21,56,30,26,0.900460450952381,0,2
2022-12-13 12:00:00,receiver,20,45,35,10,0.9266128235,0,1
2022-12-13 13:00:00,receiver,19,41,30,11,0.9289468394736842,0,0
2022-12-13 14:00:00,receiver,20,47,35,12,0.9004509255,0,1
2022-12-13 15:00:00,receiver,21,60,33,27,0.9041168733333335,0,2
2022-12-13 16:00:00,donor,1,6,6,0,0.8186848,0,0
2022-12-13 16:00:00,receiver,20,56,26,30,0.9388896965000001,0,2
2022-12-13 17:00:00,donor,1,6,6,0,0.82519424,0,0
2022-12-13 17:00:00,receiver,20,57,36,21,0.92573186,0,1
2022-12-13 18:00:00,donor,2,13,13,0,0.784298365,2,0
2022-12-13 18:00:00,receiver,27,98,54,44,0.8647515103703703,27,4
2022-12-13 19:00:00,donor,3,18,18,0,0.7040330166666667,3,0
2022-12-13 19:00:00,receiver,29,110,65,45,0.8597644955172413,29,5
2022-12-13 20:00:00,donor,4,23,23,0,0.74789421,0,0
2022-12-13 20:00:00,receiver,27,98,68,30,0.8729023033333333,0,2
2022-12-13 21:00:00,donor,4,23,23,0,0.70799318,0,1
2022-12-13 21:00:00,receiver,28,109,94,15,0.8966237925,0,1
2022-12-13 22:00:00,donor,6,36,36,0,0.7659215166666667,0,1
2022-12-13 22:00:00,receiver,28,110,98,12,0.9189604760714286,0,2
2022-12-13 23:00:00,donor,6,35,35,0,0.7912989033333333,0,1
2022-12-13 23:00:00,receiver,28,114,85,29,0.936112885,0,2
2022-12-14 00:00:00,donor,5,32,32,0,0.905335616,0,0
2022-12-14 00:00:00,receiver,31,133,111,22,0.946499329032258,0,3
2022-12-14 01:00:00,donor,6,36,36,0,0.9107647783333334,0,0
2022-12-14 01:00:00,receiver,34,147,113,34,0.9493464323529411,0,5
2022-12-14 02:00:00,donor,7,43,43,0,0.9173290857142857,0,1
2022-12-14 02:00:00,receiver,31,130,118,12,0.9581722790322581,0,5
2022-12-14 03:00:00,donor,6,37,37,0,0.9400449216666668,0,0
2022-12-14 03:00:00,receiver,31,129,119,10,0.9671817035483871,0,5
2022-12-14 04:00:00,donor,4,24,24,0,0.9400013375,0,0
2022-12-14 04:00:00,receiver,28,107,99,8,0.9693490053571429,0,5
2022-12-14 05:00:00,donor,4,24,24,0,0.9329666425,0,0
2022-12-14 05:00:00,receiver,29,113,104,9,0.9594940989655172,0,5
2022-12-14 06:00:00,donor,4,25,25,0,0.81335376,0,0
2022-12-14 06:00:00,receiver,30,119,96,23,0.922437596,0,5
2022-12-14 07:00:00,donor,3,18,18,0,0.7822299066666667,0,0
2022-12-14 07:00:00,receiver,27,94,78,16,0.8737097103703704,0,3
2022-12-14 08:00:00,donor,1,5,5,0,0.60073173,1,0
2022-12-14 08:00:00,receiver,26,87,54,33,0.8699443719230769,26,5
2022-12-14 09:00:00,donor,5,25,25,0,0.7503416460000001,0,2
2022-12-14 09:00:00,receiver,31,119,77,42,0.852835684516129,0,5
2022-12-14 10:00:00,donor,7,43,43,0,0.8084999228571429,0,1
2022-12-14 10:00:00,receiver,31,134,104,30,0.851316490967742,0,4
2022-12-14 11:00:00,donor,7,42,42,0,0.83499845,0,2
2022-12-14 11:00:00,receiver,31,126,90,36,0.8571392474193549,0,3
2022-12-14 12:00:00,donor,6,35,35,0,0.8016446016666667,0,1
2022-12-14 12:00:00,receiver,33,126,84,42,0.8142409924242424,0,3
2022-12-14 13:00:00,donor,4,20,20,0,0.68015534,0,2
2022-12-14 13:00:00,receiver,26,90,74,16,0.8444613696153845,0,1
2022-12-14 14:00:00,donor,4,21,21,0,0.751938225,0,1
2022-12-14 14:00:00,receiver,19,53,53,0,0.8821579494736842,0,0
2022-12-14 15:00:00,donor,3,16,16,0,0.7707554133333333,0,1
2022-12-14 15:00:00,receiver,21,62,62,0,0.884885599047619,0,1
2022-12-14 16:00:00,donor,2,9,9,0,0.7480090699999999,0,1
2022-12-14 16:00:00,receiver,19,50,47,3,0.9228003931578947,0,0
2022-12-14 17:00:00,donor,2,12,12,0,0.7997879999999999,0,0
2022-12-14 17:00:00,receiver,20,47,39,8,0.909124085,0,1
2022-12-14 18:00:00,receiver,20,45,34,11,0.90514813,20,3
2022-12-14 19:00:00,receiver,20,47,32,15,0.9040814955,20,2
2022-12-14 20:00:00,receiver,24,81,38,43,0.89800710625,0,3
2022-12-14 21:00:00,donor,1,7,7,0,0.8734298,0,1
2022-12-14 21:00:00,receiver,26,96,49,47,0.9159349415384616,0,4
2022-12-14 22:00:00,donor,3,19,19,0,0.7626866333333333,0,1
2022-12-14 22:00:00,receiver,29,110,50,60,0.9205038313793104,0,4
2022-12-14 23:00:00,donor,3,18,18,0,0.7646637233333333,0,0
2022-12-14 23:00:00,receiver,26,96,39,57,0.9222174553846153,0,3
2022-12-15 00:00:00,donor,2,16,16,0,0.9414543799999999,0,0
2022-12-15 00:00:00,receiver,26,89,43,46,0.9515133523076924,0,3
2022-12-15 01:00:00,donor,2,15,15,0,0.9489942,0,0
2022-12-15 01:00:00,receiver,27,101,49,52,0.9587297022222222,0,3
2022-12-15 02:00:00,donor,5,30,30,0,0.71741133,0,0
2022-12-15 02:00:00,receiver,24,80,49,31,0.94699109375,0,1
2022-12-15 03:00:00,donor,3,22,22,0,0.9574930666666667,0,0
2022-12-15 03:00:00,receiver,24,80,49,31,0.9628248783333334,0,0
2022-12-15 04:00:00,donor,3,21,21,0,0.9403653899999999,0,0
2022-12-15 04:00:00,receiver,24,82,55,27,0.96630539,0,0
2022-12-15 05:00:00,donor,3,21,21,0,0.9588878566666666,0,0
2022-12-15 05:00:00,receiver,24,81,56,25,0.9687190991666667,0,0
2022-12-15 06:00:00,donor,1,7,7,0,0.89357865,0,0
2022-12-15 06:00:00,receiver,24,78,55,23,0.9093248891666667,0,0
2022-12-15 07:00:00,donor,2,14,14,0,0.878062605,0,0
2022-12-15 07:00:00,receiver,23,69,45,24,0.8657020117391304,0,0
2022-12-15 08:00:00,donor,2,3,3,0,0.5800643649999999,2,0
2022-12-15 08:00:00,receiver,24,78,51,27,0.8625863004166666,24,0
2022-12-15 09:00:00,donor,2,11,11,0,0.6413187,0,0
2022-12-15 09:00:00,receiver,26,96,67,29,0.8669264961538462,0,1
2022-12-15 10:00:00,donor,2,10,10,0,0.5607901,0,0
2022-12-15 10:00:00,receiver,29,109,55,54,0.8422252362068966,0,3
2022-12-15 11:00:00,donor,4,26,26,0,0.762364535,0,0
2022-12-15 11:00:00,receiver,29,102,61,41,0.8473286286206896,0,2
2022-12-15 12:00:00,donor,1,7,7,0,0.89608514,0,0
2022-12-15 12:00:00,receiver,27,102,60,42,0.8635864592592593,0,3
2022-12-15 13:00:00,donor,3,20,20,0,0.7280384333333333,0,0
2022-12-15 13:00:00,receiver,25,84,65,19,0.8379405252,0,0
2022-12-15 14:00:00,donor,1,7,7,0,0.87486124,0,0
2022-12-15 14:00:00,receiver,23,76,45,31,0.8719711152173913,0,1
2022-12-15 15:00:00,receiver,28,107,41,66,0.8565640892857144,0,2
2022-12-15 16:00:00,receiver,24,70,27,43,0.8467168054166666,0,0
2022-12-15 17:00:00,receiver,26,86,19,67,0.8536112303846154,0,1
2022-12-15 18:00:00,donor,1,6,6,0,0.6492947,1,0
2022-12-15 18:00:00,receiver,25,79,25,54,0.8770593999999999,25,1
2022-12-15 19:00:00,donor,1,5,5,0,0.5582123,1,0
2022-12-15 19:00:00,receiver,25,87,32,55,0.8667961835999999,25,1
2022-12-15 20:00:00,donor,2,10,10,0,0.58135552,0,0
2022-12-15 20:00:00,receiver,29,114,43,71,0.8214357365517241,0,2
2022-12-15 21:00:00,donor,6,39,39,0,0.7256127333333332,0,0
2022-12-15 21:00:00,receiver,25,77,65,12,0.8702762656,0,1
2022-12-15 22:00:00,donor,5,32,32,0,0.795340614,0,0
2022-12-15 22:00:00,receiver,25,77,55,22,0.8855494112,0,2
2022-12-15 23:00:00,donor,5,33,33,0,0.7944275160000001,0,0
2022-12-15 23:00:00,receiver,27,93,73,20,0.895445117037037,0,2
2022-12-16 00:00:00,donor,6,37,37,0,0.7989355250000001,0,0
2022-12-16 00:00:00,receiver,31,124,83,41,0.9021971616129032,0,2
2022-12-16 01:00:00,donor,6,37,37,0,0.84617187,0,0
2022-12-16 01:00:00,receiver,42,188,101,87,0.8983178264285714,0,6
2022-12-16 02:00:00,donor,10,64,64,0,0.8438392880000001,0,0
2022-12-16 02:00:00,receiver,48,225,120,105,0.9030631277083333,0,5
2022-12-16 03:00:00,donor,10,66,66,0,0.907234551,0,0
2022-12-16 03:00:00,receiver,50,242,139,103,0.9201360648000001,0,7
2022-12-16 04:00:00,donor,9,61,61,0,0.9142477766666668,0,0
2022-12-16 04:00:00,receiver,48,234,151,83,0.9260412727083334,0,6
2022-12-16 05:00:00,donor,9,60,60,0,0.9402995177777778,0,0
2022-12-16 05:00:00,receiver,52,275,163,112,0.9451766894230769,0,6
2022-12-16 06:00:00,donor,7,49,49,0,0.8770514442857144,0,0
2022-12-16 06:00:00,receiver,54,286,162,124,0.8713873507407407,0,5
2022-12-16 07:00:00,donor,3,20,20,0,0.6518408433333334,0,0
2022-12-16 07:00:00,receiver,40,169,95,74,0.8021194642499999,0,3
2022-12-16 08:00:00,donor,3,15,15,0,0.74381825,3,1
2022-12-16 08:00:00,receiver,32,111,65,46,0.8129233753125,32,0
2022-12-16 09:00:00,donor,2,9,9,0,0.82996413,0,1
2022-12-16 09:00:00,receiver,31,105,47,58,0.8429028783870968,0,2
2022-12-16 10:00:00,donor,4,23,23,0,0.79309371,0,1
2022-12-16 10:00:00,receiver,30,102,57,45,0.8779079603333333,0,2
2022-12-16 11:00:00,donor,3,17,17,0,0.7351278,0,1
2022-12-16 11:00:00,receiver,29,95,53,42,0.8926046155172414,0,3
2022-12-16 12:00:00,donor,3,15,15,0,0.7154468566666666,0,1
2022-12-16 12:00:00,receiver,30,99,56,43,0.8738824393333334,0,2
2022-12-16 13:00:00,donor,2,13,13,0,0.6619173899999999,0,0
2022-12-16 13:00:00,receiver,26,78,46,32,0.8923838473076924,0,2
2022-12-16 14:00:00,donor,3,19,19,0,0.6264638,0,0
2022-12-16 14:00:00,receiver,30,104,50,54,0.8521178393333333,0,2
2022-12-16 15:00:00,donor,2,14,14,0,0.709887775,0,0
2022-12-16 15:00:00,receiver,29,97,44,53,0.8784435603448275,0,2
2022-12-16 16:00:00,donor,2,15,15,0,0.76516443,0,0
2022-12-16 16:00:00,receiver,29,80,37,43,0.8758867006896551,0,1
2022-12-16 17:00:00,donor,2,12,12,0,0.6042264500000001,0,0
2022-12-16 17:00:00,receiver,25,56,43,13,0.9228356152,0,2
2022-12-16 18:00:00,receiver,27,68,43,25,0.874968757037037,27,0
2022-12-16 19:00:00,donor,3,18,18,0,0.70368422,3,1
2022-12-16 19:00:00,receiver,29,84,60,24,0.8725824186206897,29,1
2022-12-16 20:00:00,donor,3,20,20,0,0.7796202233333333,0,1
2022-12-16 20:00:00,receiver,33,110,55,55,0.84830282,0,1
2022-12-16 21:00:00,donor,5,34,34,0,0.795641248,0,1
2022-12-16 21:00:00,receiver,36,130,83,47,0.8688065625000001,0,0
2022-12-16 22:00:00,donor,6,38,38,0,0.744146825,0,0
2022-12-16 22:00:00,receiver,36,126,79,47,0.8634009830555556,0,1
2022-12-16 23:00:00,donor,5,32,32,0,0.755783806,0,0
2022-12-16 23:00:00,receiver,33,107,71,36,0.8808516833333333,0,1
2022-12-17 09:00:00,donor,5,31,31,0,0.76740271,0,0
2022-12-17 09:00:00,receiver,50,220,119,101,0.8439875252,0,9
2022-12-17 10:00:00,donor,5,29,29,0,0.693732686,0,0
2022-12-17 10:00:00,receiver,49,211,109,102,0.8607963675510204,0,11
2022-12-17 11:00:00,donor,4,21,21,0,0.6689190275,0,0
2022-12-17 11:00:00,receiver,42,166,89,77,0.8613512249999999,0,7
2022-12-17 12:00:00,donor,1,5,5,0,0.80813557,0,0
2022-12-17 12:00:00,receiver,35,126,64,62,0.8898259054285714,0,6
2022-12-17 13:00:00,donor,2,11,11,0,0.766061125,0,0
2022-12-17 13:00:00,receiver,37,135,54,81,0.8569399813513513,0,6
2022-12-17 14:00:00,receiver,38,136,61,75,0.8397481586842105,0,7
2022-12-17 15:00:00,donor,1,7,7,0,0.8506791,0,0
2022-12-17 15:00:00,receiver,30,93,52,41,0.8968580823333333,0,3
2022-12-17 16:00:00,receiver,32,101,39,62,0.8488371225,0,4
2022-12-17 17:00:00,donor,1,6,6,0,0.69985205,0,0
2022-12-17 17:00:00,receiver,33,109,41,68,0.8687181396969696,0,5
2022-12-17 18:00:00,donor,2,11,11,0,0.68668482,2,0
2022-12-17 18:00:00,receiver,34,115,36,79,0.8767738338235294,34,4
2022-12-17 19:00:00,donor,3,20,20,0,0.74584449,3,0
2022-12-17 19:00:00,receiver,37,132,43,89,0.8538016181081081,37,5
2022-12-17 20:00:00,donor,3,19,19,0,0.69958768,0,0
2022-12-17 20:00:00,receiver,37,134,52,82,0.857701761891892,0,4
2022-12-17 21:00:00,donor,5,30,30,0,0.678048538,0,0
2022-12-17 21:00:00,receiver,34,114,73,41,0.8830527932352942,0,4
2022-12-17 22:00:00,donor,7,43,43,0,0.7504059557142858,0,0
2022-12-17 22:00:00,receiver,28,77,69,8,0.9095030553571428,0,1
2022-12-17 23:00:00,donor,4,25,25,0,0.74284735,0,0
2022-12-17 23:00:00,receiver,30,88,73,15,0.895043222,0,1
2022-12-18 00:00:00,donor,5,31,31,0,0.8238118520000001,0,0
2022-12-18 00:00:00,receiver,30,88,66,22,0.9163156069999999,0,2
2022-12-18 01:00:00,donor,4,24,24,0,0.829866105,0,0
2022-12-18 01:00:00,receiver,30,106,66,40,0.931654646,0,1
2022-12-18 02:00:00,donor,7,45,39,6,0.8689373814285715,0,0
2022-12-18 02:00:00,receiver,37,188,81,107,0.9171456702702703,0,4
2022-12-18 03:00:00,donor,12,77,71,6,0.8684554541666666,0,0
2022-12-18 03:00:00,receiver,43,233,103,130,0.9304536048837209,0,7
2022-12-18 04:00:00,donor,10,64,58,6,0.8891178310000001,0,0
2022-12-18 04:00:00,receiver,46,255,112,143,0.9284463113043478,0,5
2022-12-18 05:00:00,donor,11,75,69,6,0.9240790645454545,0,0
2022-12-18 05:00:00,receiver,54,301,127,174,0.9196939701851852,0,7
2022-12-18 06:00:00,donor,12,81,75,6,0.8609952875000001,0,0
2022-12-18 06:00:00,receiver,57,326,142,184,0.9203084114035087,0,8
2022-12-18 07:00:00,donor,14,92,86,6,0.8532959385714286,0,0
2022-12-18 07:00:00,receiver,57,332,145,187,0.9139202361403509,0,8
2022-12-18 08:00:00,donor,10,63,57,6,0.8195991389999999,10,0
2022-12-18 08:00:00,receiver,54,259,132,127,0.9048487170370371,54,8
2022-12-18 09:00:00,donor,9,56,50,6,0.80109069,0,0
2022-12-18 09:00:00,receiver,49,224,103,121,0.8984073210204082,0,6
2022-12-18 10:00:00,donor,4,26,20,6,0.77513265,0,0
2022-12-18 10:00:00,receiver,42,178,83,95,0.9036454980952381,0,7
2022-12-18 22:00:00,donor,5,31,31,0,0.801984154,0,0
2022-12-18 22:00:00,receiver,34,124,74,50,0.8955761488235294,0,1
2022-12-18 23:00:00,donor,6,37,37,0,0.7674880733333334,0,0
2022-12-18 23:00:00,receiver,37,139,73,66,0.882264451081081,0,2
2022-12-19 00:00:00,donor,6,37,37,0,0.8081806483333334,0,0
2022-12-19 00:00:00,receiver,34,133,74,59,0.9131098226470589,0,1
2022-12-19 01:00:00,donor,8,49,49,0,0.80703362125,0,0
2022-12-19 01:00:00,receiver,30,122,74,48,0.9452041826666666,0,2
2022-12-19 02:00:00,donor,7,47,47,0,0.9201852185714285,0,0
2022-12-19 02:00:00,receiver,30,134,74,60,0.945610914,0,2
2022-12-19 03:00:00,donor,7,46,46,0,0.92428314,0,0
2022-12-19 03:00:00,receiver,31,141,77,64,0.9449098870967741,0,2
2022-12-19 04:00:00,donor,5,35,35,0,0.940474706,0,0
2022-12-19 04:00:00,receiver,33,151,76,75,0.940348686969697,0,3
2022-12-19 05:00:00,donor,5,36,36,0,0.937922204,0,0
2022-12-19 05:00:00,receiver,32,145,84,61,0.9448763084375,0,3
2022-12-19 06:00:00,donor,5,36,36,0,0.873001346,0,0
2022-12-19 06:00:00,receiver,32,145,77,68,0.8775190771875,0,3
2022-12-19 07:00:00,donor,1,7,7,0,0.65878415,0,0
2022-12-19 07:00:00,receiver,36,167,51,116,0.7991723680555556,0,6
2022-12-19 08:00:00,donor,2,12,12,0,0.72313758,2,1
2022-12-19 08:00:00,receiver,34,157,52,105,0.8037693064705882,34,3
2022-12-19 09:00:00,donor,6,38,38,0,0.7517916566666667,0,0
2022-12-19 09:00:00,receiver,29,124,79,45,0.7937351034482759,0,4
2022-12-19 10:00:00,donor,5,29,29,0,0.74467218,0,0
2022-12-19 10:00:00,receiver,28,115,82,33,0.7988094475,0,2
2022-12-19 11:00:00,donor,3,20,20,0,0.81602443,0,0
2022-12-19 11:00:00,receiver,23,84,72,12,0.8352692147826086,0,2
2022-12-19 12:00:00,donor,4,24,24,0,0.7345679275,0,0
2022-12-19 12:00:00,receiver,24,88,74,14,0.8095116975000001,0,1
2022-12-19 13:00:00,donor,1,5,5,0,0.5651492,0,0
2022-12-19 13:00:00,receiver,28,116,62,54,0.7956130339285714,0,2
2022-12-19 14:00:00,receiver,20,71,49,22,0.8377865270000001,0,1
2022-12-19 15:00:00,receiver,27,121,35,86,0.806958272962963,0,1
2022-12-19 16:00:00,donor,2,13,13,0,0.806839325,0,0
2022-12-19 16:00:00,receiver,26,109,33,76,0.8047970911538461,0,0
2022-12-19 17:00:00,donor,2,12,12,0,0.67586978,0,0
2022-12-19 17:00:00,receiver,28,127,34,93,0.8183632517857143,0,1
2022-12-19 18:00:00,donor,3,16,16,0,0.6046782133333334,3,0
2022-12-19 18:00:00,receiver,29,130,45,85,0.8211655299999999,29,2
2022-12-19 19:00:00,donor,5,28,28,0,0.638409492,5,1
2022-12-19 19:00:00,receiver,32,147,64,83,0.7836426346875001,32,4
2022-12-19 20:00:00,donor,3,16,16,0,0.7008752333333333,0,1
2022-12-19 20:00:00,receiver,27,116,51,65,0.827930652962963,0,4
2022-12-19 21:00:00,donor,6,38,38,0,0.7602672166666666,0,0
2022-12-19 21:00:00,receiver,31,141,84,57,0.8562299148387097,0,5
2022-12-19 22:00:00,donor,4,25,25,0,0.8632846275,0,0
2022-12-19 22:00:00,receiver,33,159,88,71,0.8785480415151515,0,3
2022-12-19 23:00:00,donor,6,40,40,0,0.757603715,0,0
2022-12-19 23:00:00,receiver,37,181,92,89,0.858701771081081,0,4
2022-12-20 00:00:00,donor,4,25,25,0,0.796841115,0,0
2022-12-20 00:00:00,receiver,38,191,92,99,0.898713665263158,0,4
2022-12-20 01:00:00,donor,4,26,26,0,0.93657161,0,0
2022-12-20 01:00:00,receiver,36,175,101,74,0.9333298027777778,0,4
2022-12-20 02:00:00,donor,1,6,6,0,0.9372697,0,0
2022-12-20 02:00:00,receiver,32,148,87,61,0.944320946875,0,4
2022-12-20 03:00:00,donor,1,6,6,0,0.93269485,0,0
2022-12-20 03:00:00,receiver,33,152,95,57,0.9353740933333333,0,4
2022-12-20 04:00:00,donor,1,6,6,0,0.93464476,0,0
2022-12-20 04:00:00,receiver,31,138,90,48,0.9439616048387096,0,4
2022-12-20 05:00:00,donor,1,6,6,0,0.936147,0,0
2022-12-20 05:00:00,receiver,32,145,79,66,0.9350788159375,0,5
2022-12-20 06:00:00,donor,1,6,6,0,0.7788242,0,0
2022-12-20 06:00:00,receiver,29,124,67,57,0.8675938048275862,0,5
2022-12-20 07:00:00,receiver,20,66,31,35,0.8453001755,0,3
2022-12-20 08:00:00,receiver,25,98,17,81,0.8136564172,25,2
2022-12-20 09:00:00,donor,1,6,6,0,0.7098927,0,1
2022-12-20 09:00:00,receiver,33,144,46,98,0.795552543939394,0,2
2022-12-20 10:00:00,donor,4,23,23,0,0.6993989775,0,2
2022-12-20 10:00:00,receiver,28,121,62,59,0.8354626321428571,0,4
2022-12-20 11:00:00,donor,3,18,18,0,0.7044658666666667,0,2
2022-12-20 11:00:00,receiver,24,91,69,22,0.8565842004166666,0,3
2022-12-20 14:00:00,donor,2,11,11,0,0.6473779500000001,0,0
2022-12-20 14:00:00,receiver,25,98,64,34,0.7893532168,0,4
2022-12-20 15:00:00,donor,3,15,15,0,0.6965517,0,1
2022-12-20 15:00:00,receiver,29,122,58,64,0.8128848655172414,0,4
2022-12-20 16:00:00,donor,3,16,16,0,0.6339184766666667,0,0
2022-12-20 16:00:00,receiver,25,99,49,50,0.8454370944,0,3
2022-12-20 17:00:00,donor,4,25,25,0,0.72530605,0,1
2022-12-20 17:00:00,receiver,25,97,50,47,0.8581887452,0,2
2022-12-20 18:00:00,donor,3,20,20,0,0.7683066533333333,3,0
2022-12-20 18:00:00,receiver,23,86,42,44,0.8612728795652175,23,0
2022-12-20 19:00:00,donor,2,12,12,0,0.76196197,2,0
2022-12-20 19:00:00,receiver,24,95,37,58,0.8618545004166666,24,1
2022-12-20 20:00:00,receiver,27,115,30,85,0.8472366388888889,0,4
2022-12-20 21:00:00,receiver,25,96,33,63,0.8957507416,0,4
2022-12-20 22:00:00,donor,1,5,5,0,0.6762141,0,0
2022-12-20 22:00:00,receiver,26,109,26,83,0.8907663453846154,0,3
2022-12-20 23:00:00,donor,1,5,5,0,0.66286695,0,0
2022-12-20 23:00:00,receiver,22,82,32,50,0.8889514404545454,0,2
2022-12-21 00:00:00,receiver,25,103,34,69,0.90388582,0,4
2022-12-21 01:00:00,donor,2,12,12,0,0.88142063,0,0
2022-12-21 01:00:00,receiver,29,132,34,98,0.9252549541379311,0,4
2022-12-21 02:00:00,donor,1,6,6,0,0.90586776,0,0
2022-12-21 02:00:00,receiver,32,155,35,120,0.9458286475,0,4
2022-12-21 03:00:00,donor,2,11,11,0,0.895986715,0,0
2022-12-21 03:00:00,receiver,30,137,36,101,0.946286571,0,4
2022-12-21 04:00:00,donor,2,11,11,0,0.90865738,0,0
2022-12-21 04:00:00,receiver,31,143,36,107,0.9419759041935484,0,4
2022-12-21 05:00:00,donor,1,6,6,0,0.9118083,0,0
2022-12-21 05:00:00,receiver,31,139,37,102,0.9447140541935484,0,5
2022-12-21 06:00:00,donor,2,11,11,0,0.7262420199999999,0,0
2022-12-21 06:00:00,receiver,33,154,39,115,0.8664063533333334,0,5
2022-12-21 07:00:00,donor,2,11,11,0,0.712656665,0,0
2022-12-21 07:00:00,receiver,29,134,31,103,0.8277026624137931,0,3
2022-12-21 08:00:00,receiver,35,167,23,144,0.7986810488571429,35,6
2022-12-21 09:00:00,donor,4,20,20,0,0.73575985,0,1
2022-12-21 09:00:00,receiver,43,226,68,158,0.8106647441860465,0,7
2022-12-21 10:00:00,donor,10,55,55,0,0.720233889,0,1
2022-12-21 10:00:00,receiver,40,203,105,98,0.80861930475,0,5
2022-12-21 11:00:00,donor,9,55,55,0,0.7536793388888889,0,1
2022-12-21 11:00:00,receiver,40,194,113,81,0.8085510252500001,0,3
2022-12-21 12:00:00,donor,7,42,42,0,0.7696245485714286,0,1
2022-12-21 12:00:00,receiver,37,181,113,68,0.8094284443243243,0,3
2022-12-21 13:00:00,donor,3,15,15,0,0.73464848,0,1
2022-12-21 13:00:00,receiver,31,148,89,59,0.8274046809677419,0,2
2022-12-21 14:00:00,donor,1,4,4,0,0.8753659,0,1
2022-12-21 14:00:00,receiver,29,130,58,72,0.8143233482758621,0,4
2022-12-21 15:00:00,donor,1,7,7,0,0.7389277,0,0
2022-12-21 15:00:00,receiver,33,155,41,114,0.7910440942424243,0,5
2022-12-21 16:00:00,donor,1,7,7,0,0.8082241,0,0
2022-12-21 16:00:00,receiver,27,122,39,83,0.8333058211111111,0,1
2022-12-21 17:00:00,donor,2,13,13,0,0.8041883,0,1
2022-12-21 17:00:00,receiver,25,105,46,59,0.8378586215999999,0,1
2022-12-21 18:00:00,donor,2,12,12,0,0.56386735,2,0
2022-12-21 18:00:00,receiver,31,136,33,103,0.799314433548387,31,4
2022-12-21 19:00:00,receiver,29,134,33,101,0.8360992648275861,29,3
2022-12-21 20:00:00,donor,2,11,11,0,0.6793146649999999,0,0
2022-12-21 20:00:00,receiver,26,113,31,82,0.8402912480769231,0,2
2022-12-21 21:00:00,donor,4,31,31,0,0.7652413925,0,0
2022-12-21 21:00:00,receiver,27,113,63,50,0.8459188644444445,0,3
2022-12-21 22:00:00,donor,4,24,24,0,0.713989855,0,0
2022-12-21 22:00:00,receiver,24,96,58,38,0.9084126062500001,0,2
2022-12-21 23:00:00,donor,3,17,17,0,0.76829654,0,0
2022-12-21 23:00:00,receiver,24,96,47,49,0.8956694508333333,0,1
2022-12-22 00:00:00,donor,5,32,32,0,0.8201395999999999,0,0
2022-12-22 00:00:00,receiver,24,94,69,25,0.9096592891666667,0,3
2022-12-22 01:00:00,donor,4,26,26,0,0.9107635225,0,0
2022-12-22 01:00:00,receiver,26,114,63,51,0.9453749292307693,0,2
2022-12-22 02:00:00,donor,7,43,43,0,0.8519466057142857,0,0
2022-12-22 02:00:00,receiver,28,122,81,41,0.9257588357142856,0,1
2022-12-22 03:00:00,donor,8,53,53,0,0.91947589875,0,0
2022-12-22 03:00:00,receiver,28,127,83,44,0.9480278746428572,0,2
2022-12-22 04:00:00,donor,7,48,48,0,0.9464136042857143,0,0
2022-12-22 04:00:00,receiver,29,130,90,40,0.9449854858620689,0,3
2022-12-22 05:00:00,donor,7,44,44,0,0.8900910157142857,0,0
2022-12-22 05:00:00,receiver,33,151,88,63,0.9275459978787879,0,5
2022-12-22 06:00:00,donor,4,26,26,0,0.75325375,0,0
2022-12-22 06:00:00,receiver,31,137,79,58,0.8531437516129032,0,6
2022-12-22 07:00:00,donor,1,7,7,0,0.8153493,0,0
2022-12-22 07:00:00,receiver,23,89,46,43,0.82660366,0,3
2022-12-22 08:00:00,donor,2,15,15,0,0.8348996,2,0
2022-12-22 08:00:00,receiver,24,100,24,76,0.8286552404166666,24,4
2022-12-22 09:00:00,donor,1,5,5,0,0.7147995,0,0
2022-12-22 09:00:00,receiver,30,132,30,102,0.81249316,0,2
2022-12-22 10:00:00,donor,2,13,13,0,0.866235325,0,0
2022-12-22 10:00:00,receiver,29,132,52,80,0.8153003651724139,0,2
2022-12-22 11:00:00,donor,4,23,23,0,0.683875125,0,0
2022-12-22 11:00:00,receiver,29,132,45,87,0.8239609979310344,0,1
2022-12-22 12:00:00,donor,4,24,24,0,0.6721193525,0,0
2022-12-22 12:00:00,receiver,23,93,53,40,0.8374721926086955,0,2
2022-12-22 13:00:00,donor,3,21,21,0,0.68766994,0,0
2022-12-22 13:00:00,receiver,18,65,54,11,0.87721368,0,1
2022-12-22 14:00:00,receiver,20,70,32,38,0.8194518009999999,0,3
2022-12-22 15:00:00,donor,1,6,6,0,0.51321167,0,0
2022-12-22 15:00:00,receiver,17,57,22,35,0.866607784117647,0,1
2022-12-22 16:00:00,receiver,17,52,22,30,0.8481876447058824,0,1
2022-12-22 17:00:00,receiver,16,46,23,23,0.87250303625,0,0
2022-12-22 18:00:00,donor,1,6,6,0,0.60523915,1,0
2022-12-22 18:00:00,receiver,19,62,17,45,0.8061530526315789,19,0
2022-12-22 19:00:00,receiver,28,116,28,88,0.7601624039285715,28,1
2022-12-22 20:00:00,receiver,20,73,38,35,0.8375643425,0,0
2022-12-22 21:00:00,donor,4,25,25,0,0.758992165,0,1
2022-12-22 21:00:00,receiver,25,104,69,35,0.85921561,0,1
2022-12-22 22:00:00,donor,3,18,18,0,0.7655006866666666,0,1
2022-12-22 22:00:00,receiver,29,126,62,64,0.8334508206896551,0,1
2022-12-22 23:00:00,donor,1,7,7,0,0.83790994,0,0
2022-12-22 23:00:00,receiver,30,130,44,86,0.8551679409999999,0,3
2022-12-23 00:00:00,donor,3,15,15,0,0.6709805866666666,0,0
2022-12-23 00:00:00,receiver,28,123,54,69,0.8990155642857143,0,0
2022-12-23 01:00:00,donor,5,28,28,0,0.745607632,0,0
2022-12-23 01:00:00,receiver,27,116,61,55,0.9331768533333333,0,1
2022-12-23 02:00:00,donor,6,35,35,0,0.7657891983333333,0,0
2022-12-23 02:00:00,receiver,30,136,72,64,0.9313770553333334,0,3
2022-12-23 03:00:00,donor,8,50,50,0,0.89895276,0,0
2022-12-23 03:00:00,receiver,29,131,74,57,0.9289514293103449,0,2
2022-12-23 04:00:00,donor,9,57,57,0,0.923165628888889,0,0
2022-12-23 04:00:00,receiver,27,115,75,40,0.9318068459259259,0,1
2022-12-23 05:00:00,donor,7,45,45,0,0.89115095,0,0
2022-12-23 05:00:00,receiver,33,156,87,69,0.9305702796969697,0,3
2022-12-23 06:00:00,donor,7,46,46,0,0.7384088328571429,0,0
2022-12-23 06:00:00,receiver,33,161,93,68,0.8859898412121212,0,3
2022-12-23 07:00:00,donor,2,14,14,0,0.7515928000000001,0,0
2022-12-23 07:00:00,receiver,27,110,72,38,0.8333836648148149,0,2
2022-12-23 08:00:00,donor,2,14,14,0,0.822139475,2,0
2022-12-23 08:00:00,receiver,24,73,37,36,0.9108203633333334,24,1
2022-12-23 09:00:00,donor,1,6,6,0,0.6239537,0,0
2022-12-23 09:00:00,receiver,26,72,37,35,0.8673464523076924,0,1
2022-12-23 10:00:00,donor,2,13,13,0,0.7662011200000001,0,0
2022-12-23 10:00:00,receiver,26,76,38,38,0.8685271842307691,0,1
2022-12-23 11:00:00,receiver,23,60,31,29,0.9159802886956522,0,0
2022-12-23 12:00:00,receiver,25,65,32,33,0.9005572700000001,0,1
2022-12-23 13:00:00,donor,1,7,7,0,0.79605895,0,1
2022-12-23 13:00:00,receiver,26,77,37,40,0.8930593403846154,0,1
2022-12-23 14:00:00,donor,2,13,13,0,0.68710447,0,1
2022-12-23 14:00:00,receiver,28,90,40,50,0.8641155789285715,0,2
2022-12-23 15:00:00,receiver,27,83,29,54,0.8836316437037036,0,0
2022-12-23 16:00:00,donor,1,5,5,0,0.525031,0,0
2022-12-23 16:00:00,receiver,31,105,55,50,0.833789800967742,0,2
2022-12-23 17:00:00,donor,5,26,26,0,0.5797939000000001,0,0
2022-12-23 17:00:00,receiver,30,98,51,47,0.8754325163333333,0,1
2022-12-23 18:00:00,donor,3,17,17,0,0.6922326333333334,3,1
2022-12-23 18:00:00,receiver,27,78,52,26,0.8778164055555556,27,0
2022-12-23 19:00:00,donor,1,6,6,0,0.81592274,1,0
2022-12-23 19:00:00,receiver,28,85,48,37,0.8639433185714286,28,0
2022-12-23 20:00:00,donor,4,22,22,0,0.661677275,0,0
2022-12-23 20:00:00,receiver,27,83,60,23,0.907980527037037,0,0
2022-12-23 21:00:00,donor,4,24,24,0,0.811137475,0,1
2022-12-23 21:00:00,receiver,29,95,67,28,0.9167335710344828,0,0
2022-12-23 22:00:00,donor,6,36,36,0,0.7640267783333333,0,1
2022-12-23 22:00:00,receiver,30,96,71,25,0.8991474383333333,0,0
2022-12-23 23:00:00,donor,3,17,17,0,0.76114,0,0
2022-12-23 23:00:00,receiver,29,91,58,33,0.9022484613793104,0,0
2022-12-24 00:00:00,donor,2,10,10,0,0.677986355,0,0
2022-12-24 00:00:00,receiver,30,100,68,32,0.914202923,0,0
2022-12-24 01:00:00,donor,1,7,7,0,0.75414973,0,0
2022-12-24 01:00:00,receiver,29,91,62,29,0.9355863617241379,0,0
2022-12-24 02:00:00,donor,1,6,6,0,0.8986779,0,0
2022-12-24 02:00:00,receiver,26,70,52,18,0.9349297434615385,0,0
2022-12-24 03:00:00,donor,1,6,6,0,0.9252358,0,0
2022-12-24 03:00:00,receiver,31,94,56,38,0.9106597638709677,0,3
2022-12-24 04:00:00,donor,1,7,7,0,0.9517556,0,0
2022-12-24 04:00:00,receiver,30,93,50,43,0.9396678006666667,0,3
2022-12-24 05:00:00,donor,2,12,12,0,0.78111805,0,0
2022-12-24 05:00:00,receiver,32,108,52,56,0.9423910490625,0,4
2022-12-24 06:00:00,donor,2,13,13,0,0.8524676250000001,0,0
2022-12-24 06:00:00,receiver,33,117,70,47,0.942871446060606,0,5
2022-12-24 07:00:00,donor,2,12,12,0,0.6897123350000001,0,0
2022-12-24 07:00:00,receiver,34,125,71,54,0.9294818355882353,0,5
2022-12-24 08:00:00,donor,1,6,6,0,0.70810497,1,0
2022-12-24 08:00:00,receiver,30,104,75,29,0.90686618,30,4
2022-12-24 09:00:00,donor,2,12,12,0,0.68345593,0,0
2022-12-24 09:00:00,receiver,28,82,62,20,0.8726640939285714,0,3
2022-12-24 10:00:00,donor,1,6,6,0,0.74486,0,0
2022-12-24 10:00:00,receiver,23,51,40,11,0.90621856,0,3
2022-12-24 11:00:00,donor,1,6,6,0,0.6600891,0,0
2022-12-24 11:00:00,receiver,24,64,40,24,0.8931662458333333,0,2
2022-12-24 12:00:00,receiver,22,47,40,7,0.906427415,0,1
2022-12-24 13:00:00,donor,2,11,11,0,0.7153484000000001,0,0
2022-12-24 13:00:00,receiver,23,54,32,22,0.8870576995652174,0,2
2022-12-24 14:00:00,donor,2,12,12,0,0.81968067,0,0
2022-12-24 14:00:00,receiver,24,60,35,25,0.8837272058333333,0,2
2022-12-24 15:00:00,donor,3,18,18,0,0.8170571666666667,0,0
2022-12-24 15:00:00,receiver,22,52,30,22,0.9236925927272727,0,2
2022-12-24 16:00:00,donor,2,13,13,0,0.813513065,0,0
2022-12-24 16:00:00,receiver,24,62,36,26,0.8962045670833333,0,2
2022-12-24 17:00:00,donor,4,25,22,3,0.80006875,0,0
2022-12-24 17:00:00,receiver,23,59,45,14,0.9302736704347826,0,2
2022-12-24 18:00:00,donor,4,29,29,0,0.7948736975,4,0
2022-12-24 18:00:00,receiver,22,44,39,5,0.9431992854545453,22,1
2022-12-24 19:00:00,donor,8,51,51,0,0.7100509175,8,0
2022-12-24 19:00:00,receiver,27,73,67,6,0.8770592814814814,27,2
2022-12-24 20:00:00,donor,6,39,39,0,0.7874356866666666,0,0
2022-12-24 20:00:00,receiver,32,104,61,43,0.8462350284375,0,4
2022-12-24 21:00:00,donor,6,38,38,0,0.8267416183333333,0,0
2022-12-24 21:00:00,receiver,31,98,71,27,0.8810230487096775,0,3
2022-12-24 22:00:00,donor,6,37,37,0,0.78495883,0,0
2022-12-24 22:00:00,receiver,31,101,71,30,0.9123129119354838,0,4
2022-12-24 23:00:00,donor,3,19,19,0,0.8524320366666668,0,0
2022-12-24 23:00:00,receiver,32,109,70,39,0.919390666875,0,3
2022-12-25 00:00:00,donor,5,27,27,0,0.830984538,0,1
2022-12-25 00:00:00,receiver,28,78,58,20,0.9187354603571428,0,2
2022-12-25 01:00:00,donor,4,24,24,0,0.88764533,0,0
2022-12-25 01:00:00,receiver,33,106,65,41,0.9040954354545454,0,4
2022-12-25 02:00:00,donor,3,19,19,0,0.9342911333333334,0,0
2022-12-25 02:00:00,receiver,32,102,59,43,0.936283354375,0,3
2022-12-25 03:00:00,donor,3,20,20,0,0.9438788933333333,0,0
2022-12-25 03:00:00,receiver,29,82,55,27,0.9387252813793103,0,3
2022-12-25 04:00:00,donor,3,20,20,0,0.9554830366666667,0,0
2022-12-25 04:00:00,receiver,26,63,46,17,0.9562413576923077,0,2
2022-12-25 05:00:00,donor,3,19,19,0,0.9531760333333333,0,0
2022-12-25 05:00:00,receiver,25,57,44,13,0.9631822436,0,2
2022-12-25 06:00:00,donor,4,27,27,0,0.8795677525,0,0
2022-12-25 06:00:00,receiver,28,73,53,20,0.9248192867857143,0,1
2022-12-25 07:00:00,donor,4,27,27,0,0.8643407425,0,0
2022-12-25 07:00:00,receiver,27,72,40,32,0.9389565807407407,0,1
2022-12-25 08:00:00,donor,3,19,19,0,0.8260270333333333,3,0
2022-12-25 08:00:00,receiver,28,83,42,41,0.920620707142857,28,2
2022-12-25 09:00:00,donor,4,26,26,0,0.8624722650000001,0,0
2022-12-25 09:00:00,receiver,26,75,47,28,0.9081358484615384,0,1
2022-12-25 10:00:00,donor,2,13,13,0,0.7730727850000001,0,0
2022-12-25 10:00:00,receiver,27,82,41,41,0.9103810525925925,0,1
2022-12-25 11:00:00,donor,1,7,7,0,0.9038602,0,0
2022-12-25 11:00:00,receiver,25,68,35,33,0.9167986236,0,1
2022-12-25 12:00:00,donor,1,6,6,0,0.6556764,0,0
2022-12-25 12:00:00,receiver,26,74,26,48,0.8967480203846154,0,1
2022-12-25 13:00:00,receiver,24,61,34,27,0.8811063441666667,0,1
2022-12-25 14:00:00,receiver,27,83,43,40,0.8965117455555556,0,1
2022-12-25 15:00:00,donor,2,15,15,0,0.8763427500000001,0,0
2022-12-25 15:00:00,receiver,26,74,45,29,0.8832059811538462,0,2
2022-12-25 16:00:00,receiver,20,37,31,6,0.9168294665,0,1
2022-12-25 17:00:00,donor,1,6,6,0,0.8529215,0,0
2022-12-25 17:00:00,receiver,21,42,31,11,0.9134878357142858,0,1
2022-12-25 18:00:00,donor,2,12,12,0,0.69195883,2,0
2022-12-25 18:00:00,receiver,21,44,29,15,0.9250637704761905,21,1
2022-12-25 19:00:00,donor,2,11,11,0,0.66051105,2,1
2022-12-25 19:00:00,receiver,23,53,31,22,0.9080786526086956,23,1
2022-12-25 20:00:00,donor,2,12,12,0,0.6735218000000001,0,0
2022-12-25 20:00:00,receiver,25,66,36,30,0.8896297676,0,1
2022-12-25 21:00:00,receiver,25,66,35,31,0.9071398312,0,2
2022-12-25 22:00:00,receiver,24,60,34,26,0.91031897125,0,3
2022-12-25 23:00:00,donor,1,5,5,0,0.83103365,0,0
2022-12-25 23:00:00,receiver,25,68,31,37,0.899492824,0,1
2022-12-26 00:00:00,receiver,22,47,27,20,0.9187373827272727,0,1
2022-12-26 01:00:00,receiver,23,53,28,25,0.9424747939130435,0,1
2022-12-26 02:00:00,receiver,19,30,16,14,0.9685675131578947,0,0
2022-12-26 03:00:00,receiver,21,42,20,22,0.9720608342857143,0,1
2022-12-26 04:00:00,receiver,21,42,19,23,0.9710746961904761,0,2
2022-12-26 05:00:00,receiver,22,47,22,25,0.9654833586363636,0,2
2022-12-26 06:00:00,receiver,23,52,25,27,0.9336968443478261,0,2
2022-12-26 07:00:00,receiver,24,59,25,34,0.9148774804166666,0,2
2022-12-26 08:00:00,receiver,22,46,19,27,0.9317022836363636,22,1
2022-12-26 09:00:00,receiver,21,40,15,25,0.9153703038095238,0,2
2022-12-26 10:00:00,receiver,24,60,16,44,0.8912805966666667,0,2
2022-12-26 11:00:00,donor,1,5,5,0,0.70012385,0,0
2022-12-26 11:00:00,receiver,24,60,22,38,0.8985785075,0,3
2022-12-26 12:00:00,donor,1,5,5,0,0.70399994,0,0
2022-12-26 12:00:00,receiver,25,67,26,41,0.8782310008,0,2
2022-12-26 13:00:00,donor,3,17,17,0,0.6494168033333333,0,0
2022-12-26 13:00:00,receiver,25,66,37,29,0.8735494540000001,0,2
2022-12-26 14:00:00,donor,1,6,6,0,0.5149438,0,0
2022-12-26 14:00:00,receiver,21,38,34,4,0.919936148095238,0,2
2022-12-26 15:00:00,donor,2,11,11,0,0.6561721199999999,0,0
2022-12-26 15:00:00,receiver,20,31,31,0,0.9273770745000001,0,2
2022-12-26 16:00:00,donor,2,12,12,0,0.5902005699999999,0,1
2022-12-26 16:00:00,receiver,23,50,39,11,0.8939631786956521,0,2
2022-12-26 17:00:00,receiver,22,53,34,19,0.9095022450000001,0,2
2022-12-26 18:00:00,donor,2,10,10,0,0.58843922,2,0
2022-12-26 18:00:00,receiver,24,62,43,19,0.8762258012499999,24,2
2022-12-26 19:00:00,donor,1,6,6,0,0.63494486,1,0
2022-12-26 19:00:00,receiver,18,24,24,0,0.9436215800000001,18,3
2022-12-26 20:00:00,donor,2,12,12,0,0.67211822,0,0
2022-12-26 20:00:00,receiver,16,12,12,0,0.957243445625,0,0
2022-12-26 21:00:00,donor,3,18,18,0,0.6870745533333333,0,0
2022-12-26 21:00:00,receiver,18,26,20,6,0.94440319,0,1
2022-12-26 22:00:00,donor,2,12,12,0,0.7593908899999999,0,0
2022-12-26 22:00:00,receiver,21,41,33,8,0.8966172433333333,0,1
2022-12-26 23:00:00,donor,1,6,6,0,0.73994017,0,0
2022-12-26 23:00:00,receiver,18,28,21,7,0.9019123522222221,0,0
2022-12-27 00:00:00,donor,2,12,12,0,0.85794255,0,0
2022-12-27 00:00:00,receiver,17,57,39,18,0.9292132052941176,0,1
2022-12-27 01:00:00,donor,2,12,12,0,0.9172975999999999,0,1
2022-12-27 01:00:00,receiver,18,63,36,27,0.948543625,0,1
2022-12-27 02:00:00,donor,1,6,6,0,0.9346376,0,0
2022-12-27 02:00:00,receiver,18,61,32,29,0.9512143116666666,0,3
2022-12-27 03:00:00,donor,1,6,6,0,0.93439555,0,0
2022-12-27 03:00:00,receiver,20,73,38,35,0.953710448,0,3
2022-12-27 04:00:00,donor,1,6,6,0,0.9215866,0,0
2022-12-27 04:00:00,receiver,19,67,39,28,0.9626603078947369,0,2
2022-12-27 05:00:00,donor,3,19,19,0,0.9070615933333332,0,1
2022-12-27 05:00:00,receiver,20,72,43,29,0.950347837,0,2
2022-12-27 06:00:00,donor,1,6,6,0,0.64467794,0,0
2022-12-27 06:00:00,receiver,20,73,38,35,0.8998277925,0,3
2022-12-27 07:00:00,receiver,16,48,24,24,0.898160151875,0,2
2022-12-27 08:00:00,donor,2,10,10,0,0.5263790500000001,2,0
2022-12-27 08:00:00,receiver,17,58,30,28,0.8546703811764705,17,3
2022-12-27 09:00:00,donor,1,7,7,0,0.8930497,0,0
2022-12-27 09:00:00,receiver,13,34,24,10,0.9233968146153846,0,1
2022-12-27 10:00:00,donor,1,5,5,0,0.5226506,0,0
2022-12-27 10:00:00,receiver,16,54,36,18,0.8905925925,0,2
2022-12-27 11:00:00,donor,1,5,5,0,0.51798517,0,0
2022-12-27 11:00:00,receiver,19,69,51,18,0.8539467978947368,0,2
2022-12-27 12:00:00,donor,3,18,18,0,0.6231894433333333,0,0
2022-12-27 12:00:00,receiver,21,79,61,18,0.8437366404761905,0,2
2022-12-27 13:00:00,donor,2,12,12,0,0.71010445,0,0
2022-12-27 13:00:00,receiver,17,57,57,0,0.8569538947058823,0,3
2022-12-27 14:00:00,donor,1,6,6,0,0.71805716,0,0
2022-12-27 14:00:00,receiver,19,69,52,17,0.8030856089473685,0,2
2022-12-27 15:00:00,receiver,17,59,33,26,0.8641329858823529,0,1
2022-12-27 16:00:00,receiver,20,81,28,53,0.8221907424999999,0,2
2022-12-27 17:00:00,donor,1,6,6,0,0.7696774,0,0
2022-12-27 17:00:00,receiver,20,73,26,47,0.8043968570000001,0,1
2022-12-27 18:00:00,donor,3,19,19,0,0.6472722766666666,3,1
2022-12-27 18:00:00,receiver,20,77,41,36,0.873586346,20,3
2022-12-27 19:00:00,donor,4,24,24,0,0.698868175,4,1
2022-12-27 19:00:00,receiver,20,77,37,40,0.8689831939999999,20,3
2022-12-27 20:00:00,donor,7,40,40,0,0.6911094485714286,0,2
2022-12-27 20:00:00,receiver,30,140,67,73,0.8072867673333334,0,3
2022-12-27 21:00:00,donor,8,50,50,0,0.73313222875,0,1
2022-12-27 21:00:00,receiver,25,109,67,42,0.8642010492,0,2
2022-12-27 22:00:00,donor,3,21,21,0,0.8469873900000001,0,0
2022-12-27 22:00:00,receiver,27,115,52,63,0.8784103348148149,0,3
2022-12-27 23:00:00,donor,3,17,17,0,0.7783945533333334,0,1
2022-12-27 23:00:00,receiver,27,123,56,67,0.8767747751851852,0,2
2022-12-28 00:00:00,donor,6,38,33,5,0.8486809750000001,0,2
2022-12-28 00:00:00,receiver,26,109,69,40,0.9174592042307693,0,1
2022-12-28 01:00:00,donor,4,26,26,0,0.9410442625,0,2
2022-12-28 01:00:00,receiver,27,112,67,45,0.93985057,0,3
2022-12-28 02:00:00,donor,2,11,11,0,0.73192195,0,1
2022-12-28 02:00:00,receiver,27,114,65,49,0.9491922907407407,0,3
2022-12-28 03:00:00,donor,1,7,7,0,0.9578135,0,1
2022-12-28 03:00:00,receiver,25,101,64,37,0.9548445848,0,3
2022-12-28 04:00:00,donor,2,13,13,0,0.937978295,0,1
2022-12-28 04:00:00,receiver,24,91,59,32,0.9442026733333333,0,3
2022-12-28 05:00:00,donor,2,13,13,0,0.9165332500000001,0,1
2022-12-28 05:00:00,receiver,23,85,47,38,0.9340209369565217,0,3
2022-12-28 06:00:00,donor,2,12,12,0,0.731139005,0,0
2022-12-28 06:00:00,receiver,20,66,41,25,0.8968807845000001,0,2
2022-12-28 07:00:00,donor,2,12,12,0,0.773272,0,1
2022-12-28 07:00:00,receiver,17,49,39,10,0.8369727017647058,0,0
2022-12-28 08:00:00,donor,1,6,6,0,0.71299195,1,1
2022-12-28 08:00:00,receiver,18,55,29,26,0.8497354927777778,18,0
2022-12-28 09:00:00,donor,1,5,5,0,0.7805092,0,1
2022-12-28 09:00:00,receiver,17,61,26,35,0.8649103035294118,0,0
2022-12-28 10:00:00,donor,1,6,6,0,0.80056125,0,0
2022-12-28 10:00:00,receiver,22,92,27,65,0.8287341859090909,0,2
2022-12-28 11:00:00,donor,1,7,7,0,0.87281376,0,0
2022-12-28 11:00:00,receiver,24,100,32,68,0.80389448375,0,0
2022-12-28 12:00:00,donor,1,7,7,0,0.8971928,0,0
2022-12-28 12:00:00,receiver,23,99,26,73,0.8157748469565217,0,1
2022-12-28 13:00:00,donor,1,6,6,0,0.5084412,0,0
2022-12-28 13:00:00,receiver,24,109,34,75,0.8099478545833333,0,0
2022-12-28 14:00:00,receiver,17,58,21,37,0.8533882305882353,0,3
2022-12-28 15:00:00,donor,1,6,6,0,0.66462916,0,0
2022-12-28 15:00:00,receiver,18,64,27,37,0.8349214194444445,0,2
2022-12-28 16:00:00,donor,2,10,10,0,0.56669444,0,0
2022-12-28 16:00:00,receiver,19,69,27,42,0.7871055852631579,0,2
2022-12-28 17:00:00,receiver,15,40,34,6,0.8357166166666666,0,2
2022-12-28 18:00:00,donor,3,18,18,0,0.6989227633333334,3,0
2022-12-28 18:00:00,receiver,22,88,46,42,0.800543099090909,22,1
2022-12-28 19:00:00,donor,2,11,11,0,0.71157715,2,1
2022-12-28 19:00:00,receiver,24,106,45,61,0.81015076,24,1
2022-12-28 20:00:00,donor,1,6,6,0,0.72723895,0,0
2022-12-28 20:00:00,receiver,23,99,48,51,0.8371120621739131,0,1
2022-12-28 21:00:00,donor,5,28,28,0,0.6682081280000001,0,0
2022-12-28 21:00:00,receiver,18,56,39,17,0.8871902466666666,0,2
2022-12-28 22:00:00,donor,5,27,27,0,0.696348438,0,0
2022-12-28 22:00:00,receiver,19,70,49,21,0.90687653,0,1
2022-12-28 23:00:00,donor,4,19,19,0,0.700900055,0,0
2022-12-28 23:00:00,receiver,16,51,35,16,0.913604925625,0,1
2022-12-29 00:00:00,donor,1,7,7,0,0.89989865,0,0
2022-12-29 00:00:00,receiver,20,77,33,44,0.9126524715000001,0,3
2022-12-29 01:00:00,donor,1,8,8,0,0.9258062,0,0
2022-12-29 01:00:00,receiver,24,101,30,71,0.9279012766666667,0,3
2022-12-29 02:00:00,donor,1,7,7,0,0.94058824,0,0
2022-12-29 02:00:00,receiver,27,120,31,89,0.9262541033333334,0,6
2022-12-29 03:00:00,donor,2,14,14,0,0.9279565000000001,0,0
2022-12-29 03:00:00,receiver,26,113,27,86,0.9470210211538461,0,6
2022-12-29 04:00:00,donor,2,14,14,0,0.941437375,0,0
2022-12-29 04:00:00,receiver,24,102,32,70,0.9556174266666666,0,5
2022-12-29 05:00:00,donor,1,8,8,0,0.9695198,0,0
2022-12-29 05:00:00,receiver,26,113,34,79,0.9411874561538462,0,6
2022-12-29 06:00:00,donor,1,8,8,0,0.9082729,0,0
2022-12-29 06:00:00,receiver,23,94,26,68,0.8898437947826087,0,6
2022-12-29 07:00:00,receiver,20,74,21,53,0.8330970535000001,0,5
2022-12-29 08:00:00,receiver,19,61,20,41,0.8087683021052632,19,7
2022-12-29 09:00:00,donor,1,6,6,0,0.7509129,0,0
2022-12-29 09:00:00,receiver,16,51,27,24,0.848791296875,0,2
2022-12-29 10:00:00,receiver,16,51,25,26,0.8364321575,0,4
2022-12-29 11:00:00,receiver,15,46,29,17,0.8485308886666666,0,2
2022-12-29 12:00:00,receiver,16,54,31,23,0.86821885875,0,3
2022-12-29 13:00:00,receiver,17,57,28,29,0.8233549623529413,0,2
2022-12-29 14:00:00,receiver,13,31,29,2,0.8704882215384615,0,1
2022-12-29 15:00:00,donor,1,6,6,0,0.6693136,0,0
2022-12-29 15:00:00,receiver,17,51,29,22,0.8299643682352942,0,1
2022-12-29 16:00:00,receiver,16,50,21,29,0.824640275,0,0
2022-12-29 17:00:00,receiver,12,25,25,0,0.8857993775,0,1
2022-12-29 18:00:00,donor,1,6,6,0,0.60244864,1,0
2022-12-29 18:00:00,receiver,16,49,27,22,0.879328706875,16,4
2022-12-29 19:00:00,receiver,15,42,21,21,0.8636462733333333,15,4
2022-12-29 20:00:00,donor,1,6,6,0,0.7125815,0,1
2022-12-29 20:00:00,receiver,12,21,17,4,0.8850528808333333,0,2
2022-12-29 21:00:00,donor,2,10,10,0,0.61744745,0,2
2022-12-29 21:00:00,receiver,15,42,35,7,0.8706692666666667,0,2
2022-12-29 22:00:00,donor,2,13,13,0,0.861461925,0,1
2022-12-29 22:00:00,receiver,18,60,29,31,0.863121285,0,4
2022-12-29 23:00:00,donor,1,7,7,0,0.89267224,0,0
2022-12-29 23:00:00,receiver,16,48,25,23,0.90833850875,0,4
2022-12-30 00:00:00,donor,1,4,4,0,0.58215326,0,0
2022-12-30 00:00:00,receiver,15,45,27,18,0.9504414186666666,0,4
2022-12-30 01:00:00,receiver,19,65,37,28,0.9500201805263158,0,3
2022-12-30 02:00:00,donor,1,5,5,0,0.85660046,0,0
2022-12-30 02:00:00,receiver,23,87,40,47,0.9328878226086957,0,4
2022-12-30 03:00:00,donor,1,6,6,0,0.9412902,0,0
2022-12-30 03:00:00,receiver,24,93,59,34,0.9393016758333333,0,4
2022-12-30 04:00:00,donor,1,5,5,0,0.8607112,0,0
2022-12-30 04:00:00,receiver,24,91,59,32,0.9461902125,0,5
2022-12-30 05:00:00,donor,1,5,5,0,0.7545609,0,0
2022-12-30 05:00:00,receiver,25,98,53,45,0.945500212,0,5
2022-12-30 06:00:00,donor,1,6,6,0,0.86237395,0,0
2022-12-30 06:00:00,receiver,25,104,57,47,0.8700496936000001,0,6
2022-12-30 07:00:00,donor,1,6,6,0,0.78566736,0,0
2022-12-30 07:00:00,receiver,28,97,47,50,0.8539878317857142,0,6
2022-12-30 08:00:00,donor,1,6,6,0,0.7349851,1,0
2022-12-30 08:00:00,receiver,24,67,51,16,0.8666718220833333,24,3
2022-12-30 09:00:00,donor,1,6,6,0,0.71455896,0,0
2022-12-30 09:00:00,receiver,26,78,36,42,0.8821521334615384,0,4
2022-12-30 10:00:00,donor,1,5,5,0,0.597936,0,0
2022-12-30 10:00:00,receiver,25,75,34,41,0.9096834648,0,3
2022-12-30 11:00:00,donor,1,6,6,0,0.78124493,0,0
2022-12-30 11:00:00,receiver,24,67,47,20,0.9096297633333333,0,2
2022-12-30 12:00:00,donor,4,25,25,0,0.742359235,0,0
2022-12-30 12:00:00,receiver,32,115,51,64,0.8461063415625,0,4
2022-12-30 13:00:00,donor,4,24,24,0,0.7340026975,0,0
2022-12-30 13:00:00,receiver,31,108,66,42,0.836637686451613,0,2
2022-12-30 14:00:00,donor,3,18,18,0,0.6571608566666667,0,1
2022-12-30 14:00:00,receiver,25,71,53,18,0.871792128,0,2
2022-12-30 15:00:00,donor,1,6,6,0,0.788531,0,0
2022-12-30 15:00:00,receiver,28,86,44,42,0.8528943728571429,0,7
2022-12-30 16:00:00,receiver,20,44,21,23,0.9339862265000001,0,3
2022-12-30 17:00:00,donor,2,14,14,0,0.8306237999999999,0,0
2022-12-30 17:00:00,receiver,27,83,57,26,0.8490419318518518,0,2
2022-12-30 18:00:00,donor,6,38,38,0,0.6935233233333333,6,0
2022-12-30 18:00:00,receiver,26,78,61,17,0.8823730207692309,26,2
2022-12-30 19:00:00,donor,5,32,32,0,0.69319157,5,0
2022-12-30 19:00:00,receiver,22,51,43,8,0.9200097640909092,22,2
2022-12-30 20:00:00,donor,3,18,18,0,0.6720951533333333,0,0
2022-12-30 20:00:00,receiver,22,51,51,0,0.9136812827272728,0,1
2022-12-30 21:00:00,donor,4,26,26,0,0.6969950475,0,1
2022-12-30 21:00:00,receiver,27,83,69,14,0.8951273144444444,0,2
2022-12-30 22:00:00,donor,4,26,26,0,0.771356575,0,1
2022-12-30 22:00:00,receiver,25,70,68,2,0.9077678763999999,0,1
2022-12-30 23:00:00,donor,5,32,32,0,0.7646481740000001,0,1
2022-12-30 23:00:00,receiver,29,88,75,13,0.905489501724138,0,3
2022-12-31 00:00:00,donor,5,31,31,0,0.857562072,0,0
2022-12-31 00:00:00,receiver,29,84,62,22,0.9200600751724138,0,3
2022-12-31 01:00:00,donor,5,31,31,0,0.9249205939999999,0,0
2022-12-31 01:00:00,receiver,33,95,78,17,0.9283849221212122,0,5
2022-12-31 02:00:00,donor,5,32,32,0,0.86986167,0,0
2022-12-31 02:00:00,receiver,33,90,82,8,0.9321298575757576,0,5
2022-12-31 03:00:00,donor,4,25,25,0,0.9387362100000001,0,0
2022-12-31 03:00:00,receiver,34,97,79,18,0.9366795805882353,0,5
2022-12-31 04:00:00,donor,9,53,53,0,0.8268485977777777,0,0
2022-12-31 04:00:00,receiver,39,131,87,44,0.9439355638461538,0,7
2022-12-31 05:00:00,donor,11,68,68,0,0.8681517672727274,0,0
2022-12-31 05:00:00,receiver,42,146,96,50,0.9158944864285714,0,9
2022-12-31 06:00:00,donor,10,65,65,0,0.833024229,0,0
2022-12-31 06:00:00,receiver,41,136,101,35,0.9340802553658537,0,9
2022-12-31 07:00:00,donor,8,54,54,0,0.8434567737499999,0,0
2022-12-31 07:00:00,receiver,44,149,101,48,0.9125034079545454,0,10
2022-12-31 08:00:00,donor,9,59,59,0,0.7272237144444444,9,0
2022-12-31 08:00:00,receiver,45,146,109,37,0.8886655715555556,45,8
2022-12-31 09:00:00,donor,7,47,47,0,0.7804325,0,0
2022-12-31 09:00:00,receiver,41,120,75,45,0.869806406097561,0,7
2022-12-31 10:00:00,donor,4,25,25,0,0.794167885,0,0
2022-12-31 10:00:00,receiver,36,85,54,31,0.8927218572222222,0,4
2022-12-31 11:00:00,donor,3,19,19,0,0.7280500666666666,0,0
2022-12-31 11:00:00,receiver,33,73,50,23,0.9127340454545455,0,3
2022-12-31 12:00:00,donor,4,25,25,0,0.720297675,0,0
2022-12-31 12:00:00,receiver,41,125,62,63,0.8742144956097562,0,3
2022-12-31 13:00:00,donor,3,18,18,0,0.6294260666666666,0,0
2022-12-31 13:00:00,receiver,37,96,58,38,0.8745927627027026,0,3
2022-12-31 14:00:00,donor,2,14,14,0,0.8215186,0,0
2022-12-31 14:00:00,receiver,33,66,49,17,0.8886906860606061,0,2
2022-12-31 15:00:00,donor,3,21,21,0,0.82619297,0,0
2022-12-31 15:00:00,receiver,32,64,55,9,0.9061655459375,0,2
2022-12-31 16:00:00,donor,2,14,14,0,0.79647048,0,0
2022-12-31 16:00:00,receiver,34,78,63,15,0.9025107670588236,0,2
2022-12-31 17:00:00,donor,4,24,24,0,0.742747225,0,0
2022-12-31 17:00:00,receiver,38,103,69,34,0.8602359194736842,0,3
2022-12-31 18:00:00,donor,3,21,21,0,0.7942203499999999,3,0
2022-12-31 18:00:00,receiver,40,112,71,41,0.8588365250000001,40,3
2022-12-31 19:00:00,donor,4,26,26,0,0.805784505,4,0
2022-12-31 19:00:00,receiver,43,139,86,53,0.8677915155813953,43,4
2022-12-31 20:00:00,donor,3,19,19,0,0.7608274899999999,0,0
2022-12-31 20:00:00,receiver,42,129,82,47,0.8641194559523809,0,5
2022-12-31 21:00:00,donor,6,37,37,0,0.7797842266666667,0,0
2022-12-31 21:00:00,receiver,46,158,90,68,0.8830041191304348,0,5
2022-12-31 22:00:00,donor,5,32,32,0,0.822675544,0,0
2022-12-31 22:00:00,receiver,43,140,89,51,0.9050256774418605,0,5
